Date,AAPL,ABBV,ADM,AGCO,AMD,AMZN,ASML,AVAV,AVGO,BA,BAC,BE,BG,BIIB,BLK,BYDDF,C,CAT,CF,CMI,DB,DE,ENPH,FSLR,GD,GILD,GOOGL,GS,HII,HSBC,INTC,ISRG,JNJ,JPM,LHX,LLY,LMT,META,MOS,MRK,MSFT,NEE,NFLX,NIO,NOC,NTR,NVDA,ORCL,PFE,PLUG,QCOM,REGN,RTX,RUN,SCHW,SEDG,SMG,TITN,TSLA,TSM,TXT,UBS,UNH,VRTX,WFC
2018-01-02,40.30418395996094,68.77315521240234,31.407625198364258,58.473087310791016,10.979999542236328,59.45050048828125,163.68588256835938,54.849998474121094,21.0866641998291,282.88641357421875,24.637496948242188,,52.96641159057617,334.1700134277344,414.35723876953125,2.8583130836486816,56.57959747314453,131.2938690185547,35.07304382324219,143.11846923828125,16.866777420043945,139.83761596679688,2.5999999046325684,70.43000030517578,165.74349975585938,54.54402160644531,53.22063064575195,213.14425659179688,192.7000732421875,32.57631301879883,39.330379486083984,125.08333587646484,110.76416778564453,85.90127563476562,121.71072387695312,75.02671813964844,255.92567443847656,180.00743103027344,23.238758087158203,41.593502044677734,78.870361328125,31.563587188720703,20.10700035095215,,267.0560607910156,41.626644134521484,4.928266525268555,41.10762023925781,23.83041763305664,2.4200000762939453,52.61402893066406,380.0325927734375,66.64505004882812,5.920000076293945,46.00039291381836,38.04999923706055,81.99732208251953,21.670000076293945,21.368667602539062,33.753231048583984,56.68741989135742,14.050142288208008,193.09048461914062,152.91000366210938,48.65332794189453
2018-01-03,40.29715347290039,69.84935760498047,31.164766311645508,58.79145050048828,11.550000190734863,60.209999084472656,164.92921447753906,54.66999816894531,21.317264556884766,283.80126953125,24.555103302001953,,54.10381317138672,339.8500061035156,418.7289733886719,2.9577603340148926,56.75459671020508,131.49456787109375,35.081172943115234,144.69468688964844,16.71844482421875,140.474853515625,2.5799999237060547,69.80000305175781,166.77688598632812,54.95625305175781,54.128631591796875,211.16012573242188,193.8663330078125,32.414710998535156,37.99557876586914,127.94000244140625,111.82223510742188,85.98882293701172,122.35323333740234,75.43428039550781,258.0709533691406,183.23211669921875,23.02947998046875,41.53430938720703,79.23741149902344,30.894033432006836,20.5049991607666,,268.28961181640625,42.090431213378906,5.2526140213012695,42.05970764160156,24.006988525390625,2.4200000762939453,53.21118927001953,391.1375732421875,67.6227035522461,6.050000190734863,46.071929931640625,39.04999923706055,82.14093017578125,21.739999771118164,21.149999618530273,34.32100296020508,57.01390075683594,14.27038860321045,195.1160430908203,152.00999450683594,49.02764129638672
2018-01-04,40.48434066772461,69.45101928710938,31.689659118652344,58.82411193847656,12.119999885559082,60.47949981689453,166.46725463867188,53.63999938964844,21.324373245239258,282.7243957519531,24.876453399658203,,54.8984260559082,339.989990234375,424.25677490234375,2.9128494262695312,57.45463180541992,133.3004150390625,35.447025299072266,146.90948486328125,17.25071144104004,141.28021240234375,2.5,69.13999938964844,169.64549255371094,54.39682388305664,54.33888244628906,214.11131286621094,196.62994384765625,32.48307418823242,37.29881286621094,125.63999938964844,111.81431579589844,87.22064971923828,122.01911163330078,75.77094268798828,262.497802734375,182.89474487304688,23.387001037597656,42.20756149291992,79.93482208251953,30.735275268554688,20.562999725341797,,269.9519958496094,42.23488235473633,5.280303001403809,42.47405242919922,24.059303283691406,2.4000000953674316,53.283809661865234,380.3802795410156,67.83587646484375,6.059999942779541,46.33126449584961,37.349998474121094,80.25862884521484,23.559999465942383,20.974666595458984,34.139976501464844,56.96442794799805,14.3919038772583,195.96292114257812,153.07000732421875,49.64088821411133
2018-01-05,40.94526290893555,70.66001892089844,31.478132247924805,59.21595764160156,11.880000114440918,61.457000732421875,168.41969299316406,53.400001525878906,21.45073127746582,294.32232666015625,24.99181365966797,,54.485538482666016,342.489990234375,427.8714599609375,2.890393018722534,57.3785285949707,135.4072265625,35.50394058227539,146.67501831054688,16.186174392700195,141.88204956054688,2.4700000286102295,69.16999816894531,169.22384643554688,54.853187561035156,55.05943298339844,213.01925659179688,197.55113220214844,32.4271240234375,37.55904769897461,126.336669921875,112.73714447021484,86.66070556640625,123.14141082763672,76.70125579833984,264.8759460449219,185.39512634277344,23.421884536743164,42.16316223144531,80.92584991455078,30.87570571899414,20.999000549316406,,269.6632080078125,42.371726989746094,5.325048923492432,42.72972106933594,24.10507583618164,2.359999895095825,53.63887023925781,382.5158386230469,68.4183120727539,6.010000228881836,46.51011657714844,37.900001525878906,81.37743377685547,23.059999465942383,21.10533332824707,34.93812942504883,57.87458419799805,14.27038860321045,199.69967651367188,155.69000244140625,49.97538757324219
2018-01-08,40.79317855834961,69.52788543701172,31.407625198364258,59.64858627319336,12.279999732971191,62.34349822998047,169.30384826660156,53.5,21.502065658569336,295.57073974609375,24.818777084350586,,53.69871139526367,329.6499938964844,431.062744140625,2.8968093395233154,56.70895004272461,138.81004333496094,34.73158645629883,147.20846557617188,15.96803092956543,142.58116149902344,2.4100000858306885,69.62000274658203,169.22384643554688,54.76485061645508,55.25382995605469,209.92628479003906,199.48648071289062,32.16606903076172,37.55904769897461,130.6199951171875,112.88031005859375,86.7887191772461,125.42021942138672,76.31141662597656,263.6547546386719,186.81398010253906,22.92483901977539,41.91902542114258,81.00846099853516,31.13010025024414,21.204999923706055,,269.6982421875,40.93476104736328,5.488211154937744,43.17930603027344,23.836950302124023,2.3299999237060547,53.477474212646484,370.0202331542969,69.06831359863281,6.050000190734863,46.71580123901367,38.349998474121094,82.48111724853516,23.6200008392334,22.42733383178711,34.92167282104492,57.7261962890625,14.338740348815918,196.23355102539062,156.88999938964844,49.4099235534668
2018-01-09,40.78849411010742,70.0520248413086,31.509479522705078,60.26084899902344,11.819999694824219,62.6349983215332,168.39208984375,53.779998779296875,21.20433235168457,303.46148681640625,24.94237518310547,,54.24402618408203,336.3599853515625,434.685546875,2.8936009407043457,57.30244064331055,139.14447021484375,34.52833557128906,147.0791473388672,15.819695472717285,146.5547637939453,2.380000114440918,70.0199966430664,170.1993408203125,57.48834991455078,55.183406829833984,211.70201110839844,202.15716552734375,32.414710998535156,36.618804931640625,132.53334045410156,114.67031860351562,87.22862243652344,124.7519760131836,76.24940490722656,265.5428161621094,186.4071807861328,22.767885208129883,42.02260208129883,80.95338439941406,30.902158737182617,20.930999755859375,,271.5617980957031,40.052818298339844,5.486729145050049,43.41826248168945,23.810792922973633,2.319999933242798,52.67050552368164,366.17620849609375,69.82235717773438,6.010000228881836,47.69947814941406,37.20000076293945,81.83102416992188,23.229999542236328,22.246000289916992,34.707733154296875,57.825130462646484,14.376713752746582,197.21136474609375,156.00999450683594,49.58512878417969
2018-01-10,40.77912521362305,69.66765594482422,31.266605377197266,58.9710578918457,11.960000038146973,62.71649932861328,166.43038940429688,52.86000061035156,20.756553649902344,305.2055358886719,25.173091888427734,,54.05706787109375,336.7200012207031,432.7561340332031,2.829441547393799,57.5611572265625,138.67623901367188,34.4876823425293,145.94754028320312,16.142547607421875,145.970703125,2.259999990463257,69.63999938964844,169.26519775390625,57.93739700317383,55.0519905090332,212.0271453857422,200.57675170898438,33.51486587524414,35.67858123779297,141.25332641601562,114.5350570678711,88.18852233886719,124.34932708740234,76.28484344482422,265.9765625,186.3773956298828,22.593482971191406,42.39251708984375,80.58634185791016,30.64776611328125,21.25200080871582,,269.1295166015625,39.45977783203125,5.529744625091553,43.18815994262695,23.850034713745117,2.3399999141693115,52.66244888305664,364.00091552734375,70.1499252319336,6.019999980926514,47.896217346191406,36.599998474121094,81.91416931152344,23.020000457763672,22.31999969482422,33.98362731933594,57.77566146850586,14.445066452026367,195.74461364746094,157.3800048828125,50.27006149291992
2018-01-11,41.01076889038086,69.87178039550781,31.77583885192871,59.68941879272461,12.140000343322754,63.83399963378906,164.44110107421875,52.900001525878906,20.809465408325195,312.6960144042969,25.26373291015625,,54.875064849853516,333.07000732421875,437.9257507324219,2.8454816341400146,57.49266815185547,141.46034240722656,35.544586181640625,148.64724731445312,16.194900512695312,148.2008514404297,2.4000000953674316,76.2699966430664,169.89344787597656,58.195011138916016,55.1467170715332,212.69412231445312,202.21630859375,33.75107192993164,36.44252014160156,140.4566650390625,115.1874008178711,88.66045379638672,124.47785949707031,76.54175567626953,266.04095458984375,186.30795288085938,23.604999542236328,42.61447525024414,80.82493591308594,30.62944793701172,21.724000930786133,,270.8268737792969,40.486183166503906,5.539633274078369,43.3209228515625,23.908893585205078,2.4000000953674316,52.79962158203125,365.7888488769531,70.19676208496094,6.300000190734863,48.44169616699219,37.5,82.75326538085938,23.639999389648438,22.530000686645508,33.76146697998047,58.458290100097656,14.657716751098633,196.7836151123047,158.39999389648438,50.18244552612305
2018-01-12,41.434261322021484,70.62491607666016,31.72882652282715,60.497562408447266,12.020000457763672,65.26000213623047,166.57774353027344,54.06999969482422,20.871856689453125,320.4057312011719,25.70045280456543,,54.32973861694336,335.95001220703125,452.26220703125,2.9385125637054443,58.46659469604492,142.3800048828125,35.38199234008789,148.8735809326172,16.317058563232422,149.82920837402344,2.240000009536743,73.41000366210938,174.09307861328125,58.16556930541992,56.069095611572266,214.27801513671875,209.11265563964844,34.080509185791016,36.29981231689453,139.67999267578125,115.95913696289062,90.124267578125,126.11412811279297,77.06452178955078,270.1545104980469,177.97335815429688,23.73579978942871,43.398685455322266,82.21971893310547,30.592819213867188,22.12299919128418,,275.7263488769531,40.62303924560547,5.512440204620361,43.81651306152344,23.895814895629883,2.3499999046325684,52.759281158447266,364.49755859375,71.02356719970703,6.360000133514404,49.53269958496094,36.29999923706055,81.64958190917969,23.75,22.4146671295166,33.893123626708984,59.50695037841797,14.877960205078125,199.62110900878906,157.92999267578125,49.816097259521484
2018-01-16,41.22368240356445,72.13822174072266,31.94818687438965,59.297603607177734,11.90999984741211,65.24299621582031,171.65237426757812,52.40999984741211,20.78973388671875,319.4051208496094,25.741653442382812,,54.67249298095703,338.8500061035156,458.34356689453125,2.8454816341400146,58.67203903198242,141.5523223876953,33.09745407104492,147.55606079101562,16.15127182006836,148.2716522216797,2.0899999141693115,71.22000122070312,170.5713653564453,59.07097625732422,56.07156753540039,215.4701690673828,198.73435974121094,34.1240119934082,36.21584701538086,140.02333068847656,116.83422088623047,89.80430603027344,124.8804931640625,75.5671615600586,265.22137451171875,177.00100708007812,22.392925262451172,45.921531677246094,81.07266235351562,30.637592315673828,22.152999877929688,,273.4429016113281,40.33412551879883,5.441489219665527,43.88730239868164,23.935049057006836,2.2799999713897705,55.07526397705078,367.7257385253906,69.66634368896484,6.059999942779541,49.65789794921875,35.650001525878906,80.12257385253906,23.350000381469727,22.67066764831543,34.74888610839844,58.15158462524414,14.748851776123047,203.34042358398438,155.7100067138672,49.77627182006836
2018-01-17,41.90454864501953,73.45442962646484,32.0500373840332,59.60777282714844,12.180000305175781,64.75,183.44091796875,53.41999816894531,20.991893768310547,334.5100402832031,25.692214965820312,,54.88285827636719,344.8699951171875,469.3421936035156,2.9288885593414307,58.945953369140625,140.87503051757812,32.16250228881836,148.4775390625,16.159997940063477,148.17428588867188,2.0999999046325684,72.0,172.38182067871094,60.16770935058594,56.48812484741211,211.46023559570312,200.5006866455078,34.57154083251953,37.26522445678711,143.6999969482422,116.92967224121094,90.38023376464844,126.456787109375,76.38227844238281,269.0377197265625,176.21713256835938,22.27084732055664,45.89193344116211,82.71522521972656,30.910303115844727,21.75,,277.79119873046875,40.15165710449219,5.555454254150391,44.48910140991211,24.314353942871094,2.309999942779541,54.8896598815918,371.55987548828125,69.90034484863281,6.090000152587891,50.158668518066406,36.5,80.48541259765625,22.670000076293945,23.143999099731445,35.48944854736328,58.537418365478516,14.794422149658203,208.16854858398438,156.99000549316406,50.87533187866211
2018-01-18,41.94197082519531,73.06731414794922,31.713163375854492,60.07308578491211,12.470000267028809,64.66600036621094,187.29063415527344,52.709999084472656,21.30699920654297,324.1700439453125,25.939409255981445,,54.25181198120117,344.44000244140625,471.5484313964844,2.877561092376709,58.88507080078125,141.15098571777344,32.58525085449219,148.50180053710938,16.168724060058594,148.59027099609375,1.940000057220459,71.08999633789062,172.4813995361328,59.74815368652344,56.33291244506836,209.22598266601562,200.19647216796875,34.42858123779297,37.34078598022461,144.02333068847656,116.88194274902344,90.59620666503906,124.85478210449219,76.0367431640625,267.5433654785156,178.39999389648438,22.86379623413086,45.22609329223633,82.67854309082031,30.686431884765625,22.033000946044922,,274.9826354980469,40.44057083129883,5.548532009124756,44.453712463378906,24.190088272094727,2.2699999809265137,54.913875579833984,368.7885437011719,69.9991455078125,5.920000076293945,49.479042053222656,35.70000076293945,80.946533203125,22.440000534057617,22.971332550048828,36.67435836791992,58.18128204345703,15.075423240661621,212.2982635498047,157.19000244140625,50.93109130859375
2018-01-19,41.75480651855469,73.6514892578125,32.089202880859375,60.22002410888672,12.59000015258789,64.72899627685547,189.27993774414062,53.599998474121094,21.03769874572754,321.8542785644531,26.137165069580078,,60.42177963256836,342.4100036621094,480.5362548828125,2.9000167846679688,59.57749938964844,143.1331787109375,32.837284088134766,152.8342742919922,16.386865615844727,150.73194885253906,1.9500000476837158,70.02999877929688,173.5604705810547,59.60830307006836,56.706321716308594,213.5194091796875,204.62496948242188,34.40992736816406,37.6262092590332,144.41000366210938,117.23199462890625,90.396240234375,124.98330688476562,75.74437713623047,266.73992919921875,179.87840270996094,23.13412094116211,45.33705520629883,82.58676147460938,30.560245513916016,22.04599952697754,,276.79376220703125,40.29610824584961,5.6887054443359375,44.763465881347656,24.157400131225586,2.2699999809265137,54.90580368041992,369.0368957519531,70.66999053955078,5.940000057220459,49.613162994384766,35.20000076293945,80.34180450439453,22.639999389648438,23.334667205810547,36.756629943847656,58.27031707763672,15.310856819152832,212.46412658691406,157.97000122070312,51.14611053466797
2018-01-22,41.4132080078125,74.95362854003906,33.491546630859375,59.591461181640625,12.649999618530273,66.3655014038086,189.29833984375,53.06999969482422,20.699697494506836,322.1116027832031,26.318452835083008,,63.96636962890625,347.6400146484375,482.9786682128906,3.111743927001953,59.79814910888672,143.53636169433594,33.203125,153.23843383789062,16.919132232666016,150.7850341796875,1.9700000286102295,68.95999908447266,172.8134307861328,59.92484664916992,57.730857849121094,218.02122497558594,201.88670349121094,34.478302001953125,38.406944274902344,144.64666748046875,117.85252380371094,91.45207977294922,122.67022705078125,75.7000732421875,264.32965087890625,183.92662048339844,23.247482299804688,45.31486892700195,84.06417083740234,30.53177261352539,22.757999420166016,,275.71759033203125,40.349327087402344,5.777210235595703,44.87852478027344,24.150861740112305,2.25,55.41419219970703,373.3378601074219,70.31114959716797,6.039999961853027,49.57740783691406,34.75,80.83314514160156,22.520000457763672,23.437332153320312,38.1636962890625,58.458290100097656,15.394401550292969,212.6474609375,161.91000366210938,51.55229187011719
2018-01-23,41.42257308959961,74.17232513427734,33.381858825683594,59.70573043823242,12.9399995803833,68.12699890136719,189.19703674316406,52.939998626708984,20.762083053588867,319.81488037109375,26.30196762084961,,62.766658782958984,346.75,480.06402587890625,3.1662795543670654,59.7677116394043,142.31005859375,33.577125549316406,152.3088836669922,16.98893928527832,149.26283264160156,2.059999942779541,68.4800033569336,172.21580505371094,59.586204528808594,58.32643127441406,216.82904052734375,198.64138793945312,34.47208786010742,38.66718292236328,146.51666259765625,112.83258056640625,91.35611724853516,122.001953125,74.79634857177734,264.0885925292969,187.87564086914062,23.80555534362793,45.64778518676758,84.33026885986328,31.08125877380371,25.02899932861328,,274.2652587890625,40.8131103515625,5.90625524520874,45.241371154785156,24.078920364379883,2.2100000381469727,55.147884368896484,379.1485900878906,70.73757934570312,6.409999847412109,49.470088958740234,35.650001525878906,80.78025817871094,21.8799991607666,23.519332885742188,38.08142852783203,58.46817398071289,15.523509979248047,214.08802795410156,166.5800018310547,51.361148834228516
2018-01-24,40.76275634765625,74.26384735107422,33.56205749511719,59.55881881713867,12.710000038146973,67.87550354003906,186.26834106445312,53.31999969482422,20.285079956054688,318.9571838378906,26.442049026489258,,62.345977783203125,346.5,478.4275207519531,3.127784252166748,60.45250701904297,141.39456176757812,33.853546142578125,152.2442626953125,17.224533081054688,150.09474182128906,2.0199999809265137,68.9800033569336,182.00193786621094,59.84384536743164,58.084434509277344,221.48931884765625,201.26133728027344,34.559112548828125,38.2054557800293,145.82666015625,113.02354431152344,92.5239486694336,122.5931396484375,74.69003295898438,265.5266418457031,185.0974578857422,23.718358993530273,45.2630729675293,84.2568359375,30.700679779052734,26.1299991607666,,274.24774169921875,40.752288818359375,5.829371452331543,45.53342819213867,24.150861740112305,2.2100000381469727,54.85738754272461,380.7477722167969,70.5555648803711,6.389999866485596,49.53269958496094,35.29999923706055,81.10530853271484,21.700000762939453,23.05933380126953,37.299713134765625,59.071651458740234,15.675402641296387,213.77371215820312,167.4499969482422,52.14961624145508
2018-01-25,40.03510284423828,76.22760772705078,33.60121536254883,59.338401794433594,12.40999984741211,68.89749908447266,184.9605255126953,53.47999954223633,19.52931022644043,326.9813537597656,26.442049026489258,,62.32259750366211,353.739990234375,468.5198669433594,3.0764565467834473,60.444889068603516,142.2597198486328,32.853546142578125,153.09295654296875,17.137277603149414,149.67880249023438,2.0899999141693115,70.44000244140625,188.02798461914062,59.76289749145508,58.62247848510742,224.28207397460938,203.88970947265625,34.26076126098633,38.02916717529297,149.93666076660156,114.87716674804688,92.5479507446289,123.76681518554688,75.319091796875,268.9252624511719,186.02020263671875,23.273639678955078,45.35186004638672,84.72483825683594,31.15654754638672,26.969999313354492,,284.3441162109375,40.33412551879883,5.842967987060547,45.66617965698242,24.3470458984375,2.119999885559082,54.405494689941406,389.2106018066406,71.63199615478516,6.329999923706055,48.45065689086914,36.400001525878906,81.35476684570312,21.600000381469727,22.50933265686035,37.110450744628906,59.88288116455078,15.660213470458984,214.0618438720703,166.24000549316406,52.28499984741211
2018-01-26,40.12869644165039,86.72208404541016,34.149627685546875,60.43226623535156,12.949999809265137,70.10250091552734,190.19168090820312,53.16999816894531,19.80571174621582,327.0862121582031,26.532690048217773,,63.72486877441406,367.9100036621094,477.71929931640625,3.098912000656128,60.931884765625,140.3194580078125,34.25190734863281,155.59869384765625,17.02384376525879,151.767333984375,2.140000104904175,70.55999755859375,187.78721618652344,62.90596389770508,58.89126205444336,223.5401153564453,209.39154052734375,34.447227478027344,42.04195785522461,146.74667358398438,115.61699676513672,93.04388427734375,125.20600891113281,77.15310668945312,277.104248046875,188.52059936523438,24.084592819213867,45.89933395385742,86.31236267089844,32.09274673461914,27.459999084472656,,293.5830993652344,41.056419372558594,6.015525817871094,46.68392562866211,25.511098861694336,2.0799999237060547,55.301212310791016,371.847900390625,71.75157928466797,6.329999923706055,48.531131744384766,36.75,81.62691497802734,22.110000610351562,22.856666564941406,37.620628356933594,60.20935821533203,15.86527156829834,216.9342803955078,169.2100067138672,52.50799560546875
2018-01-29,39.298091888427734,86.088623046875,33.77357864379883,60.007789611816406,13.319999694824219,70.88400268554688,187.89846801757812,52.810001373291016,19.385581970214844,324.799072265625,26.59861183166504,,62.99254608154297,358.4800109863281,467.64068603515625,3.0155041217803955,60.84056091308594,136.55653381347656,34.22752380371094,154.23263549804688,16.666088104248047,149.72303771972656,2.0299999713897705,68.3499984741211,187.17306518554688,65.36450958251953,58.83770751953125,227.1582489013672,209.3408660888672,34.02456283569336,41.958003997802734,145.44667053222656,114.30435943603516,92.94792175292969,126.09701538085938,77.61385345458984,282.34259033203125,184.53189086914062,24.15435791015625,45.59599304199219,86.1838607788086,31.68367576599121,28.458999633789062,,296.015380859375,40.820709228515625,6.102545261383057,45.96706771850586,25.517648696899414,2.0,54.32479476928711,380.31072998046875,71.07039642333984,6.659999847412109,48.33439254760742,37.099998474121094,81.01459503173828,22.100000381469727,23.302000045776367,37.3573112487793,60.56550216674805,15.591861724853516,216.0088348388672,167.13999938964844,52.42039108276367
2018-01-30,39.06645202636719,81.56282806396484,33.2800178527832,59.46086120605469,12.869999885559082,71.89099884033203,184.40792846679688,51.810001373291016,19.030982971191406,321.8352355957031,26.269014358520508,,62.283626556396484,352.5899963378906,457.76556396484375,2.9898409843444824,59.82096862792969,137.5476531982422,34.14622497558594,151.3551025390625,16.037839889526367,149.13009643554688,2.0299999713897705,67.08999633789062,186.16041564941406,64.25300598144531,58.38594055175781,224.20706176757812,206.88145446777344,33.68892288208008,40.95900344848633,142.6133270263672,113.30990600585938,92.07601928710938,133.91006469726562,76.27596282958984,281.51519775390625,185.6630401611328,23.70963478088379,44.8709602355957,85.10105895996094,31.565624237060547,27.8799991607666,,296.9952087402344,40.32651901245117,6.0004448890686035,45.09977340698242,24.719806671142578,1.9299999475479126,54.05848693847656,377.2215881347656,70.9819564819336,6.670000076293945,47.574275970458984,35.650001525878906,69.51667785644531,21.75,23.05466651916504,36.929439544677734,59.53662872314453,15.462752342224121,206.61447143554688,166.5399932861328,51.99032211303711
2018-01-31,39.17409133911133,78.98673248291016,33.64823532104492,59.28125762939453,13.739999771118164,72.54450225830078,186.92221069335938,51.36000061035156,19.587749481201172,337.71209716796875,26.367887496948242,,61.8785514831543,347.80999755859375,457.3666076660156,3.028336524963379,59.71446228027344,136.72454833984375,34.503944396972656,151.96133422851562,16.0029354095459,147.28045654296875,2.200000047683716,67.16999816894531,184.66636657714844,61.68406677246094,58.62644958496094,223.3316650390625,200.7542266845703,33.50865936279297,40.41333770751953,143.88999938964844,109.93681335449219,92.5239486694336,136.5401153564453,72.16490173339844,285.0983581542969,185.434814453125,23.80555534362793,43.835201263427734,87.18408203125,32.24131393432617,27.030000686645508,,297.9314270019531,39.794307708740234,6.0765886306762695,45.65732192993164,24.222795486450195,1.9299999475479126,55.07526397705078,364.1896057128906,71.76720428466797,6.329999923706055,47.69947814941406,35.900001525878906,68.23912811279297,21.489999771118164,23.62066650390625,37.28324890136719,58.04276657104492,15.432374000549316,206.72793579101562,166.8699951171875,52.388526916503906
2018-02-01,39.255977630615234,81.88660430908203,33.26435089111328,59.8608512878418,13.25,69.5,185.50390625,52.45000076293945,18.8580322265625,340.1612854003906,26.779884338378906,,62.0577278137207,346.0,460.12646484375,2.964176654815674,60.26230239868164,136.27099609375,33.796634674072266,152.90707397460938,16.2734317779541,148.54600524902344,2.1700000762939453,67.55000305175781,186.9322967529297,61.45587158203125,58.59520721435547,226.94984436035156,204.07565307617188,33.64541244506836,40.001991271972656,141.97332763671875,111.3926773071289,93.48381805419922,135.08370971679688,73.01548767089844,287.1311340332031,191.58651733398438,23.43060302734375,44.286502838134766,86.49585723876953,31.818002700805664,26.506999969482422,,299.9698791503906,39.18606948852539,5.945563316345215,45.692726135253906,24.30859375,1.9199999570846558,53.90517044067383,343.46966552734375,71.92841339111328,6.070000171661377,49.103450775146484,35.400001525878906,68.56415557861328,21.149999618530273,23.28333282470703,37.398460388183594,59.20026397705078,15.698185920715332,205.36602783203125,172.99000549316406,52.48468780517578
2018-02-02,37.55264663696289,81.06307983398438,32.457427978515625,59.68941879272461,12.449999809265137,71.49749755859375,179.1951904296875,49.779998779296875,18.596633911132812,332.50872802734375,26.326688766479492,,61.23195266723633,343.8299865722656,446.39251708984375,2.9160568714141846,58.84130859375,132.28128051757812,32.44704818725586,148.9786834716797,14.912222862243652,145.98838806152344,2.069999933242798,66.44000244140625,184.03553771972656,60.16037368774414,55.50128173828125,216.7873992919922,206.01943969726562,33.123294830322266,38.742740631103516,138.98666381835938,109.53106689453125,91.41210174560547,133.55880737304688,71.92570495605469,283.3388977050781,188.79840087890625,22.70684242248535,43.32472229003906,84.22013854980469,31.732524871826172,26.743000030517578,,294.6593933105469,37.9999885559082,5.77300500869751,44.3652229309082,24.16339111328125,1.940000057220459,53.31608963012695,345.5257263183594,69.9991455078125,5.820000171661377,47.69947814941406,34.57500076293945,68.39785766601562,20.020000457763672,22.916667938232422,36.624977111816406,58.428611755371094,15.295669555664062,202.44989013671875,166.24000549316406,51.33098602294922
2018-02-05,36.61442565917969,77.07929229736328,31.807167053222656,57.648616790771484,11.569999694824219,69.5,171.9285888671875,47.43000030517578,18.01380729675293,313.4202880859375,24.93413543701172,,63.01593780517578,328.30999755859375,427.3829345703125,2.83585786819458,55.97639465332031,126.89729309082031,31.056804656982422,144.69468688964844,14.301422119140625,138.9615936279297,2.299999952316284,63.5,175.3201446533203,57.68714141845703,52.68406677246094,207.67538452148438,193.20709228515625,32.06040954589844,37.37437057495117,133.00332641601562,103.73155975341797,87.02867126464844,126.96223449707031,68.6563491821289,270.3232727050781,179.84866333007812,21.60812759399414,41.72666931152344,80.75152587890625,31.400787353515625,25.426000595092773,,282.04315185546875,36.7150764465332,5.283022880554199,42.559818267822266,22.882951736450195,1.7999999523162842,49.81385040283203,329.7522888183594,66.16663360595703,5.610000133514404,45.86625289916992,34.79999923706055,66.53823852539062,19.3700008392334,22.208667755126953,35.34133529663086,56.054264068603516,14.543797492980957,192.09515380859375,155.13999938964844,46.596065521240234
2018-02-06,38.14460754394531,78.26879119873047,32.90397262573242,54.938419342041016,11.649999618530273,72.14199829101562,178.771484375,47.959999084472656,18.983600616455078,324.8847961425781,25.70869255065918,,64.30913543701172,332.8599853515625,435.72760009765625,2.8839776515960693,57.16055679321289,131.37411499023438,31.739728927612305,141.3159637451172,14.4148588180542,143.2626190185547,2.309999942779541,63.47999954223633,176.3494110107422,59.166656494140625,53.77703094482422,215.67027282714844,192.41270446777344,32.53901290893555,37.95753860473633,136.11000061035156,104.87712860107422,89.67633056640625,127.33918762207031,69.09935760498047,271.2310791015625,183.86709594726562,21.86100196838379,41.031219482421875,83.80722045898438,30.438138961791992,26.57200050354004,,286.5313720703125,35.627845764160156,5.576714992523193,43.71916198730469,23.285564422607422,1.840000033378601,51.96845626831055,336.52655029296875,67.50306701660156,5.550000190734863,47.27023696899414,34.5,67.37734985351562,19.399999618530273,22.264667510986328,35.86795425415039,56.48954391479492,14.589363098144531,196.60025024414062,159.27000427246094,45.89104080200195
2018-02-07,37.32802963256836,79.97211456298828,33.05282211303711,56.48944091796875,11.600000381469727,70.83899688720703,172.36146545410156,48.11000061035156,18.746679306030273,331.755859375,25.74989128112793,,63.36650848388672,326.8900146484375,433.3177490234375,2.819817543029785,57.29043197631836,129.63546752929688,32.09743881225586,139.6265869140625,14.039651870727539,142.87315368652344,2.5299999713897705,62.939998626708984,178.4161834716797,60.91852951049805,52.337928771972656,214.33636474609375,198.4554443359375,32.15986251831055,38.20265579223633,133.17666625976562,104.55094909667969,90.28426361083984,130.8944549560547,67.97415161132812,277.5301208496094,178.77703857421875,22.01795768737793,41.341941833496094,82.22887420654297,30.138957977294922,26.45599937438965,,295.4204406738281,35.58982467651367,5.656321048736572,43.250118255615234,23.08755874633789,1.9800000190734863,52.48491287231445,332.3646240234375,68.6263198852539,5.539999961853027,46.528011322021484,33.67499923706055,67.40757751464844,19.530000686645508,23.0,34.46088409423828,57.290897369384766,14.543797492980957,197.15899658203125,155.6699981689453,46.09934997558594
2018-02-08,36.300899505615234,76.35430908203125,32.394737243652344,55.26494598388672,11.220000267028809,67.5250015258789,165.6843719482422,46.0099983215332,18.12990379333496,315.7144470214844,24.50565528869629,,62.29145812988281,311.7900085449219,414.6910705566406,2.72678542137146,54.90684127807617,122.6220474243164,30.455181121826172,133.96035766601562,13.516109466552734,135.98794555664062,2.2799999713897705,60.689998626708984,171.02883911132812,57.57672119140625,49.97248458862305,205.3744659423828,190.46888732910156,31.606664657592773,36.131927490234375,127.29000091552734,100.52546691894531,86.29275512695312,128.3672332763672,65.75027465820312,268.5877685546875,170.24400329589844,21.04132843017578,40.491146087646484,78.0078125,29.569120407104492,25.010000228881836,,283.47796630859375,34.25168991088867,5.37746000289917,41.453556060791016,22.196531295776367,1.7200000286102295,50.370662689208984,320.4551086425781,66.29145050048828,5.329999923706055,43.813201904296875,32.25,66.61383819580078,18.59000015258789,21.01533317565918,33.21015167236328,54.94623565673828,14.050142288208008,188.98703002929688,151.60000610351562,44.38484191894531
2018-02-09,36.74491882324219,78.33917236328125,32.50443649291992,55.50168991088867,11.3100004196167,66.9800033569336,169.1565399169922,47.97999954223633,18.59821128845215,318.75030517578125,24.99181365966797,,62.90690612792969,316.7799987792969,424.5661926269531,2.6914985179901123,56.28961944580078,125.32658386230469,30.585256576538086,132.6024169921875,13.59464168548584,137.1118927001953,2.2899999618530273,61.220001220703125,176.05055236816406,58.386390686035156,51.884674072265625,207.83380126953125,194.6438446044922,31.94231414794922,37.14616775512695,130.97000122070312,103.04737091064453,88.02055358886719,131.09152221679688,67.53999328613281,274.3083801269531,174.73875427246094,21.233165740966797,40.5947151184082,80.91668701171875,30.141000747680664,24.94700050354004,,291.0721130371094,33.84112548828125,5.737407684326172,42.2412109375,22.546340942382812,1.7000000476837158,51.637596130371094,334.122802734375,65.01742553710938,5.369999885559082,44.90627670288086,32.20000076293945,67.37734985351562,18.8799991607666,20.69466781616211,34.12351989746094,55.708011627197266,14.126091003417969,192.9158477783203,152.9600067138672,44.96969223022461
2018-02-12,38.224952697753906,78.78260803222656,32.33207321166992,55.68128204345703,11.680000305175781,69.3115005493164,171.61549377441406,49.25,19.301076889038086,329.25628662109375,25.642776489257812,,62.0577278137207,316.6300048828125,427.71685791015625,2.871145248413086,57.11471939086914,127.9135971069336,31.251922607421875,133.9927215576172,13.969847679138184,140.89962768554688,2.6600000858306885,62.52000045776367,173.91734313964844,58.98998260498047,52.295780181884766,211.05174255371094,198.54844665527344,31.93609046936035,37.889930725097656,132.836669921875,103.63606262207031,89.38037109375,130.8944549560547,67.55769348144531,277.83526611328125,175.03639221191406,21.98307991027832,41.00902557373047,81.78843688964844,30.527690887451172,25.795000076293945,,295.22802734375,34.6318359375,5.637285232543945,42.6129150390625,22.87635040283203,1.75,52.985233306884766,340.3705749511719,66.23944091796875,6.0,45.64097213745117,34.5,68.23155212402344,18.809999465942383,21.048667907714844,34.995731353759766,56.93473815917969,14.209630012512207,197.0454864501953,152.00999450683594,45.26612854003906
2018-02-13,38.607887268066406,78.73332977294922,32.386905670166016,55.71392822265625,11.779999732971191,70.72550201416016,170.6024627685547,48.939998626708984,19.41637420654297,328.64337158203125,25.692214965820312,,61.94087600708008,316.989990234375,424.3708190917969,2.842273235321045,57.43559646606445,129.3247528076172,31.70720863342285,133.87957763671875,13.87386417388916,142.74929809570312,2.8499999046325684,64.22000122070312,175.80984497070312,59.46845245361328,52.27495193481445,213.0275421142578,200.68666076660156,32.12257385253906,37.57719421386719,134.0,103.38944244384766,89.93228912353516,131.09152221679688,67.52227020263672,281.38653564453125,171.80178833007812,21.98307991027832,40.61690902709961,82.43077850341797,30.745460510253906,25.82699966430664,,300.40740966796875,33.9855842590332,5.751003742218018,42.913822174072266,23.061159133911133,1.7799999713897705,53.017494201660156,322.39202880859375,65.4021987915039,5.96999979019165,45.82914352416992,36.0,67.39247131347656,18.770000457763672,21.577333450317383,34.87230682373047,56.93473815917969,14.141280174255371,197.8749542236328,154.13999938964844,46.46788787841797
2018-02-14,39.319705963134766,79.5920639038086,32.762943267822266,56.13119125366211,12.199999809265137,72.55249786376953,176.2204132080078,51.09000015258789,19.55853271484375,330.2618408203125,26.367887496948242,,58.474178314208984,296.0799865722656,439.5702209472656,2.97700834274292,58.604469299316406,132.760009765625,32.2437858581543,134.17861938476562,14.187990188598633,144.50161743164062,2.6700000762939453,65.23999786376953,181.15530395507812,60.22663116455078,53.19533920288086,218.90492248535156,204.01646423339844,33.06734848022461,38.35478591918945,136.6300048828125,103.15874481201172,92.01201629638672,132.7620849609375,68.75672149658203,284.9457702636719,178.1221923828125,22.42779541015625,40.61690902709961,83.72148895263672,30.543973922729492,26.600000381469727,,305.8841857910156,33.86394119262695,5.9683074951171875,43.7634162902832,23.22616195678711,1.7799999713897705,53.73571014404297,328.470947265625,65.88582611083984,6.420000076293945,46.9491081237793,36.900001525878906,68.30718231201172,18.790000915527344,21.487333297729492,35.42361831665039,58.171390533447266,14.505824089050293,199.7433319091797,157.25999450683594,47.70970153808594
2018-02-15,40.639991760253906,80.873046875,33.844093322753906,56.425689697265625,12.1899995803833,73.08799743652344,179.49911499023438,52.279998779296875,19.887845993041992,341.3807678222656,26.54092788696289,,60.50433349609375,299.3800048828125,440.1482849121094,3.0026726722717285,58.88714599609375,134.37266540527344,33.49716567993164,133.38644409179688,14.057104110717773,147.62559509277344,2.759999990463257,65.81999969482422,187.09005737304688,60.02788162231445,54.120697021484375,223.1566619873047,215.8399200439453,33.409210205078125,38.81118392944336,139.52000427246094,104.39981842041016,92.3959732055664,133.84146118164062,69.640380859375,290.03948974609375,178.5587615966797,22.549880981445312,41.423336029052734,85.42707824707031,31.42927360534668,28.027000427246094,,312.2623596191406,33.90195083618164,6.0938944816589355,44.81656265258789,23.569372177124023,1.8300000429153442,52.67858123779297,330.9442138671875,67.9774398803711,6.53000020980835,46.88639450073242,45.849998474121094,69.02530670166016,19.219999313354492,22.271333694458008,35.81034851074219,59.04197311401367,14.574174880981445,197.33364868164062,160.94000244140625,48.08625793457031
2018-02-16,40.5084342956543,83.47734069824219,34.053321838378906,54.879451751708984,11.819999694824219,72.43450164794922,177.04006958007812,51.7400016784668,19.655664443969727,340.020751953125,26.343162536621094,,62.001434326171875,291.8699951171875,440.51458740234375,3.0315444469451904,58.68851089477539,131.27337646484375,33.06298828125,133.85533142089844,14.030926704406738,149.9531707763672,2.819999933242798,65.8499984741211,186.08570861816406,59.402198791503906,54.32599639892578,223.1065673828125,224.55332946777344,33.45894241333008,38.506919860839844,138.66000366210938,105.92723846435547,91.7320785522461,134.2098846435547,70.48835754394531,289.6618957519531,175.97900390625,22.17491912841797,41.64528274536133,84.81859588623047,31.758983612060547,27.851999282836914,,311.46624755859375,33.772701263427734,6.028133869171143,44.87852478027344,23.932390213012695,1.850000023841858,52.33159255981445,329.921142578125,67.59048461914062,6.78000020980835,46.74303436279297,46.0,69.20673370361328,19.3700008392334,22.365999221801758,35.777442932128906,59.68503189086914,14.589363098144531,200.2584991455078,160.72000122070312,48.03017044067383
2018-02-20,40.372188568115234,83.04093170166016,33.61116409301758,54.32312774658203,12.020000457763672,73.4175033569336,180.0701446533203,49.849998474121094,19.713319778442383,338.40228271484375,26.310213088989258,,59.62642288208008,287.45001220703125,441.7356872558594,2.9866321086883545,58.4134635925293,130.66018676757812,34.259037017822266,134.84146118164062,14.362503051757812,145.8202362060547,2.549999952316284,66.58000183105469,184.12684631347656,59.57887268066406,54.727176666259766,220.83059692382812,224.8998260498047,32.333900451660156,39.14925765991211,140.586669921875,104.11337280273438,91.75606536865234,134.5097198486328,69.22088623046875,288.18359375,174.6395263671875,23.334680557250977,40.67609786987305,85.4823989868164,31.3031005859375,27.854999542236328,,306.5317687988281,34.236480712890625,6.1576762199401855,44.15282440185547,23.767379760742188,1.7699999809265137,51.637596130371094,320.872314453125,66.12637329101562,6.730000019073486,46.895362854003906,47.45000076293945,69.23695373535156,19.43000030517578,22.31800079345703,35.99138641357422,59.41791915893555,14.566580772399902,197.8924560546875,160.97999572753906,48.03017044067383
2018-02-21,40.18893051147461,82.99166870117188,33.255863189697266,55.0349006652832,11.720000267028809,74.14600372314453,179.0478057861328,50.130001068115234,19.63434600830078,337.4637145996094,26.260770797729492,,58.86610794067383,286.1000061035156,442.5172424316406,3.0475845336914062,58.8260383605957,130.383056640625,34.92258071899414,134.40492248535156,14.45848560333252,143.44845581054688,2.630000114440918,66.69999694824219,183.23037719726562,59.39485168457031,55.231014251708984,219.58848571777344,228.93118286132812,32.4333610534668,38.82807922363281,138.85333251953125,103.34969329833984,92.14002990722656,135.50352478027344,69.22088623046875,286.87396240234375,176.5247344970703,23.9450740814209,40.35797119140625,84.3484115600586,30.88589096069336,28.104000091552734,,306.93426513671875,35.79511260986328,5.9705328941345215,43.74571228027344,23.602373123168945,1.9900000095367432,51.16149139404297,315.3794250488281,67.59048461914062,7.059999942779541,46.85951232910156,47.79999923706055,68.96482849121094,19.959999084472656,22.219999313354492,35.29195785522461,58.8836784362793,14.612150192260742,196.55662536621094,157.88999938964844,47.853912353515625
2018-02-22,40.52487564086914,82.74530792236328,32.971622467041016,55.27214813232422,11.84000015258789,74.26699829101562,178.0163116455078,50.0,19.691993713378906,340.8635559082031,26.112449645996094,,59.25019454956055,284.80999755859375,439.2364196777344,3.0315444469451904,58.26831817626953,133.43202209472656,35.20111083984375,135.88565063476562,14.33632755279541,145.28036499023438,2.430000066757202,66.27999877929688,182.72406005859375,58.44529724121094,55.040096282958984,217.9462127685547,222.71975708007812,32.37626266479492,38.70976257324219,139.92999267578125,103.34969329833984,91.97201538085938,135.34925842285156,68.8995361328125,285.5483703613281,177.5963134765625,23.936357498168945,40.37276840209961,84.56966400146484,30.99781036376953,27.81399917602539,,305.0181579589844,36.175262451171875,5.990073204040527,43.88730239868164,23.589174270629883,1.8799999952316284,50.17698669433594,313.7007751464844,69.84944915771484,6.690000057220459,46.61760330200195,48.349998474121094,68.34895324707031,20.31999969482422,23.077999114990234,34.88053512573242,58.8836784362793,14.596959114074707,198.26783752441406,157.58999633789062,47.11684036254883
2018-02-23,41.22966766357422,83.58290100097656,33.61116409301758,55.99209976196289,12.069999694824219,75.0,181.26742553710938,50.189998626708984,20.036317825317383,341.572265625,26.392610549926758,,60.05754852294922,292.7799987792969,447.556640625,3.0026726722717285,58.88714599609375,136.41375732421875,36.14319610595703,137.92776489257812,14.33632755279541,147.12118530273438,2.4700000286102295,61.790000915527344,183.43789672851562,59.556785583496094,55.942138671875,222.3979949951172,224.5755615234375,32.49678039550781,40.34098434448242,142.50332641601562,105.02827453613281,93.83578491210938,136.0431671142578,70.29199981689453,288.18359375,181.86280822753906,25.06123161315918,40.5947151184082,86.71781158447266,31.80170249938965,28.593000411987305,,307.537841796875,38.25849151611328,6.083581447601318,44.69266891479492,23.932390213012695,1.9600000381469727,51.096927642822266,321.686767578125,69.62458038330078,6.864999771118164,47.25374984741211,50.0,69.35260772705078,20.68000030517578,23.469999313354492,36.12303161621094,58.646240234375,14.748851776123047,200.94821166992188,165.89999389648438,47.4052619934082
2018-02-26,42.044857025146484,85.54667663574219,33.29534149169922,55.615753173828125,12.420000076293945,76.09750366210938,184.96969604492188,50.810001373291016,19.976293563842773,348.1037292480469,26.713970184326172,,59.548038482666016,290.010009765625,459.1331481933594,3.0604164600372314,59.322601318359375,137.48883056640625,34.955352783203125,139.64447021484375,14.379955291748047,148.2008514404297,2.680000066757202,65.0999984741211,188.2354736328125,60.20453643798828,56.716243743896484,226.14122009277344,225.5501251220703,32.45237731933594,41.50734329223633,144.0,105.7408447265625,95.00363159179688,136.67718505859375,71.56839752197266,288.19158935546875,183.4900665283203,24.581632614135742,41.47512435913086,87.97161865234375,31.699230194091797,29.416000366210938,,310.66998291015625,38.114036560058594,6.099660396575928,45.285621643066406,24.480201721191406,1.9600000381469727,54.0504264831543,322.70989990234375,70.83773040771484,7.050000190734863,48.14076232910156,50.900001525878906,69.8164291381836,21.559999465942383,23.827999114990234,36.542686462402344,60.37753677368164,14.80201530456543,204.3531951904297,169.5399932861328,48.04619216918945
2018-02-27,41.908607482910156,83.23802185058594,32.87688446044922,55.40304946899414,12.529999732971191,75.5989990234375,181.83843994140625,50.18000030517578,19.886266708374023,349.2146911621094,26.639812469482422,,58.65446853637695,290.1000061035156,450.0151062011719,2.9673845767974854,58.352359771728516,135.44781494140625,34.218074798583984,138.35902404785156,14.310148239135742,144.76715087890625,2.7899999618530273,63.47999954223633,185.83668518066406,59.15192413330078,55.4174690246582,223.3650360107422,222.6604766845703,31.81804656982422,42.183494567871094,143.66000366210938,105.42060852050781,93.87578582763672,136.23170471191406,70.24736785888672,287.7657470703125,180.04710388183594,23.387001037597656,40.48374557495117,86.84684753417969,31.090457916259766,29.06100082397461,,309.4189453125,37.73387908935547,6.086795330047607,44.89621353149414,24.288803100585938,1.899999976158142,53.99344253540039,318.8161926269531,70.02198028564453,6.75,48.203468322753906,50.150001525878906,69.21576690673828,21.639999389648438,23.39933204650879,35.89263916015625,59.60588455200195,14.672907829284668,203.0086669921875,165.8800048828125,47.437313079833984
2018-02-28,41.84517288208008,81.52764892578125,32.78214645385742,54.486759185791016,12.109999656677246,75.62249755859375,179.95034790039062,49.720001220703125,19.463760375976562,346.887451171875,26.450281143188477,,59.124755859375,288.989990234375,447.296142578125,2.9320971965789795,57.67243194580078,129.87904357910156,33.78388595581055,136.8212890625,13.90876579284668,142.36871337890625,3.319999933242798,62.849998474121094,184.6414337158203,57.95209503173828,54.74353790283203,219.81201171875,222.0249481201172,31.481861114501953,41.65948486328125,142.14999389648438,103.98743438720703,92.3879623413086,133.77297973632812,68.74778747558594,284.7521667480469,176.93153381347656,22.972414016723633,40.11382293701172,86.45042419433594,31.186798095703125,29.13800048828125,,306.25177001953125,37.4449577331543,5.986362934112549,44.843116760253906,23.965383529663086,1.8600000143051147,52.90283966064453,318.2897033691406,70.45601654052734,6.690000057220459,47.50461196899414,50.04999923706055,68.31092834472656,19.940000534057617,22.87066650390625,35.67047119140625,59.21015930175781,14.407093048095703,197.45587158203125,166.02999877929688,46.79636764526367
2018-03-01,41.112205505371094,80.1269760131836,32.56895446777344,54.004058837890625,11.899999618530273,74.67250061035156,176.76380920410156,48.70000076293945,19.214994430541992,334.8971252441406,26.0367488861084,,59.555877685546875,282.3500061035156,436.02069091796875,2.8871850967407227,56.274349212646484,126.18331909179688,34.1197624206543,130.89837646484375,13.699350357055664,138.77569580078125,3.309999942779541,62.09000015258789,181.90228271484375,57.06879425048828,53.13137435913086,214.67051696777344,220.5843505859375,31.462820053100586,40.43394470214844,137.3766632080078,101.90577697753906,90.73216247558594,130.9629669189453,68.28365325927734,274.45086669921875,174.570068359375,23.007328033447266,39.72911071777344,85.60224914550781,31.408161163330078,29.038999557495117,,297.06524658203125,37.62744140625,5.74418830871582,43.993526458740234,23.516569137573242,1.809999942779541,52.87028121948242,319.6206970214844,68.13433074951172,6.940000057220459,46.635520935058594,49.79999923706055,68.50861358642578,19.399999618530273,22.062000274658203,35.15208053588867,57.61735153198242,14.194441795349121,195.96292114257812,165.8300018310547,45.91508483886719
2018-03-02,41.39646911621094,80.97160339355469,33.31904602050781,52.69508743286133,11.8100004196167,75.01249694824219,178.27420043945312,49.97999954223633,19.812034606933594,330.0895080566406,26.160808563232422,,58.92097091674805,286.9599914550781,437.64886474609375,2.8583130836486816,56.28961944580078,122.94957733154297,34.29998779296875,129.3118438720703,13.777881622314453,135.67819213867188,3.430000066757202,64.33000183105469,185.3801727294922,57.922664642333984,53.762657165527344,215.79075622558594,221.04188537597656,31.38670539855957,41.39746856689453,139.1300048828125,103.13876342773438,90.64421081542969,131.81112670898438,68.93522644042969,276.0909729003906,175.24476623535156,23.34772300720215,40.217403411865234,85.78663635253906,31.33027458190918,30.104999542236328,,301.11163330078125,37.61983108520508,5.851299285888672,44.53337097167969,23.72777557373047,1.8899999856948853,52.69120788574219,328.25244140625,67.94607543945312,7.059999942779541,47.15518569946289,50.900001525878906,68.99524688720703,19.969999313354492,22.341333389282227,35.39069366455078,57.04357147216797,14.065332412719727,196.60897827148438,170.05999755859375,45.99518966674805
2018-03-05,41.53976821899414,81.40797424316406,33.72959518432617,53.382293701171875,11.90999984741211,76.18049621582031,182.67649841308594,50.13999938964844,19.504823684692383,337.8276672363281,26.57435417175293,,61.13140869140625,286.95001220703125,443.9011535644531,2.9673845767974854,56.854957580566406,126.93089294433594,36.50364303588867,130.93905639648438,13.865138053894043,139.4217071533203,3.7100000381469727,66.05000305175781,186.45919799804688,57.355865478515625,54.28929901123047,219.97084045410156,220.38941955566406,31.278867721557617,42.04827117919922,141.4166717529297,103.91539001464844,92.03601837158203,132.15380859375,69.35474395751953,276.6081237792969,178.99534606933594,24.42127799987793,40.247005462646484,86.3305892944336,31.775068283081055,31.5,,302.6389465332031,39.38374328613281,5.829283714294434,45.3918342590332,23.839990615844727,1.8899999856948853,52.09709167480469,331.6693420410156,68.87159729003906,7.199999809265137,48.03324508666992,50.599998474121094,69.45906829833984,19.229999542236328,22.22333335876465,35.78567123413086,57.7558708190918,13.959007263183594,199.39413452148438,173.16000366210938,46.139400482177734
2018-03-06,41.50453186035156,80.63375854492188,34.045406341552734,54.20042419433594,11.760000228881836,76.88200378417969,186.81167602539062,50.529998779296875,19.819135665893555,334.15972900390625,26.557809829711914,,60.441612243652344,285.9800109863281,449.041015625,3.0860800743103027,56.57994079589844,129.1399383544922,35.389522552490234,130.7031707763672,14.013474464416504,140.2801971435547,3.8499999046325684,67.44999694824219,186.60032653808594,58.386390686035156,54.59378433227539,223.156005859375,219.1522216796875,31.323278427124023,42.85966491699219,142.1666717529297,102.65837097167969,92.11602020263672,132.50509643554688,68.8995361328125,274.2972412109375,178.38014221191406,24.211811065673828,40.172996520996094,86.03556060791016,31.4143123626709,32.52199935913086,,300.0759582519531,39.20126724243164,5.990319728851318,45.57766342163086,23.681575775146484,1.8799999952316284,50.575103759765625,331.2422180175781,68.81932830810547,7.429999828338623,49.03672409057617,52.5,69.50469207763672,20.06999969482422,21.8799991607666,35.826812744140625,57.963626861572266,14.110901832580566,197.47332763671875,168.72000122070312,45.72279357910156
2018-03-07,41.11925506591797,80.74635314941406,33.97434997558594,53.398658752441406,12.239999771118164,77.25,189.76805114746094,43.0099983215332,19.510353088378906,332.3592529296875,26.615705490112305,,60.69242858886719,284.5400085449219,448.03436279296875,3.041168689727783,56.47297286987305,127.25846862792969,34.3327522277832,129.56407165527344,14.249068260192871,139.7403106689453,3.9200000762939453,67.94999694824219,187.82044982910156,58.87957763671875,55.29498291015625,221.8351287841797,219.94029235839844,31.23446273803711,43.375213623046875,143.48666381835938,103.31490325927734,91.77204895019531,133.93246459960938,69.1226806640625,276.478759765625,182.27957153320312,23.810317993164062,40.298789978027344,86.53338623046875,31.37126922607422,32.11600112915039,,304.42071533203125,38.805908203125,5.982405185699463,45.77238082885742,23.714574813842773,1.8300000429153442,50.85997772216797,332.1659851074219,68.46373748779297,6.760000228881836,49.66392517089844,51.650001525878906,69.4210433959961,20.40999984741211,22.15333366394043,36.36989212036133,57.89438247680664,14.012168884277344,198.4249725341797,170.1699981689453,45.34624481201172
2018-03-08,41.56795883178711,82.35819244384766,34.17963790893555,54.012245178222656,11.970000267028809,77.59300231933594,188.81944274902344,45.52000045776367,19.502456665039062,333.977783203125,26.632251739501953,,60.363216400146484,284.69000244140625,452.9122619628906,3.0475845336914062,56.618141174316406,129.00547790527344,33.49716567993164,129.5233917236328,14.118183135986328,142.53689575195312,3.7899999618530273,67.69000244140625,188.12757873535156,58.93846893310547,56.00611877441406,222.66275024414062,221.12669372558594,31.13932228088379,42.885005950927734,144.1199951171875,105.73284912109375,91.78003692626953,133.915283203125,70.41696166992188,276.13946533203125,180.92019653320312,23.81904411315918,40.513336181640625,87.05888366699219,31.62954330444336,31.700000762939453,,304.01702880859375,38.44856643676758,5.966080188751221,46.13522720336914,24.090789794921875,1.8899999856948853,50.314666748046875,338.49322509765625,68.6363296508789,6.909999847412109,50.09397888183594,52.07500076293945,69.29939270019531,20.18000030517578,21.940000534057617,36.040748596191406,58.41870880126953,13.981789588928223,196.85699462890625,171.8800048828125,45.44239807128906
2018-03-09,42.28213882446289,83.9629898071289,34.18754196166992,55.689395904541016,11.699999809265137,78.94450378417969,192.862548828125,47.279998779296875,20.041845321655273,339.5228271484375,27.062334060668945,,58.7563591003418,286.1000061035156,472.3826904296875,3.0732479095458984,58.14609146118164,132.91961669921875,33.99687576293945,132.10250854492188,14.06583023071289,148.61679077148438,3.869999885559082,67.9000015258789,190.86671447753906,59.416934967041016,57.56621551513672,226.3663330078125,223.73666381835938,31.431108474731445,44.110538482666016,146.82000732421875,107.12598419189453,94.4197006225586,135.6177520751953,71.05963897705078,275.0971984863281,183.78773498535156,24.656946182250977,40.794490814208984,89.00421142578125,31.73202133178711,33.14400100708008,,306.89599609375,39.64985275268555,6.0687384605407715,46.87862777709961,24.268999099731445,1.940000057220459,51.299468994140625,339.4071044921875,70.10566711425781,7.150000095367432,51.69777297973633,52.45000076293945,69.86965942382812,20.549999237060547,21.81133270263672,36.69080352783203,59.774513244628906,13.966601371765137,197.4701690673828,176.25999450683594,46.65215301513672
2018-03-12,42.69091033935547,83.26618194580078,35.15868377685547,54.83855438232422,11.520000457763672,79.91950225830078,194.60321044921875,48.349998474121094,20.757343292236328,329.6297607421875,27.16158103942871,,59.51668930053711,279.8999938964844,467.97137451171875,3.1021196842193604,58.07734298706055,129.76986694335938,34.30818176269531,130.22308349609375,14.057104110717773,145.16529846191406,4.050000190734863,70.05000305175781,186.45919799804688,59.66718673706055,57.81863021850586,228.54824829101562,218.76246643066406,31.329608917236328,43.544254302978516,146.31666564941406,106.18921661376953,94.11576843261719,135.87571716308594,70.55084991455078,269.1264953613281,183.32138061523438,24.107067108154297,40.95724105834961,89.21625518798828,31.645938873291016,32.130001068115234,,302.57757568359375,38.532196044921875,6.178321361541748,46.81666946411133,24.16339111328125,2.0799999237060547,51.120418548583984,342.2379150390625,68.76180267333984,7.199999809265137,51.75153732299805,54.0,70.08258056640625,21.010000228881836,23.034000396728516,37.209190368652344,58.3890266418457,14.088115692138672,195.14012145996094,177.1300048828125,46.483909606933594
2018-03-13,42.27979278564453,84.28675842285156,34.929718017578125,55.33760070800781,11.640000343322754,79.40899658203125,191.58236694335938,47.650001525878906,20.629404067993164,324.3433532714844,26.76458168029785,,59.46965789794922,283.239990234375,461.64495849609375,3.070039987564087,57.22932052612305,129.08950805664062,33.079376220703125,130.4590301513672,13.777881622314453,142.76702880859375,3.9800000190734863,69.1500015258789,185.3884735107422,60.15300750732422,56.52829360961914,224.49365234375,219.194580078125,31.107595443725586,43.764007568359375,146.74000549316406,107.56632232666016,92.98789978027344,135.94448852539062,70.6490478515625,269.4173889160156,180.4638214111328,24.09834098815918,40.96464157104492,87.04048919677734,31.70332145690918,31.58799934387207,,302.2351989746094,38.43335723876953,6.1276116371154785,46.533470153808594,24.255800247192383,1.9700000286102295,48.5892219543457,335.48358154296875,68.05590057373047,7.269999980926514,50.78388595581055,54.04999923706055,69.94572448730469,21.010000228881836,22.78933334350586,37.01995086669922,58.29005813598633,13.845086097717285,198.7928924560547,174.9600067138672,46.115360260009766
2018-03-14,41.92035675048828,83.71662139892578,34.55862808227539,54.846736907958984,11.359999656677246,79.55000305175781,194.8150177001953,47.869998931884766,20.579652786254883,316.2890625,26.582624435424805,,58.19199752807617,285.7200012207031,457.4707946777344,3.0892879962921143,56.129207611083984,128.12359619140625,33.02203369140625,129.85699462890625,13.699350357055664,141.78466796875,4.25,69.5199966430664,184.0106201171875,59.696632385253906,56.97361373901367,221.06597900390625,216.5169219970703,30.910953521728516,43.83161926269531,146.92333984375,105.94100952148438,91.9480209350586,135.4974365234375,70.0599365234375,267.9792175292969,182.75584411621094,23.65320587158203,40.89746856689453,86.52420806884766,32.387935638427734,32.154998779296875,,298.5223388671875,38.357337951660156,6.153090000152588,46.30337905883789,23.991785049438477,1.940000057220459,48.93105697631836,339.12896728515625,67.75782775878906,7.650000095367432,50.12086486816406,54.70000076293945,68.9724349975586,20.6299991607666,21.775333404541016,37.15159225463867,58.47809982299805,13.822301864624023,197.42637634277344,174.3800048828125,45.370296478271484
2018-03-15,41.96967697143555,80.89417266845703,34.15595626831055,55.18215560913086,11.460000038146973,79.11599731445312,197.49510192871094,48.58000183105469,21.145891189575195,316.02093505859375,26.54953956604004,,57.800071716308594,286.70001220703125,456.62786865234375,3.0636239051818848,56.02986145019531,129.8286590576172,31.94068717956543,130.30445861816406,13.699350357055664,141.2447967529297,4.409999847412109,68.73999786376953,184.7659454345703,58.94052505493164,57.05890655517578,222.88848876953125,215.12716674804688,31.240816116333008,43.003334045410156,147.31666564941406,106.53347778320312,92.18002319335938,136.01333618164062,70.29199981689453,269.23150634765625,182.42840576171875,23.033512115478516,41.233306884765625,86.82842254638672,32.414581298828125,32.10900115966797,,299.154296875,38.01519012451172,6.167933940887451,46.347625732421875,24.143587112426758,1.9600000381469727,48.743858337402344,332.6825256347656,67.58527374267578,7.460000038146973,49.807273864746094,54.75,67.124755859375,20.299999237060547,21.706666946411133,37.28324890136719,58.3890266418457,13.966601371765137,201.0178680419922,173.97000122070312,45.530517578125
2018-03-16,41.82167053222656,80.03547668457031,34.3454475402832,55.19033432006836,11.470000267028809,78.58399963378906,197.14512634277344,46.91999816894531,20.127927780151367,316.49017333984375,26.607437133789062,,57.557090759277344,287.6199951171875,461.3174133300781,3.0475845336914062,56.129207611083984,131.41612243652344,31.400009155273438,132.26519775390625,13.804058074951172,145.0325469970703,4.71999979019165,69.87000274658203,184.8821563720703,59.110992431640625,56.256046295166016,223.71620178222656,215.3135986328125,31.456485748291016,43.248443603515625,145.2866668701172,107.02989959716797,92.33998107910156,134.5773162841797,71.84510040283203,267.75299072265625,183.6488037109375,22.780393600463867,41.5467529296875,87.21565246582031,33.00901412963867,31.844999313354492,,297.2319641113281,37.688262939453125,6.196133136749268,46.25910949707031,24.275592803955078,2.0399999618530273,49.3380012512207,340.9963073730469,67.10419464111328,7.659999847412109,49.91478729248047,54.45000076293945,67.60380554199219,21.309999465942383,21.42333221435547,37.00347900390625,58.22077941894531,14.012168884277344,199.59877014160156,175.66000366210938,44.78542709350586
2018-03-19,41.18267822265625,78.85298919677734,33.99805450439453,53.74226379394531,11.430000305175781,77.24649810791016,195.9386444091797,48.09000015258789,19.344511032104492,317.7256164550781,26.450286865234375,,56.94570541381836,278.3699951171875,453.2723083496094,2.983424186706543,55.54093551635742,127.79601287841797,30.875728607177734,129.85699462890625,13.559738159179688,141.18284606933594,4.739999771118164,71.26000213623047,185.84500122070312,57.21330261230469,54.5526237487793,219.4775848388672,215.2373046875,31.3549861907959,42.961082458496094,142.2866668701172,104.27566528320312,91.6120834350586,134.5084991455078,70.27413940429688,270.8635559082031,171.21636962890625,22.33526039123535,40.770599365234375,85.63912963867188,32.78147506713867,31.347999572753906,,302.76177978515625,37.04201126098633,5.961627006530762,45.975921630859375,23.97858428955078,1.9800000190734863,47.50675582885742,336.80462646484375,66.51332092285156,7.630000114440918,49.87895202636719,55.099998474121094,67.58856964111328,20.93000030517578,20.90399932861328,36.69902801513672,58.32964324951172,13.875467300415039,197.13731384277344,170.77000427246094,44.44893264770508
2018-03-20,41.168582916259766,79.28939056396484,33.92699432373047,54.32312774658203,11.109999656677246,79.32550048828125,195.8004608154297,47.369998931884766,19.13997459411621,323.3472900390625,26.450286865234375,,57.99604415893555,279.67999267578125,456.2923889160156,3.012296438217163,55.70901107788086,129.4003143310547,31.08871078491211,130.98793029785156,13.54228687286377,141.5899658203125,4.760000228881836,73.0,187.0734405517578,57.020538330078125,54.34086990356445,220.0293426513672,217.3727569580078,31.361326217651367,43.569610595703125,143.39666748046875,105.05229187011719,91.70005798339844,136.56361389160156,69.95281982421875,271.14630126953125,166.8406982421875,21.846481323242188,40.778045654296875,85.86038970947266,32.881919860839844,31.75,,305.087890625,36.410953521728516,6.173870086669922,41.6394157409668,23.97858428955078,1.9600000381469727,47.41721725463867,331.6196594238281,66.4924087524414,8.050000190734863,50.14775466918945,56.75,66.83582305908203,20.600000381469727,20.703332901000977,36.8882942199707,58.50778579711914,13.936224937438965,198.65272521972656,171.47000122070312,43.984256744384766
2018-03-21,40.23591995239258,79.14861297607422,33.65064239501953,53.88951873779297,11.260000228881836,79.09300231933594,196.8411865234375,47.11000061035156,19.712100982666016,322.8397216796875,26.359310150146484,,57.2357063293457,277.2900085449219,461.7265930175781,3.034752130508423,56.014591217041016,130.86172485351562,31.67035484313965,131.37840270996094,12.905311584472656,139.87307739257812,4.710000038146973,73.87000274658203,185.72048950195312,56.701786041259766,54.25161361694336,218.90911865234375,216.65248107910156,31.297897338867188,43.57806396484375,141.663330078125,105.03628540039062,91.78003692626953,137.4148712158203,69.83678436279297,271.0413513183594,168.07106018066406,22.04723358154297,40.81538009643555,85.2611312866211,32.81222915649414,31.648000717163086,,304.7718200683594,36.94316864013672,6.14863920211792,41.612857818603516,23.938983917236328,1.9600000381469727,46.23707962036133,332.6228942871094,66.40874481201172,8.640000343322754,50.03126907348633,56.20000076293945,67.3072509765625,20.690000534057617,21.101999282836914,36.781314849853516,58.685916900634766,13.761545181274414,195.183837890625,170.33999633789062,43.89612579345703
2018-03-22,39.667396545410156,69.04827880859375,33.11375427246094,51.4433479309082,10.90999984741211,77.24600219726562,188.5431365966797,45.06999969482422,19.51738929748535,306.08953857421875,25.267549514770508,,56.47540283203125,271.8900146484375,441.47869873046875,2.919264554977417,53.71503448486328,123.3863754272461,30.531652450561523,128.1809844970703,12.381770133972168,134.14720153808594,4.730000019073486,72.08999633789062,181.2548828125,56.01979064941406,52.22585678100586,211.17601013183594,211.12742614746094,30.466922760009766,42.961082458496094,137.96665954589844,101.98584747314453,87.94854736328125,132.90921020507812,68.3104019165039,264.3192138671875,163.6061248779297,21.540996551513672,40.389984130859375,82.7811050415039,33.1832389831543,30.670000076293945,,297.4076232910156,35.98518753051758,5.98265266418457,40.61280059814453,23.49676513671875,1.909999966621399,45.236000061035156,325.4910888671875,64.87661743164062,8.470000267028809,47.8450927734375,54.70000076293945,64.65357208251953,19.719999313354492,20.606666564941406,35.95024108886719,56.95402526855469,13.169160842895508,188.5177764892578,166.10000610351562,42.08548355102539
2018-03-23,38.748836517333984,68.59780883789062,33.20060729980469,50.90338897705078,10.630000114440918,74.77799987792969,183.3764190673828,45.04999923706055,19.430038452148438,307.4207763671875,24.12617301940918,,56.84379577636719,260.1300048828125,426.5096130371094,2.8166098594665527,51.87385177612305,121.19412231445312,30.244930267333984,126.44802856445312,11.997838973999023,130.9788818359375,4.829999923706055,70.6500015258789,181.6200714111328,53.996063232421875,50.90675354003906,205.0397186279297,215.2203826904297,30.00386619567871,41.71864700317383,133.0500030517578,100.160400390625,85.59685516357422,135.16204833984375,66.73054504394531,271.72003173828125,158.14892578125,21.17442512512207,39.860107421875,80.3748550415039,32.6912956237793,30.0939998626709,,303.4991760253906,35.7266731262207,5.76298713684082,39.63930892944336,22.764148712158203,1.8899999856948853,43.67332458496094,319.134033203125,63.9563102722168,8.430000305175781,45.98145294189453,54.0,64.18975830078125,19.15999984741211,20.1026668548584,35.03688049316406,56.37013626098633,13.093213081359863,186.18765258789062,160.92999267578125,40.84366226196289
2018-03-26,40.58830261230469,67.06342315673828,33.81645965576172,52.277828216552734,10.4399995803833,77.79299926757812,191.05740356445312,46.59000015258789,19.850727081298828,315.05364990234375,25.176570892333984,,57.36897659301758,268.20001220703125,442.542724609375,2.8807690143585205,53.31013107299805,125.30982208251953,30.597198486328125,130.76004028320312,12.277059555053711,135.70477294921875,4.920000076293945,74.0199966430664,185.48806762695312,55.99755096435547,52.272464752197266,213.0821533203125,222.21975708007812,30.600133895874023,44.35564041137695,138.3733367919922,101.99385833740234,88.23652648925781,139.35818481445312,67.9980239868164,277.8765563964844,158.81370544433594,21.51481819152832,40.33028793334961,86.45967102050781,33.08894729614258,32.03499984741211,,311.80267333984375,35.8635368347168,6.047712326049805,41.13496017456055,23.127153396606445,1.9500000476837158,45.683631896972656,328.49078369140625,66.22050476074219,8.729999542236328,47.450862884521484,56.45000076293945,65.36073303222656,19.639999389648438,20.278667449951172,36.427490234375,57.696285247802734,13.38181209564209,191.8990020751953,166.10000610351562,41.893192291259766
2018-03-27,39.54759216308594,64.76178741455078,33.848045349121094,52.22874450683594,10.0,74.85250091552734,184.4632110595703,44.93000030517578,19.58148956298828,307.5357666015625,24.415651321411133,,56.91434097290039,265.1600036621094,435.49591064453125,2.7684898376464844,52.1641731262207,123.46190643310547,30.720075607299805,129.1573028564453,12.015291213989258,134.66049194335938,5.079999923706055,71.51000213623047,183.4960174560547,54.9375114440918,49.934295654296875,206.71173095703125,215.8982391357422,30.200504302978516,43.26533889770508,135.07333374023438,101.8497314453125,86.5247573852539,137.8791961669922,67.53387451171875,273.772216796875,151.03477478027344,21.122053146362305,40.11385726928711,82.48609161376953,33.326725006103516,30.069000244140625,,306.58880615234375,35.893951416015625,5.578697681427002,40.16144561767578,23.107357025146484,1.8899999856948853,44.63371276855469,327.0306701660156,65.50936126708984,8.760000228881836,46.16960906982422,55.20000076293945,65.04898834228516,19.260000228881836,18.61199951171875,35.62110137939453,56.85506820678711,13.267891883850098,190.92666625976562,160.33999633789062,40.939815521240234
2018-03-28,39.11063003540039,66.35250854492188,33.792762756347656,52.44963836669922,9.8100004196167,71.57099914550781,179.15835571289062,45.040000915527344,18.965282440185547,306.4822692871094,24.30813217163086,,57.26707458496094,271.82000732421875,432.1567687988281,2.5599710941314697,52.14887237548828,121.92486572265625,29.892684936523438,129.90582275390625,12.006564140319824,134.58937072753906,4.590000152587891,69.31999969482422,180.3501739501953,55.434173583984375,49.847015380859375,208.47573852539062,214.54244995117188,30.27661895751953,41.92147445678711,134.1300048828125,102.0418930053711,86.38876342773438,137.38912963867188,68.7388687133789,270.92822265625,151.8384552001953,20.572181701660156,41.11389923095703,82.41233825683594,33.261131286621094,28.57699966430664,,302.56878662109375,35.12714385986328,5.475543022155762,39.80744934082031,23.298765182495117,1.909999966621399,44.519775390625,336.20867919921875,65.0753173828125,8.6899995803833,45.60514831542969,51.0,64.39508819580078,19.75,17.185333251953125,35.127403259277344,57.00351333618164,13.359027862548828,191.39967346191406,159.5800018310547,41.24424362182617
2018-03-29,39.41603088378906,66.61997985839844,34.2428092956543,53.05504608154297,10.050000190734863,72.36699676513672,182.869873046875,45.5099983215332,18.882749557495117,314.009765625,24.80438232421875,,57.95686340332031,273.82000732421875,443.3611145019531,2.5760111808776855,51.568267822265625,123.78955841064453,30.908489227294922,131.8746795654297,12.198529243469238,138.00125122070312,4.570000171661377,70.9800033569336,183.35482788085938,55.88637161254883,51.43191146850586,210.55735778808594,218.42349243164062,30.238563537597656,44.0175666809082,137.61000061035156,102.60234069824219,87.96454620361328,138.67889404296875,69.06021118164062,273.0288391113281,158.54579162597656,21.191879272460938,40.651187896728516,84.14558410644531,33.4784049987793,29.53499984741211,,306.4395751953125,36.239009857177734,5.728850841522217,40.4889030456543,23.424163818359375,1.8899999856948853,45.097625732421875,342.0492248535156,65.79171752929688,8.930000305175781,46.787841796875,52.599998474121094,65.20101928710938,23.559999465942383,17.742000579833984,36.007843017578125,58.35934066772461,13.412191390991211,187.45782470703125,162.97999572753906,41.989349365234375
2018-04-02,39.15761184692383,64.37467193603516,33.37430191040039,52.77688980102539,9.529999732971191,68.59950256347656,177.79530334472656,45.22999954223633,18.24411392211914,308.7998352050781,24.241958618164062,,56.890838623046875,266.8900146484375,424.7663269042969,2.5022270679473877,51.72870635986328,120.85818481445312,29.999181747436523,129.14100646972656,11.936758041381836,134.8914794921875,4.510000228881836,69.38999938964844,181.67822265625,54.218448638916016,50.216461181640625,206.78697204589844,214.7373504638672,30.029239654541016,41.34675598144531,133.6300048828125,99.7280044555664,86.26876831054688,137.26014709472656,67.569580078125,269.04571533203125,154.18006896972656,20.659461975097656,39.75562286376953,81.61023712158203,33.28162384033203,28.02899932861328,,303.2796936035156,35.142494201660156,5.468122959136963,39.83399963378906,23.133764266967773,1.7699999809265137,43.79541015625,328.3418273925781,64.56813049316406,9.079999923706055,45.166114807128906,54.099998474121094,63.33054733276367,24.010000228881836,16.832000732421875,34.97105407714844,57.0529899597168,13.191946029663086,190.2609100341797,156.30999755859375,41.140106201171875
2018-04-03,39.55933380126953,63.762306213378906,34.045406341552734,53.365936279296875,9.550000190734863,69.60250091552734,183.67111206054688,45.88999938964844,18.973299026489258,316.82537841796875,24.47354507446289,,58.097938537597656,266.4800109863281,432.7296447753906,2.4829790592193604,52.31697082519531,121.84087371826172,30.294092178344727,130.25563049316406,11.971661567687988,135.9754180908203,4.239999771118164,69.76000213623047,182.87344360351562,54.6706657409668,50.516483306884766,209.4872589111328,219.58441162109375,30.099018096923828,42.04827117919922,134.49000549316406,102.7624740600586,87.45262908935547,137.3203125,69.21194458007812,270.4272766113281,154.89447021484375,20.88639259338379,40.367591857910156,82.70733642578125,33.20578384399414,28.367000579833984,,303.736083984375,35.09647750854492,5.574491500854492,39.72779846191406,23.549575805664062,1.7799999713897705,44.58488845825195,329.9708251953125,65.31585693359375,9.15999984741211,45.82914352416992,55.79999923706055,63.9920539855957,24.06999969482422,17.8353328704834,35.777442932128906,57.577518463134766,13.1235933303833,196.72557067871094,158.36000061035156,41.72495651245117
2018-04-04,40.31580352783203,65.41636657714844,34.6612663269043,53.570457458496094,9.770000457763672,70.52850341796875,182.5935821533203,46.310001373291016,18.990123748779297,313.58837890625,24.713403701782227,,59.28937911987305,272.3999938964844,438.933349609375,2.4541075229644775,52.951045989990234,121.94169616699219,30.40060043334961,130.9471893310547,12.111273765563965,132.00384521484375,4.420000076293945,70.19000244140625,181.39598083496094,55.89377975463867,51.06346130371094,211.19271850585938,220.24537658691406,30.194168090820312,42.2511100769043,133.97332763671875,104.41178894042969,88.78045654296875,139.5473175048828,70.15811157226562,276.1475524902344,153.892333984375,21.03476905822754,40.70342254638672,85.12283325195312,33.27342987060547,28.893999099731445,,310.2314758300781,34.58272171020508,5.596507549285889,40.27650833129883,23.846576690673828,1.8300000429153442,44.75579833984375,335.0862731933594,65.76555633544922,9.819999694824219,46.36672592163086,54.599998474121094,64.47869873046875,21.93000030517578,19.12933349609375,36.155941009521484,57.67647933959961,12.971701622009277,200.41343688964844,162.1199951171875,42.389923095703125
2018-04-05,40.595359802246094,64.90255737304688,35.07972717285156,54.192230224609375,10.020000457763672,72.5875015258789,182.9804229736328,46.209999084472656,18.935638427734375,322.1693115234375,25.077322006225586,,58.89745330810547,264.9800109863281,440.6439208984375,2.5182673931121826,53.64627456665039,124.41947937011719,31.604827880859375,132.1431427001953,12.495203971862793,134.46499633789062,4.360000133514404,71.63999938964844,183.62045288085938,55.463829040527344,51.20875930786133,213.859619140625,221.1605682373047,30.28297233581543,42.58073425292969,135.3733367919922,104.6520004272461,89.94615936279297,141.30148315429688,70.17594909667969,280.0741882324219,158.09930419921875,21.98613739013672,40.69597244262695,85.1689224243164,33.61573791503906,29.39699935913086,,316.0157165527344,35.34951400756836,5.476287364959717,40.67475128173828,23.58257293701172,1.8300000429153442,44.7964973449707,326.3850402832031,65.7603530883789,9.9399995803833,46.904319763183594,57.20000076293945,65.01094818115234,22.299999237060547,20.381332397460938,35.64577865600586,58.96302032470703,13.146374702453613,200.65869140625,157.66000366210938,42.67034912109375
2018-04-06,39.556983947753906,63.192176818847656,35.000762939453125,52.981422424316406,9.609999656677246,70.2614974975586,179.25047302246094,45.08000183105469,18.33946418762207,312.3241882324219,24.50663185119629,,59.25019454956055,257.6499938964844,425.5192565917969,2.5022270679473877,52.40863800048828,120.10222625732422,30.17120933532715,128.46572875976562,12.102546691894531,129.17843627929688,4.139999866485596,69.69999694824219,179.07191467285156,54.41859817504883,50.08356475830078,208.97732543945312,217.1947479248047,29.921396255493164,41.23688888549805,132.18333435058594,102.56230163574219,87.7031478881836,138.4725341796875,68.5960693359375,270.3868713378906,155.97598266601562,21.139507293701172,39.82279586791992,83.18677520751953,33.35951614379883,28.885000228881836,,308.7216796875,34.46769714355469,5.299911022186279,39.67470169067383,23.21295928955078,1.7999999523162842,43.23382568359375,317.46527099609375,64.1916275024414,8.520000457763672,44.8973274230957,54.224998474121094,63.69551467895508,21.0,19.953332901000977,34.90522384643555,57.27071762084961,12.979294776916504,196.18252563476562,154.25,41.84514236450195
2018-04-09,39.94931411743164,63.684898376464844,34.91392135620117,52.35963439941406,9.529999732971191,70.30400085449219,182.84225463867188,45.77000045776367,18.809833526611328,308.8381652832031,24.70513343811035,,58.717185974121094,257.5199890136719,426.5177307128906,2.5760111808776855,53.05037307739258,120.17779541015625,30.441543579101562,127.32672119140625,12.224706649780273,127.0193862915039,4.150000095367432,70.8499984741211,178.42449951171875,54.707706451416016,50.58641052246094,210.83323669433594,217.89808654785156,30.27661895751953,41.87923049926758,135.21665954589844,103.66716003417969,88.75630950927734,140.0116729736328,69.03341674804688,271.3968811035156,156.7002716064453,21.37516975402832,41.91244888305664,83.6845932006836,33.23243713378906,28.993000030517578,,305.0965881347656,35.456871032714844,5.328606128692627,39.73664474487305,23.404367446899414,1.8300000429153442,43.48612976074219,317.5546875,63.909263610839844,8.1899995803833,44.98691940307617,56.54999923706055,62.82870864868164,21.5,19.310667037963867,35.44007873535156,57.12228012084961,13.08561897277832,195.10507202148438,156.75999450683594,41.86115646362305
2018-04-10,40.701072692871094,65.89501953125,34.850765228271484,53.5295524597168,9.979999542236328,71.81099700927734,189.3075714111328,46.369998931884766,19.211284637451172,320.665771484375,25.20966148376465,,58.08224868774414,265.0899963378906,437.0099792480469,2.563178300857544,53.86783981323242,124.38591766357422,30.531652450561523,131.7363739013672,12.285786628723145,131.5063018798828,4.0,70.79000091552734,178.00112915039062,55.61210250854492,51.400177001953125,214.4949493408203,215.9152374267578,30.612815856933594,43.33295440673828,139.56666564941406,104.28366088867188,90.4526596069336,139.6333770751953,70.71151733398438,274.1842346191406,163.7549285888672,21.846481323242188,42.15871810913086,85.62991333007812,33.164794921875,29.80699920654297,,304.3505859375,35.847938537597656,5.637819766998291,40.55085372924805,23.72777557373047,1.850000023841858,44.57674789428711,325.8387145996094,64.29621887207031,8.199999809265137,46.151695251464844,54.79999923706055,63.444602966308594,21.950000762939453,20.31333351135254,35.85972595214844,57.77543640136719,13.245108604431152,198.66146850585938,161.1699981689453,42.15757369995117
2018-04-11,40.510799407958984,65.9090805053711,34.842864990234375,52.35963439941406,9.819999694824219,71.35250091552734,189.3075714111328,54.279998779296875,19.256959915161133,313.5117492675781,24.729944229125977,,58.38798522949219,265.989990234375,429.9305725097656,2.5535545349121094,53.394161224365234,123.29396057128906,30.646343231201172,129.24676513671875,12.381770133972168,128.30772399902344,3.9600000381469727,71.25,179.55331420898438,55.10059356689453,50.83286666870117,211.4602813720703,215.67794799804688,30.701622009277344,43.189273834228516,137.3733367919922,103.7872543334961,88.93318939208984,139.1776123046875,70.27413940429688,274.2488098144531,165.02500915527344,21.296615600585938,41.942291259765625,84.68953704833984,33.00901412963867,30.367000579833984,,304.271484375,35.602569580078125,5.596507549285889,40.3650016784668,23.622175216674805,1.8600000143051147,44.77207565307617,320.614013671875,64.02952575683594,8.279999732971191,45.623077392578125,55.0,62.463741302490234,21.809999465942383,20.062000274658203,35.69516372680664,58.032745361328125,13.153970718383789,194.3779754638672,158.88999938964844,41.60478591918945
2018-04-12,40.910160064697266,65.5108413696289,35.76664352416992,53.153228759765625,10.079999923706055,72.42500305175781,189.9430389404297,55.7599983215332,19.185646057128906,323.2036437988281,25.350265502929688,,58.8269157409668,267.44000244140625,436.2325134277344,2.58563494682312,55.10546875,126.10777282714844,31.29351806640625,131.63059997558594,12.573735237121582,133.5054473876953,4.070000171661377,71.2300033569336,181.91246032714844,55.81224060058594,51.43935775756836,217.01974487304688,217.95745849609375,31.145654678344727,44.55849075317383,138.35000610351562,104.42779541015625,91.14408111572266,139.9514617919922,70.77397918701172,277.0282287597656,162.59405517578125,21.6632022857666,42.345298767089844,86.27525329589844,32.605220794677734,30.924999237060547,,309.01141357421875,36.05497741699219,5.803308963775635,40.60395812988281,23.971988677978516,1.8700000047683716,44.926700592041016,322.8985595703125,64.44783020019531,8.470000267028809,46.34880828857422,55.150001525878906,62.752681732177734,21.780000686645508,19.60533332824707,36.08189392089844,58.43850326538086,13.313460350036621,196.42779541015625,161.97999572753906,42.2216796875
2018-04-13,41.048770904541016,65.30461120605469,35.68769454956055,53.570457458496094,9.930000305175781,71.53949737548828,189.39967346191406,56.2400016784668,19.78742790222168,315.3504943847656,24.647239685058594,,58.89745330810547,265.3900146484375,429.48870849609375,2.5471391677856445,54.24982452392578,126.18331909179688,31.481924057006836,132.1187286376953,12.54755687713623,133.2566375732422,3.940000057220459,70.68000030517578,182.07083129882812,55.76034927368164,51.37736129760742,213.95156860351562,217.4998321533203,31.164688110351562,43.83161926269531,138.2100067138672,104.57992553710938,88.67594146728516,139.03143310546875,71.15782165527344,276.802001953125,163.23898315429688,21.680654525756836,42.66620635986328,85.8143310546875,32.8409309387207,31.165000915527344,,307.73870849609375,35.79426193237305,5.726625442504883,40.78095245361328,23.971988677978516,1.8799999952316284,45.35808181762695,319.4021911621094,64.16548919677734,8.5,45.7305793762207,54.150001525878906,63.19368362426758,21.299999237060547,20.022666931152344,35.09449005126953,57.91399002075195,13.252702713012695,196.46278381347656,161.38999938964844,40.77156448364258
2018-04-16,41.30483627319336,65.8521957397461,35.90085983276367,53.594993591308594,10.09000015258789,72.07499694824219,190.36666870117188,56.72999954223633,19.982147216796875,317.7351379394531,24.754756927490234,,58.83473205566406,263.1099853515625,429.55413818359375,2.550346851348877,53.53167724609375,127.78764343261719,31.49832534790039,135.6008758544922,12.50393009185791,132.36810302734375,3.9600000381469727,70.12000274658203,182.0624542236328,55.367454528808594,51.876243591308594,215.5901641845703,219.22006225585938,30.917299270629883,44.28802490234375,139.4600067138672,105.49264526367188,88.60355377197266,142.03231811523438,71.51487731933594,279.306640625,163.54656982421875,21.994863510131836,43.77074432373047,86.8192138671875,33.23037338256836,30.777999877929688,,308.7481384277344,35.893959045410156,5.726378917694092,40.92314147949219,24.1105899810791,1.8799999952316284,44.57674789428711,316.06475830078125,64.74070739746094,8.630000114440918,47.55838394165039,53.099998474121094,63.839996337890625,21.6299991607666,19.413999557495117,35.275508880615234,58.81456756591797,13.305866241455078,201.75363159179688,158.6999969482422,40.699462890625
2018-04-17,41.87337112426758,66.55621337890625,36.074562072753906,54.24131393432617,10.520000457763672,75.19149780273438,195.892578125,57.22999954223633,20.17205238342285,322.47576904296875,24.84573745727539,,58.6309700012207,264.75,431.18280029296875,2.5471391677856445,53.27956008911133,128.7703399658203,32.01441192626953,136.25177001953125,12.54755687713623,132.51919555664062,4.260000228881836,72.68000030517578,184.57167053222656,55.945674896240234,53.525611877441406,212.0371551513672,221.1605682373047,30.980730056762695,45.25155258178711,145.14999389648438,104.515869140625,88.60355377197266,143.56288146972656,71.33633422851562,282.0859375,167.34677124023438,22.33526039123535,44.23345184326172,88.5708999633789,33.455848693847656,33.60599899291992,,311.63592529296875,36.1163215637207,5.876036167144775,41.46522903442383,23.97858428955078,1.9600000381469727,45.04879379272461,320.46502685546875,65.1171875,8.75,48.03324508666992,54.25,64.73721313476562,21.639999389648438,19.179332733154297,34.8147087097168,59.319278717041016,13.298271179199219,208.96290588378906,164.99000549316406,40.51517868041992
2018-04-18,41.77939224243164,67.07537078857422,36.042991638183594,54.69127655029297,10.359999656677246,76.39199829101562,190.01673889160156,56.709999084472656,19.999767303466797,326.5747375488281,24.423925399780273,,58.67798614501953,268.0299987792969,428.2200927734375,2.428443193435669,52.69895553588867,130.98779296875,32.784454345703125,138.98541259765625,12.599910736083984,133.07008361816406,4.25,77.58000183105469,187.97286987304688,56.10134506225586,53.328739166259766,212.34637451171875,223.54171752929688,30.809465408325195,45.310699462890625,157.00999450683594,102.25807189941406,87.88804626464844,144.69793701171875,71.15782165527344,283.7098388671875,165.0646514892578,22.72802734375,43.97224044799805,88.91202545166016,33.38206100463867,33.45199966430664,,313.9706726074219,36.990474700927734,5.847095489501953,41.838470458984375,24.084184646606445,1.9500000476837158,44.95112609863281,319.2333679199219,65.25834655761719,9.109999656677246,46.75199890136719,56.0,62.79829025268555,21.5,19.55666732788086,34.49380111694336,63.327335357666016,13.245108604431152,207.07958984375,163.36000061035156,40.370975494384766
2018-04-19,40.595359802246094,66.14376068115234,36.15351486206055,54.77309799194336,10.109999656677246,77.84549713134766,179.6833038330078,56.72999954223633,19.46048927307129,326.2300109863281,24.96153450012207,,59.336421966552734,266.0199890136719,429.72601318359375,2.450899600982666,53.69211959838867,130.7777862548828,32.47316360473633,137.9196319580078,12.617363929748535,131.58628845214844,4.579999923706055,76.95999908447266,187.54771423339844,55.1821403503418,54.025978088378906,212.48858642578125,225.05853271484375,31.342302322387695,44.13588333129883,154.23666381835938,102.12195587158203,89.81753540039062,145.19667053222656,71.1845932006836,285.51165771484375,166.79110717773438,22.56218910217285,43.76327896118164,88.6077880859375,33.31647491455078,33.27000045776367,,314.2515563964844,36.51505661010742,5.665771007537842,41.60740280151367,24.1105899810791,1.9500000476837158,42.78618240356445,313.71063232421875,64.76160430908203,8.90999984741211,48.095947265625,55.04999923706055,62.5473747253418,21.3799991607666,20.005332946777344,32.52719497680664,64.80193328857422,13.404594421386719,206.5189666748047,159.5500030517578,41.292320251464844
2018-04-20,38.93207550048828,65.8521957397461,35.9245491027832,54.24131393432617,9.989999771118164,76.37449645996094,177.76768493652344,56.689998626708984,19.00054359436035,324.3433532714844,25.027692794799805,,57.7922477722168,263.0199890136719,429.2021789550781,2.38673996925354,53.47819900512695,129.3680419921875,31.719501495361328,137.3094940185547,12.442849159240723,130.57337951660156,4.909999847412109,75.51000213623047,185.98883056640625,54.63357162475586,53.424442291259766,210.64096069335938,223.33836364746094,31.47550392150879,43.552711486816406,152.08999633789062,101.40937805175781,89.61656951904297,144.4571533203125,70.56869506835938,284.3885498046875,164.98529052734375,22.4138126373291,43.90507888793945,87.58441162109375,32.95775604248047,32.777000427246094,,312.4083251953125,35.84027862548828,5.657607555389404,41.083106994628906,24.17659568786621,1.9199999570846558,41.86648941040039,312.14129638671875,64.35894012451172,9.270000457763672,49.269691467285156,55.20000076293945,62.82870864868164,21.170000076293945,19.349332809448242,32.04993438720703,64.9107666015625,13.404594421386719,205.90577697753906,158.14999389648438,42.10951614379883
2018-04-23,38.819305419921875,66.25752258300781,35.91665267944336,54.2331428527832,10.039999961853027,75.89299774169922,176.2020263671875,56.209999084472656,18.70646095275879,324.5061340332031,25.077322006225586,,57.56492233276367,259.29998779296875,425.4619445800781,2.3803234100341797,53.08094024658203,129.99270629882812,31.94887351989746,137.51287841796875,12.434123039245605,129.7559356689453,4.960000038146973,74.37000274658203,188.3647003173828,54.86336898803711,53.25038528442383,206.21847534179688,224.53321838378906,31.68484115600586,43.189273834228516,149.27999877929688,101.5455093383789,89.18241119384766,145.31704711914062,71.58625030517578,289.7291259765625,164.54872131347656,22.59710693359375,44.96482467651367,87.90709686279297,33.027462005615234,31.868999481201172,,312.5838317871094,35.27284240722656,5.53812837600708,40.70096969604492,24.288803100585938,1.899999976158142,41.12583923339844,313.88946533203125,64.55764770507812,8.819999694824219,49.61014938354492,53.150001525878906,63.90082931518555,20.969999313354492,18.891332626342773,31.885360717773438,64.03988647460938,13.009673118591309,205.27505493164062,158.69000244140625,42.149574279785156
2018-04-24,38.27898025512695,64.97037506103516,35.65610885620117,51.72150802612305,10.09000015258789,73.00450134277344,178.71627807617188,54.709999084472656,18.301006317138672,315.13983154296875,24.969802856445312,,57.000579833984375,262.1499938964844,420.4286804199219,2.422028064727783,52.80590057373047,121.93096923828125,31.899723052978516,131.25633239746094,12.896586418151855,122.71016693115234,4.460000038146973,74.06999969482422,185.0802001953125,53.90711975097656,50.712852478027344,202.72398376464844,216.7456512451172,31.703868865966797,43.48508834838867,145.49000549316406,101.03309631347656,88.76437377929688,141.7228240966797,71.48807525634766,271.865478515625,158.44662475585938,22.771671295166016,44.845428466796875,85.85120391845703,33.24062728881836,30.70199966430664,,299.76873779296875,34.9814567565918,5.471835136413574,40.461036682128906,24.46040153503418,1.8600000143051147,40.645652770996094,309.9063720703125,63.846519470214844,8.880000114440918,48.82170486450195,52.70000076293945,63.444602966308594,20.84000015258789,18.8973331451416,31.885360717773438,63.60443878173828,12.819804191589355,205.16993713378906,155.6699981689453,42.069461822509766
2018-04-25,38.4457893371582,65.33304595947266,36.1929931640625,52.007850646972656,9.710000038146973,73.00849914550781,176.51513671875,54.4900016784668,18.349882125854492,328.3560485839844,24.928443908691406,,56.867313385009766,269.45001220703125,419.21734619140625,2.3803234100341797,52.98926544189453,122.56410217285156,32.448585510253906,131.91534423828125,12.739522933959961,122.61246490478516,4.389999866485596,73.58000183105469,178.83642578125,54.29998016357422,50.73021697998047,199.99859619140625,213.96624755859375,31.79267692565918,43.42593002319336,145.98666381835938,101.48943328857422,88.42670440673828,138.57571411132812,72.42530059814453,266.2178649902344,158.44662475585938,23.5659236907959,44.50211715698242,85.10437774658203,32.86347579956055,30.576000213623047,,291.95672607421875,35.54123306274414,5.359527111053467,40.65653991699219,24.209596633911133,1.840000033378601,40.49101257324219,314.0483703613281,63.506614685058594,8.989999771118164,48.92025375366211,52.349998474121094,64.57754516601562,20.510000228881836,18.71266746520996,31.408111572265625,62.80283737182617,12.736266136169434,205.76559448242188,155.14999389648438,42.55016326904297
2018-04-26,38.57967758178711,69.29412841796875,36.20089340209961,51.271541595458984,11.039999961853027,75.89800262451172,180.21746826171875,54.75,18.463668823242188,328.2890319824219,24.87055015563965,,56.41269302368164,273.8599853515625,427.8107604980469,2.405987501144409,52.851749420166016,123.50955963134766,32.62062072753906,131.79330444335938,12.512655258178711,121.128662109375,4.380000114440918,75.08000183105469,176.5189208984375,54.7818489074707,51.73788833618164,200.71755981445312,213.1188201904297,31.691181182861328,44.83739471435547,148.72999572753906,102.49024200439453,88.51513671875,137.36328125,73.68385314941406,266.94500732421875,172.80393981933594,23.714303970336914,44.33793258666992,86.90216827392578,33.45380401611328,31.398000717163086,,293.1329345703125,35.755916595458984,5.5712761878967285,40.843162536621094,24.321788787841797,1.8600000143051147,41.07701110839844,321.79608154296875,64.22301483154297,9.079999923706055,49.86103057861328,53.0,63.45219802856445,19.25,19.031999588012695,31.408111572265625,62.9611701965332,12.842589378356934,207.6314239501953,158.80999755859375,42.01337814331055
2018-04-27,38.133338928222656,70.21151733398438,36.35880661010742,51.893310546875,11.109999656677246,78.63099670410156,178.16224670410156,54.58000183105469,18.65277671813965,326.4598388671875,24.93671417236328,,56.97705841064453,276.79998779296875,429.39044189453125,2.3899474143981934,52.70657730102539,122.1673583984375,32.383056640625,130.8414306640625,12.119998931884766,122.22154235839844,4.260000228881836,77.94999694824219,169.816650390625,54.75217056274414,51.14974594116211,200.47509765625,208.2633056640625,31.862449645996094,44.56693649291992,149.00999450683594,102.69841766357422,87.9523696899414,135.9874725341797,73.84453582763672,260.18255615234375,172.23837280273438,23.69684410095215,44.382713317871094,88.34041595458984,33.60752487182617,31.176000595092773,,282.50341796875,35.472206115722656,5.5987348556518555,40.461036682128906,24.420793533325195,1.8200000524520874,41.597904205322266,310.9493103027344,64.03475952148438,9.25,50.16566848754883,53.099998474121094,64.0452880859375,19.600000381469727,19.60533332824707,31.408111572265625,62.26841735839844,12.774240493774414,210.39073181152344,156.0500030517578,41.949275970458984
2018-04-30,38.82402801513672,68.6612319946289,35.82980728149414,51.27972412109375,10.880000114440918,78.30650329589844,175.0960693359375,54.5,18.383535385131836,319.4494934082031,24.74648666381836,,56.616493225097656,273.6000061035156,426.81231689453125,2.264836072921753,52.15652847290039,121.86339569091797,31.7850284576416,130.06036376953125,11.919307708740234,120.24017333984375,4.150000095367432,70.91000366210938,167.81594848632812,53.543880462646484,50.51152420043945,199.24612426757812,206.09396362304688,31.88147735595703,43.6287727355957,146.92666625976562,101.27326202392578,87.45391845703125,134.49996948242188,72.36280059814453,259.2210998535156,170.66075134277344,23.52228355407715,43.934932708740234,86.21992492675781,33.597286224365234,31.246000289916992,,282.6702880859375,34.91244125366211,5.563361167907715,40.58544921875,24.16339111328125,1.8300000429153442,41.516517639160156,301.6421813964844,62.82683181762695,9.220000267028809,49.887908935546875,52.650001525878906,63.55105209350586,19.31999969482422,19.593332290649414,31.63851547241211,61.496498107910156,12.759049415588379,207.07958984375,153.16000366210938,41.62882614135742
2018-05-01,39.72612380981445,72.58673858642578,35.5534553527832,50.052555084228516,11.130000114440918,79.11299896240234,177.87420654296875,53.91999816894531,18.460464477539062,315.5994873046875,24.771297454833984,,56.15401840209961,274.6099853515625,423.9233703613281,2.2263405323028564,52.14125061035156,121.91404724121094,31.67854118347168,124.70697021484375,11.858226776123047,120.27568054199219,4.059999942779541,67.51000213623047,164.47314453125,53.78850173950195,51.610931396484375,197.85836791992188,198.8996124267578,31.799013137817383,45.07405090332031,149.18333435058594,100.88894653320312,87.45391845703125,130.51019287109375,70.5776138305664,249.21878051757812,172.50625610351562,23.43500328063965,43.270721435546875,87.58441162109375,33.455848693847656,31.329999923706055,,269.6619567871094,35.13481140136719,5.618771076202393,40.83427810668945,23.36476707458496,1.8600000143051147,41.361873626708984,299.19873046875,62.204586029052734,9.079999923706055,49.8251838684082,52.54999923706055,64.33423614501953,19.420000076293945,19.994667053222656,32.033477783203125,61.456912994384766,12.667914390563965,207.47377014160156,152.47999572753906,42.10951614379883
2018-05-02,41.48103713989258,71.37779998779297,35.07972717285156,48.45721435546875,10.970000267028809,78.48400115966797,176.8521728515625,54.84000015258789,18.32904624938965,310.4758605957031,24.465274810791016,,57.447349548339844,274.1300048828125,421.3207092285156,2.194260597229004,51.94261169433594,121.44133758544922,32.006221771240234,118.88163757324219,11.893129348754883,119.7248306274414,4.630000114440918,68.0199966430664,163.1226806640625,49.57793426513672,50.8819580078125,195.6680145263672,196.3913116455078,31.691181182861328,44.21196365356445,149.6699981689453,98.87934112548828,86.76251220703125,126.19365692138672,70.36338806152344,246.98876953125,174.69903564453125,23.6881160736084,42.76322937011719,86.2107162475586,33.502994537353516,31.336000442504883,,269.60931396484375,35.288177490234375,5.598239898681641,40.443267822265625,23.028156280517578,1.8700000047683716,40.90609359741211,294.1528015136719,61.964080810546875,9.0600004196167,49.86103057861328,53.0,58.94327163696289,19.6299991607666,20.07666778564453,31.06252098083496,61.793392181396484,12.54640007019043,204.5042266845703,149.47000122070312,41.81309509277344
2018-05-03,41.556217193603516,71.31378936767578,34.42440414428711,48.59629440307617,10.930000305175781,78.60399627685547,179.0913848876953,55.22999954223633,18.049392700195312,316.70086669921875,24.150981903076172,,55.08017349243164,266.44000244140625,418.7672119140625,2.1268930435180664,51.90441131591797,121.37380981445312,31.350862503051758,116.7907485961914,11.893129348754883,121.60842895507812,4.5,65.9800033569336,162.55581665039062,48.325130462646484,50.89436340332031,195.1330108642578,175.68960571289062,31.615060806274414,44.18660354614258,149.413330078125,98.50303649902344,86.21582794189453,126.65796661376953,69.65825653076172,250.40634155273438,172.66502380371094,23.574657440185547,42.934879302978516,86.72702026367188,33.42304611206055,31.16900062561035,,277.0877380371094,35.27284240722656,5.763482570648193,40.04336166381836,22.942354202270508,1.840000033378601,40.94679641723633,290.44781494140625,61.54573440551758,8.890000343322754,49.27863693237305,52.849998474121094,60.01537322998047,18.93000030517578,18.963333129882812,31.350509643554688,61.92205047607422,12.54640007019043,205.10865783691406,149.63999938964844,41.603206634521484
2018-05-04,43.18659973144531,71.23558044433594,34.62968444824219,49.24260330200195,11.279999732971191,79.04750061035156,181.6558074951172,56.47999954223633,18.471683502197266,320.2826232910156,24.233694076538086,,55.25261306762695,270.3399963378906,425.9121398925781,2.0883970260620117,52.15003967285156,123.56015014648438,31.547466278076172,117.60430908203125,12.024015426635742,121.99049377441406,4.300000190734863,66.37000274658203,162.6141815185547,48.495635986328125,52.119232177734375,196.412109375,178.51138305664062,31.069536209106445,44.866661071777344,153.47332763671875,99.43180084228516,87.17252349853516,128.84205627441406,69.97958374023438,251.62637329101562,175.23486328125,23.94123649597168,43.099056243896484,87.73193359375,33.63417053222656,32.00899887084961,,275.48138427734375,35.67924499511719,5.913637638092041,40.6209831237793,22.995153427124023,1.809999942779541,42.72107696533203,289.29559326171875,62.492183685302734,8.979999542236328,50.25525665283203,54.599998474121094,61.93909454345703,19.290000915527344,19.606000900268555,31.75371742248535,62.34759521484375,12.607154846191406,206.64158630371094,149.38999938964844,42.305477142333984
2018-05-07,43.499053955078125,70.8515396118164,34.49546432495117,50.46160888671875,11.59000015258789,80.00700378417969,181.07040405273438,58.459999084472656,18.90839195251465,326.02880859375,24.51490592956543,,54.36687469482422,269.70001220703125,428.5311279296875,2.101228713989258,52.57988357543945,126.47257232666016,30.908489227294922,117.93790435791016,12.024015426635742,124.58494567871094,4.590000152587891,67.1500015258789,163.76455688476562,48.09532165527344,52.53877258300781,198.30149841308594,182.90087890625,30.949016571044922,45.334190368652344,155.13333129882812,98.9513931274414,87.9282455444336,128.87644958496094,70.18487548828125,256.69219970703125,176.58425903320312,24.054697036743164,42.822933197021484,88.70919799804688,33.48250961303711,32.625999450683594,,278.36053466796875,35.456871032714844,6.151607513427734,40.940914154052734,23.054553985595703,1.8700000047683716,43.1442985534668,286.6037902832031,63.21379852294922,9.329999923706055,51.04370880126953,56.95000076293945,61.92387008666992,19.329999923706055,20.184667587280273,31.63851547241211,63.21848678588867,12.136285781860352,204.7845001220703,149.5,42.50727462768555
2018-05-08,43.70813751220703,70.68798065185547,34.70076370239258,51.55789566040039,11.609999656677246,79.61949920654297,180.13198852539062,60.970001220703125,19.139169692993164,324.05596923828125,24.754756927490234,,54.49229431152344,269.7300109863281,425.5274963378906,2.152556896209717,54.49886703491211,126.56539154052734,30.957643508911133,118.77587890625,11.858226776123047,126.2286605834961,4.489999771118164,67.26000213623047,166.40707397460938,48.34737777709961,52.495628356933594,198.13430786132812,187.9598388671875,30.8475284576416,45.58921432495117,154.1999969482422,98.16677856445312,89.23064422607422,132.36749267578125,70.40802764892578,261.9277038574219,177.52687072753906,22.780393600463867,42.3602294921875,88.33119201660156,32.77739334106445,32.68899917602539,,289.0162048339844,36.53805923461914,6.194156169891357,40.825382232666016,23.08755874633789,1.840000033378601,43.02220916748047,283.9417724609375,63.68439865112305,9.430000305175781,51.339393615722656,56.150001525878906,61.475284576416016,19.5,20.131332397460938,32.23919677734375,64.2279281616211,12.136285781860352,203.2515411376953,148.27000427246094,42.93510437011719
2018-05-09,44.01587677001953,71.9538345336914,34.50336456298828,51.90967559814453,11.949999809265137,80.4000015258789,183.9229278564453,61.27000045776367,19.075063705444336,329.9266662597656,25.40815544128418,,54.80582809448242,274.0299987792969,434.8739318847656,2.1461408138275146,55.22807693481445,128.82778930664062,31.744077682495117,119.20710754394531,12.024015426635742,128.97412109375,4.679999828338623,69.43000030517578,167.59922790527344,48.6957893371582,54.00117492675781,202.08859252929688,187.7310333251953,31.42476463317871,46.19277572631836,154.08999633789062,98.8873519897461,91.17622375488281,133.61431884765625,70.75614929199219,263.48699951171875,181.2377471923828,22.5185546875,43.24832534790039,89.37298583984375,32.44533157348633,33.029998779296875,,287.5416259765625,37.335533142089844,6.327239513397217,41.39412307739258,23.21295928955078,2.0,43.274513244628906,282.69024658203125,64.3746337890625,9.829999923706055,52.620628356933594,55.650001525878906,61.239559173583984,19.540000915527344,20.456666946411133,32.37907028198242,64.49513244628906,12.318556785583496,200.7813720703125,149.07000732421875,43.395198822021484
2018-05-10,44.64550018310547,73.14143371582031,34.6612663269043,52.77688980102539,12.130000114440918,80.4540023803711,186.82177734375,60.959999084472656,19.512575149536133,331.15863037109375,25.54876708984375,,55.4564208984375,274.0,438.89251708984375,2.1589725017547607,55.7039794921875,129.97584533691406,32.28473663330078,118.88163757324219,12.111273765563965,130.2624053955078,5.210000038146973,73.01000213623047,168.1160125732422,48.458587646484375,54.82040786743164,203.51815795898438,188.45974731445312,31.672155380249023,46.73681640625,156.13333129882812,100.36053466796875,91.88369750976562,134.7493438720703,72.17536926269531,262.17010498046875,184.0854034423828,23.024784088134766,43.33042526245117,90.26726531982422,32.84297561645508,32.959999084472656,,286.50592041015625,37.741943359375,6.434847354888916,41.705177307128906,23.35291290283203,2.0199999809265137,44.739524841308594,286.9613342285156,64.89232635498047,11.5,52.95271682739258,64.8499984741211,61.42964553833008,18.989999771118164,20.334667205810547,32.724674224853516,64.96025848388672,12.348937034606934,204.72317504882812,151.00999450683594,44.11362075805664
2018-05-11,44.47569274902344,74.08726501464844,34.724430084228516,52.64598083496094,11.949999809265137,80.14550018310547,184.712646484375,59.86000061035156,19.502155303955078,329.60906982421875,25.573579788208008,,55.785621643066406,282.3900146484375,442.3052673339844,2.210301160812378,55.92658615112305,130.72715759277344,32.35847473144531,118.98738861083984,12.09382152557373,130.89328002929688,5.090000152587891,72.77999877929688,169.9916534423828,49.0442008972168,54.71677017211914,203.0834503173828,186.570068359375,31.83073616027832,46.47329330444336,156.11666870117188,101.87374877929688,91.53800964355469,134.69769287109375,73.59459686279297,261.80657958984375,185.53402709960938,23.181882858276367,44.546897888183594,90.07366180419922,32.947513580322266,32.645999908447266,,285.53173828125,37.47355651855469,6.296319484710693,41.60740280151367,23.65949058532715,2.1600000858306885,44.95112609863281,304.8803405761719,65.09102630615234,10.6899995803833,53.365562438964844,64.30000305175781,61.96189880371094,19.079999923706055,20.070667266845703,32.839866638183594,65.10870361328125,12.409693717956543,208.72637939453125,155.97000122070312,43.952171325683594
2018-05-14,44.37192916870117,75.30332946777344,35.071834564208984,52.73618698120117,12.229999542236328,80.0770034790039,187.63015747070312,57.959999084472656,19.612735748291016,331.6590881347656,25.73899269104004,,55.683719635009766,282.3399963378906,441.75701904296875,2.2327563762664795,55.74236297607422,131.08168029785156,33.40683364868164,117.86468505859375,11.9105806350708,130.38681030273438,5.179999828338623,73.54000091552734,169.2831573486328,49.70395278930664,54.87644958496094,203.91111755371094,185.11251831054688,31.856107711791992,46.66880798339844,155.39666748046875,100.92899322509766,91.57012939453125,133.4250946044922,74.14801025390625,257.799072265625,185.18675231933594,23.714303970336914,44.5394287109375,90.37788391113281,32.836830139160156,32.85300064086914,,279.7560729980469,38.72343826293945,6.3168511390686035,41.60740280151367,23.899423599243164,2.190000057220459,46.18010330200195,307.462890625,65.35247039794922,10.890000343322754,52.8898811340332,68.55000305175781,62.129180908203125,18.90999984741211,19.46466636657715,32.8727912902832,64.85137176513672,12.356532096862793,212.7733917236328,157.4600067138672,43.97639083862305
2018-05-15,43.96866226196289,74.08726501464844,35.063941955566406,52.621376037597656,12.449999809265137,78.80599975585938,185.76255798339844,54.150001525878906,19.35792350769043,329.2818298339844,25.821704864501953,,55.683719635009766,276.05999755859375,436.3962097167969,2.2135086059570312,55.788421630859375,128.8108673095703,34.45516586303711,119.14199829101562,11.596457481384277,129.30282592773438,5.300000190734863,73.44000244140625,168.099365234375,49.65947341918945,53.798851013183594,201.94642639160156,185.0023956298828,31.837080001831055,45.83573913574219,152.27667236328125,100.18438720703125,90.8707046508789,133.17572021484375,73.38037872314453,258.3567199707031,182.88482666015625,24.063425064086914,44.18120574951172,89.72330474853516,32.560123443603516,32.612998962402344,,280.85321044921875,39.64360809326172,6.074427604675293,41.59853744506836,23.78612518310547,2.1500000953674316,45.28482437133789,298.43389892578125,65.12762451171875,10.850000381469727,52.79115676879883,67.6500015258789,64.13653564453125,18.700000762939453,18.94533348083496,32.33793640136719,64.71286010742188,12.30336856842041,209.7950439453125,155.5399932861328,44.19432830810547
2018-05-16,44.37901306152344,74.69886016845703,35.417964935302734,53.36762237548828,12.819999694824219,79.36399841308594,188.50357055664062,52.81999969482422,19.272186279296875,328.17498779296875,25.68936538696289,,55.33100509643555,281.510009765625,436.96099853515625,2.223132371902466,55.22807693481445,129.8323211669922,33.47286605834961,119.74407958984375,11.343409538269043,130.919921875,5.599999904632568,72.7699966430664,167.1407470703125,50.07461166381836,53.760169982910156,201.4449005126953,186.9259796142578,31.913206100463867,46.44778060913086,153.67999267578125,100.36053466796875,91.11994934082031,132.16114807128906,72.96066284179688,258.00103759765625,181.77352905273438,24.20307731628418,44.591670989990234,89.95479583740234,32.215755462646484,32.819000244140625,,281.89776611328125,39.658931732177734,6.085559844970703,41.527442932128906,23.779457092285156,2.109999895095825,46.147552490234375,301.17535400390625,65.24787902832031,10.640000343322754,52.84501266479492,67.55000305175781,65.44437408447266,19.100000381469727,19.09866714477539,32.74113082885742,64.97013854980469,12.212233543395996,211.73973083496094,156.16000366210938,44.428428649902344
2018-05-17,44.09837341308594,74.89794921875,35.72822570800781,54.47465515136719,12.819999694824219,79.08799743652344,188.0389404296875,55.79999923706055,19.187246322631836,331.22601318359375,25.482595443725586,,55.409393310546875,280.57000732421875,438.33599853515625,2.165389060974121,54.928714752197266,129.7394256591797,33.9268684387207,119.9571533203125,11.334684371948242,130.4401092529297,5.53000020980835,71.38999938964844,168.1910858154297,50.11166763305664,53.61983108520508,199.88990783691406,187.17173767089844,31.804279327392578,46.5922966003418,152.63999938964844,99.15956115722656,90.8144302368164,131.42160034179688,73.39207458496094,258.88177490234375,182.3291778564453,24.456195831298828,44.08418655395508,89.056640625,32.06203079223633,32.52199935913086,,284.84698486328125,39.513240814208984,6.1276116371154785,41.35858154296875,23.799448013305664,2.119999885559082,46.351016998291016,305.9332275390625,65.52657318115234,10.859999656677246,53.23991775512695,66.5999984741211,65.26946258544922,19.40999984741211,18.96933364868164,32.058170318603516,65.55404663085938,12.204636573791504,212.8259735107422,156.33999633789062,43.766502380371094
2018-05-18,43.93800735473633,75.3673324584961,35.81574249267578,55.114280700683594,13.0,78.71849822998047,183.35609436035156,56.09000015258789,18.909997940063477,338.0499267578125,25.027692794799805,,54.95967483520508,280.3999938964844,440.7174987792969,2.1621811389923096,53.70056915283203,131.44467163085938,34.133243560791016,122.03897857666016,11.090364456176758,137.9390106201172,5.340000152587891,70.0,168.8246612548828,50.42301559448242,53.04359436035156,198.13430786132812,187.84117126464844,31.893983840942383,45.47870635986328,152.92999267578125,99.4718246459961,89.34320068359375,132.33311462402344,73.76055145263672,258.9059753417969,181.25755310058594,24.360183715820312,44.13642501831055,89.22333526611328,32.06816864013672,32.417999267578125,,288.796875,39.44423294067383,6.083826065063477,41.16307067871094,23.752798080444336,2.119999885559082,46.806800842285156,299.7847595214844,65.83160400390625,10.979999542236328,53.078365325927734,66.44999694824219,65.52039337158203,20.149999618530273,18.454666137695312,31.613828659057617,65.63320922851562,12.128690719604492,214.29757690429688,157.24000549316406,43.34676742553711
2018-05-21,44.24929428100586,75.54511260986328,35.935062408447266,55.80311584472656,12.989999771118164,79.27300262451172,188.15977478027344,57.20000076293945,19.155193328857422,350.2637939453125,25.267549514770508,,55.17267990112305,277.6700134277344,444.80169677734375,2.194260597229004,54.061336517333984,134.15444946289062,34.727577209472656,123.7601318359375,11.090364456176758,140.6755828857422,5.5,70.91999816894531,171.5338897705078,50.1339111328125,53.75620651245117,198.71949768066406,188.75634765625,32.01571273803711,46.1757698059082,154.4600067138672,99.05549621582031,90.16323852539062,132.8232421875,73.54486083984375,262.0003662109375,183.05349731445312,24.683128356933594,43.711036682128906,90.37147521972656,32.8409309387207,33.18199920654297,,290.850830078125,39.95799255371094,6.041775226593018,41.95399475097656,23.859426498413086,2.2200000286102295,46.96957778930664,294.6097106933594,67.33553314208984,10.90999984741211,53.34761428833008,67.25,66.46324920654297,21.3799991607666,18.965999603271484,32.477813720703125,66.30615234375,12.174259185791016,217.15321350097656,156.22000122070312,44.02482604980469
2018-05-22,44.138458251953125,75.54511260986328,35.72822570800781,54.991275787353516,12.979999542236328,79.06999969482422,188.1876220703125,56.15999984741211,19.110322952270508,341.69769287109375,25.54876708984375,,55.20425796508789,279.69000244140625,447.58416748046875,2.181429147720337,54.56028366088867,131.85833740234375,34.55423355102539,122.17007446289062,11.31723403930664,137.79685974121094,5.539999961853027,69.98999786376953,170.3668212890625,50.28217697143555,53.324764251708984,198.97027587890625,187.05307006835938,32.3616828918457,46.286277770996094,151.5366668701172,98.406982421875,90.85464477539062,129.6073455810547,73.89535522460938,256.2235412597656,182.36888122558594,24.395099639892578,43.62147521972656,90.27890014648438,32.67899703979492,33.1619987487793,,284.82940673828125,39.15285110473633,6.0036797523498535,41.207515716552734,23.806114196777344,2.140000104904175,46.70914077758789,292.7025451660156,67.2408676147461,10.880000114440918,53.48223114013672,66.3499984741211,66.21231079101562,20.950000762939453,18.333999633789062,32.617698669433594,65.79155731201172,12.409693717956543,214.7706298828125,156.27999877929688,44.60600280761719
2018-05-23,44.42145538330078,75.09708404541016,35.64070129394531,54.62227249145508,13.100000381469727,80.09300231933594,186.0134735107422,56.61000061035156,19.27618980407715,345.73046875,25.176570892333984,,55.10167694091797,283.75,444.1303405761719,2.20709228515625,53.915504455566406,133.1583709716797,34.05895233154297,122.17007446289062,11.238702774047852,139.1207275390625,5.650000095367432,68.41999816894531,171.35882568359375,50.534202575683594,53.852901458740234,198.81141662597656,188.5106201171875,31.88115692138672,46.93232727050781,152.90333557128906,98.83931732177734,90.43657684326172,132.35888671875,74.30879974365234,262.8407897949219,185.44471740722656,24.482376098632812,44.1588249206543,91.35298156738281,32.85321807861328,34.47200012207031,,288.10345458984375,39.398223876953125,6.127193450927734,41.67850875854492,23.972728729248047,2.140000104904175,47.87299728393555,293.3283996582031,67.08837890625,10.890000343322754,52.8898811340332,61.650001525878906,66.72177124023438,21.040000915527344,18.60466766357422,32.62593078613281,65.97960662841797,12.265395164489746,213.96469116210938,156.97999572753906,45.348636627197266
2018-05-24,44.37192916870117,73.34766387939453,35.648681640625,54.90106964111328,13.40999984741211,80.15350341796875,186.59877014160156,58.060001373291016,19.51418113708496,345.5283508300781,24.98634147644043,,55.30681610107422,284.4100036621094,442.6327819824219,2.152556896209717,53.201637268066406,133.12457275390625,34.18279266357422,121.61274719238281,10.688982963562012,140.5422821044922,5.800000190734863,68.37000274658203,174.00140380859375,50.05976867675781,53.827613830566406,197.3818817138672,193.39892578125,31.605663299560547,46.54129409790039,152.59666442871094,97.87855529785156,89.42359924316406,132.34165954589844,74.33575439453125,263.6728820800781,184.48228454589844,24.316543579101562,44.12897491455078,91.02889251708984,33.04180145263672,34.92900085449219,,292.12353515625,39.214195251464844,6.130906581878662,41.28749084472656,23.91941261291504,2.1500000953674316,48.08461380004883,292.6330261230469,66.99373626708984,11.010000228881836,52.18086242675781,56.45000076293945,65.4671859741211,21.030000686645508,18.523332595825195,32.313255310058594,66.20720672607422,12.128690719604492,212.6244659423828,156.97000122070312,44.1297492980957
2018-05-25,44.47333908081055,71.8827133178711,35.441829681396484,55.319278717041016,13.539999961853027,80.50749969482422,186.8496856689453,57.939998626708984,20.0350284576416,346.5774230957031,24.944990158081055,,55.180580139160156,286.2099914550781,441.6341552734375,2.1397244930267334,52.53384017944336,131.56283569335938,34.389137268066406,120.10467529296875,10.626371383666992,141.27090454101562,5.610000133514404,68.25,173.49290466308594,49.94858169555664,53.75967788696289,196.47061157226562,191.0525360107422,31.483924865722656,47.12784194946289,152.18666076660156,97.97533416748047,88.96534729003906,131.47323608398438,74.38969421386719,259.1888427734375,183.48011779785156,24.464923858642578,44.099117279052734,91.07518005371094,33.291866302490234,35.12900161743164,,291.35113525390625,38.876808166503906,6.170263290405273,41.76736831665039,23.779457092285156,1.9700000286102295,48.80082321166992,291.7689208984375,66.79917907714844,10.90999984741211,51.42695617675781,58.95000076293945,65.71965026855469,21.0,18.59000015258789,32.33793640136719,65.87074279785156,12.060338973999023,214.5691375732422,157.5,44.31542205810547
2018-05-29,44.3129768371582,70.73776245117188,34.83720779418945,53.679222106933594,13.359999656677246,80.64350128173828,181.7393798828125,58.029998779296875,20.007783889770508,339.2530517578125,23.952486038208008,,54.95967483520508,287.0899963378906,429.0712890625,2.0691494941711426,50.438316345214844,129.68035888671875,33.984657287597656,118.43268585205078,9.96497917175293,137.72579956054688,5.849999904632568,69.20999908447266,168.2327423095703,49.9115104675293,52.96574020385742,189.79925537109375,186.5552520751953,30.856040954589844,47.02583312988281,151.5433349609375,96.30570983886719,85.16265106201172,129.71908569335938,74.09309387207031,256.2801818847656,184.29376220703125,24.290361404418945,43.58415603637695,90.7511215209961,33.560394287109375,34.972999572753906,,286.5675048828125,38.39371109008789,6.153184413909912,41.10976791381836,23.79277992248535,1.9500000476837158,47.88798141479492,294.5103759765625,65.78950500488281,11.0,49.488346099853516,60.20000076293945,65.37540435791016,20.540000915527344,18.917333602905273,31.39988136291504,65.1482925415039,11.551496505737305,212.1339111328125,155.24000549316406,42.74136734008789
2018-05-30,44.21864318847656,73.25521087646484,35.22702407836914,53.32661819458008,13.819999694824219,81.24449920654297,183.13314819335938,57.970001220703125,19.984548568725586,344.748779296875,24.390838623046875,,55.5040397644043,294.3999938964844,437.2801208496094,2.0531091690063477,51.18288040161133,131.23361206054688,34.29008483886719,119.23589324951172,10.203079223632812,137.7879638671875,6.230000019073486,69.04000091552734,170.09176635742188,50.17838668823242,53.431884765625,192.25738525390625,189.31825256347656,31.16357421875,47.331851959228516,153.22000122070312,97.57203674316406,87.10821533203125,131.34426879882812,75.36933135986328,259.38275146484375,186.20872497558594,24.47364616394043,44.569278717041016,91.62149810791016,33.87604522705078,35.354000091552734,,291.03509521484375,39.18351745605469,6.262093544006348,41.81181335449219,24.026050567626953,1.9500000476837158,48.01955795288086,298.8709411621094,66.36270141601562,11.5,50.26918411254883,58.650001525878906,66.45401763916016,21.020000457763672,19.447999954223633,31.548004150390625,66.21710968017578,11.688200950622559,214.5603790283203,156.63999938964844,43.77458190917969
2018-05-31,44.070072174072266,70.3608627319336,34.78152084350586,52.15396499633789,13.729999542236328,81.48100280761719,182.7149658203125,57.86000061035156,20.1984920501709,338.945068359375,24.116785049438477,,54.87288284301758,293.9599914550781,437.2309265136719,2.0883970260620117,51.19057083129883,128.23684692382812,33.95988845825195,116.70332336425781,9.770970344543457,132.83901977539062,5.730000019073486,67.61000061035156,168.14938354492188,49.96341323852539,54.54915237426758,189.50563049316406,187.9409942626953,30.996997833251953,46.923831939697266,153.22332763671875,96.483154296875,86.03093719482422,129.86837768554688,76.4298324584961,255.72412109375,190.28671264648438,23.993600845336914,44.427494049072266,91.5196304321289,33.98674011230469,35.15999984741211,,287.2432556152344,38.83846664428711,6.242291450500488,41.5185546875,23.946067810058594,1.8700000047683716,47.79751968383789,298.30474853515625,65.63703155517578,12.100000381469727,49.91913604736328,55.849998474121094,65.12294006347656,18.09000015258789,18.98200035095215,31.844223022460938,65.8905258178711,11.559090614318848,211.55577087402344,154.0,43.58086013793945
2018-06-01,44.864830017089844,69.72795867919922,34.86106872558594,52.76078414916992,14.399999618530273,82.0770034790039,187.83457946777344,58.5,20.540653228759766,343.33392333984375,24.415754318237305,,55.1411247253418,297.0899963378906,441.18402099609375,2.078773260116577,51.6434326171875,129.595947265625,33.40683364868164,117.6787109375,9.735694885253906,136.28639221191406,5.78000020980835,65.93000030517578,169.61659240722656,50.63056945800781,56.28480911254883,191.57791137695312,189.80279541015625,31.246868133544922,48.52195358276367,159.75,97.80594635009766,87.14842987060547,131.78443908691406,76.25907135009766,257.4232177734375,192.47952270507812,24.141983032226562,45.19618225097656,93.32521057128906,33.42716598510742,35.99300003051758,,290.71429443359375,38.92279815673828,6.376697540283203,42.078399658203125,24.159337997436523,1.8899999856948853,48.20048522949219,304.8207702636719,66.15762329101562,12.270000457763672,50.91537857055664,54.70000076293945,63.11103820800781,17.209999084472656,19.454666137695312,32.255653381347656,66.50410461425781,11.862876892089844,213.1675567626953,152.0500030517578,44.145912170410156
2018-06-04,45.23979568481445,70.47465515136719,35.07587814331055,52.08016586303711,14.850000381469727,83.26349639892578,189.46987915039062,59.86000061035156,20.70331573486328,347.1934814453125,24.415754318237305,,55.220035552978516,298.9100036621094,442.5016784667969,2.1268930435180664,51.68947982788086,128.73489379882812,33.489376068115234,116.62957763671875,9.885612487792969,134.64268493652344,5.789999961853027,61.7400016784668,168.89132690429688,52.046443939208984,57.179412841796875,192.86988830566406,190.66995239257812,31.445491790771484,48.30943298339844,159.30999755859375,98.36247253417969,87.18862915039062,131.96566772460938,76.456787109375,258.6752624511719,191.77505493164062,23.967416763305664,46.28578567504883,94.14004516601562,33.262054443359375,36.180999755859375,,293.1986999511719,38.64677429199219,6.555657863616943,42.051753997802734,24.29262924194336,1.8700000047683716,48.2827262878418,309.9957580566406,66.41001892089844,12.319999694824219,51.03205490112305,56.0,63.04218673706055,17.420000076293945,19.78266716003418,32.889251708984375,66.61296844482422,11.878067016601562,214.28883361816406,149.64999389648438,44.25890350341797
2018-06-05,45.58882141113281,70.5741958618164,35.187255859375,52.36717987060547,14.850000381469727,84.81749725341797,194.48716735839844,60.349998474121094,20.774627685546875,346.5871276855469,24.183223724365234,,55.575077056884766,298.6400146484375,437.3538818359375,2.1589725017547607,51.244285583496094,129.1654052734375,34.1249885559082,116.03125,9.726877212524414,137.2282257080078,5.619999885559082,58.2400016784668,167.6409149169922,51.93525314331055,57.07923889160156,191.5694580078125,189.33523559570312,31.2148380279541,48.054412841796875,164.1233367919922,97.9833984375,86.69819641113281,132.00881958007812,76.23214721679688,260.17938232421875,191.43771362304688,24.325273513793945,45.815616607666016,94.62153625488281,32.87612533569336,36.58000183105469,,290.0096130371094,38.792449951171875,6.561102867126465,41.88290786743164,24.285968780517578,1.8200000524520874,48.5047607421875,309.75738525390625,66.23123168945312,12.819999694824219,50.52944564819336,53.25,63.608272552490234,18.25,19.408666610717773,32.535423278808594,67.62237548828125,11.604659080505371,214.1135711669922,145.72000122070312,43.99252700805664
2018-06-06,45.7468376159668,71.10044860839844,35.63276672363281,53.80223083496094,15.670000076293945,84.7874984741211,198.4731903076172,60.310001373291016,21.11598777770996,357.6170349121094,24.947248458862305,,55.283145904541016,303.75,454.1072692871094,2.229548931121826,52.37266159057617,132.1199951171875,35.13207244873047,117.65409088134766,10.009071350097656,140.87103271484375,5.300000190734863,55.529998779296875,167.98268127441406,53.35114669799805,56.87740707397461,194.83302307128906,191.43507385253906,31.61847496032715,48.479454040527344,164.4600067138672,99.04003143310547,88.72415924072266,132.46624755859375,77.22972869873047,260.0900573730469,189.85015869140625,25.40416717529297,46.2186164855957,94.8993148803711,32.22190856933594,36.744998931884766,,295.3219299316406,40.38740158081055,6.563082218170166,42.43386459350586,24.245981216430664,1.8600000143051147,49.2120246887207,313.015380859375,66.6887435913086,12.569999694824219,52.01033020019531,53.5,64.79398345947266,18.020000457763672,21.299999237060547,32.551876068115234,68.14689636230469,11.756551742553711,217.81021118164062,145.97000122070312,44.86431121826172
2018-06-07,45.624210357666016,70.63109588623047,35.55320739746094,52.416385650634766,14.890000343322754,84.46499633789062,192.85186767578125,60.130001068115234,21.208940505981445,354.70074462890625,24.98877716064453,,54.5178337097168,305.3699951171875,451.86920166015625,2.2520041465759277,52.54151153564453,131.93429565429688,35.40447235107422,117.90814971923828,10.15017032623291,140.95993041992188,5.320000171661377,53.279998779296875,169.0997314453125,53.29924774169922,56.256046295166016,195.85658264160156,189.19924926757812,31.599260330200195,47.50188064575195,161.77999877929688,99.4755859375,89.0779037475586,132.03472900390625,77.18478393554688,261.7485046386719,186.71473693847656,25.596351623535156,46.263397216796875,93.40855407714844,32.27349853515625,36.13999938964844,,297.8325500488281,40.257049560546875,6.507390022277832,42.37166976928711,24.31928825378418,1.850000023841858,49.869937896728516,306.6483459472656,67.08837890625,12.279999732971191,51.462860107421875,53.45000076293945,65.57428741455078,17.34000015258789,21.07266616821289,32.51896286010742,67.93911743164062,11.809715270996094,218.09925842285156,145.75,44.9046630859375
2018-06-08,45.20914077758789,71.42044830322266,35.68049240112305,52.219566345214844,15.25,84.19950103759766,192.74969482421875,61.02000045776367,20.6712646484375,355.6343688964844,24.92233657836914,,54.57306671142578,303.2900085449219,452.0914001464844,2.2327563762664795,52.556861877441406,131.11546325683594,35.64384841918945,117.76061248779297,9.920886993408203,139.60047912597656,5.03000020980835,52.66999816894531,168.87466430664062,53.30665969848633,56.17124557495117,195.8062744140625,192.42971801757812,31.637697219848633,46.79631423950195,161.53334045410156,100.06438446044922,89.32711791992188,133.47605895996094,77.36454010009766,262.0411071777344,187.62757873535156,25.736133575439453,46.703712463378906,94.1030044555664,32.36018371582031,36.05699920654297,,298.3258972167969,40.38740158081055,6.492043972015381,42.81600570678711,24.43925666809082,1.8600000143051147,49.55742645263672,306.0325622558594,67.1041488647461,12.6899995803833,51.812889099121094,53.900001525878906,66.58406066894531,17.489999771118164,21.17733383178711,32.033477783203125,68.60214233398438,11.733766555786133,219.5884246826172,150.5500030517578,44.94503402709961
2018-06-11,45.098289489746094,70.95109558105469,36.20555877685547,52.219566345214844,15.729999542236328,84.45600128173828,194.9889373779297,60.11000061035156,20.900432586669922,357.02032470703125,24.963863372802734,,54.983333587646484,306.67999267578125,451.80340576171875,2.2263405323028564,52.280540466308594,131.94277954101562,35.553062438964844,118.48185729980469,10.079621315002441,139.20957946777344,4.619999885559082,51.81999969482422,168.1410675048828,53.247344970703125,56.577388763427734,196.39352416992188,191.97067260742188,31.58003807067871,46.34577941894531,163.57000732421875,98.93515014648438,89.1020278930664,133.11358642578125,77.16681671142578,259.59405517578125,190.04861450195312,25.718656539916992,46.51713562011719,93.56597137451172,32.07125473022461,36.14500045776367,,294.564208984375,40.433406829833984,6.450954437255859,42.82488250732422,24.192663192749023,1.9299999475479126,49.28604507446289,309.85675048828125,67.39864349365234,12.640000343322754,51.52568435668945,52.900001525878906,66.43871307373047,17.59000015258789,22.139999389648438,31.893600463867188,68.18649291992188,12.083122253417969,222.303955078125,148.6300048828125,44.80780029296875
2018-06-12,45.34591293334961,70.33951568603516,35.8793830871582,52.522987365722656,15.850000381469727,84.9375,194.50582885742188,58.75,20.948514938354492,356.7123107910156,24.83098602294922,,54.983333587646484,306.19000244140625,450.1987609863281,2.1750128269195557,51.89674377441406,132.94729614257812,35.949275970458984,117.68685150146484,10.061983108520508,140.01808166503906,4.5,53.849998474121094,165.4734649658203,53.136146545410156,56.938899993896484,195.16860961914062,188.5531463623047,31.56081199645996,46.600799560546875,164.97332763671875,98.8383560180664,88.5875015258789,131.49961853027344,76.83427429199219,256.22808837890625,190.90188598632812,25.744869232177734,46.599239349365234,93.80671691894531,32.48607635498047,36.382999420166016,,290.1504821777344,40.40273666381836,6.4994683265686035,43.055946350097656,24.192663192749023,2.009999990463257,49.1709098815918,307.4529113769531,67.23035430908203,13.489999771118164,51.43593978881836,51.650001525878906,66.40813446044922,17.440000534057617,22.851333618164062,32.255653381347656,67.39479064941406,12.060338973999023,222.12876892089844,150.99000549316406,44.7028694152832
2018-06-13,44.973304748535156,69.39369201660156,36.02257537841797,51.19452667236328,16.31999969482422,85.24299621582031,198.603271484375,60.0,21.12079429626465,350.1964111328125,24.781158447265625,,56.008995056152344,306.9100036621094,437.9051513671875,2.1461408138275146,51.65110778808594,130.6004638671875,36.576629638671875,116.02303314208984,10.026707649230957,136.24200439453125,5.980000019073486,52.689998626708984,166.57386779785156,52.847049713134766,56.742515563964844,196.17539978027344,187.59243774414062,31.586448669433594,46.7793083190918,163.49000549316406,98.91094207763672,88.41062927246094,131.39608764648438,77.0409927368164,255.56968688964844,190.91183471679688,25.928325653076172,46.71117401123047,93.38076782226562,32.43035125732422,37.99300003051758,,288.8026123046875,41.06218338012695,6.495014190673828,42.89598083496094,24.139352798461914,2.009999990463257,48.7021369934082,306.2113342285156,66.75183868408203,13.979999542236328,51.48080825805664,51.54999923706055,65.543701171875,17.0,22.985332489013672,32.13222122192383,67.10777282714844,12.022366523742676,221.50682067871094,151.94000244140625,44.525291442871094
2018-06-14,44.99687957763672,70.22574615478516,35.99076461791992,50.58770751953125,16.25,86.19300079345703,200.5915985107422,59.25,21.51183319091797,348.8200378417969,24.498802185058594,,55.661865234375,305.67999267578125,430.6556091308594,2.1397244930267334,50.783729553222656,129.275146484375,37.08017349243164,116.29351043701172,9.894430160522461,133.434326171875,6.440000057220459,53.709999084472656,163.2393798828125,53.16836929321289,57.53001403808594,196.02442932128906,186.98878479003906,31.496749877929688,47.212852478027344,165.17333984375,98.7334976196289,86.8509521484375,129.41958618164062,77.60721588134766,252.5127410888672,195.2775421142578,25.753602981567383,46.29755401611328,93.9085693359375,32.777061462402344,39.2869987487793,,284.16864013671875,41.20020294189453,6.606646537780762,40.78984451293945,24.099361419677734,1.9900000095367432,48.89952850341797,313.5517272949219,66.75183868408203,14.180000305175781,50.80768585205078,51.20000076293945,65.67374420166016,16.700000762939453,23.847999572753906,31.761938095092773,66.810791015625,11.999582290649414,223.66171264648438,154.99000549316406,44.1862678527832
2018-06-15,44.53466033935547,70.80888366699219,36.619239807128906,51.1207275390625,16.34000015258789,85.79850006103516,199.59742736816406,59.33000183105469,21.653661727905273,344.450439453125,24.31609535217285,,55.291038513183594,305.0299987792969,431.6102600097656,2.0980212688446045,50.921905517578125,126.64141845703125,36.79950714111328,117.30985260009766,9.78860855102539,132.16375732421875,5.690000057220459,51.060001373291016,163.22271728515625,52.48088455200195,57.48836135864258,194.5729522705078,187.4734344482422,31.080286026000977,46.847312927246094,163.49667358398438,98.89482879638672,86.74640655517578,128.79815673828125,78.08354949951172,252.14682006835938,194.32504272460938,25.31679916381836,46.65102005004883,92.714111328125,32.9256591796875,39.198001861572266,,283.2524108886719,41.06218338012695,6.565805912017822,41.127532958984375,24.232646942138672,1.9800000190734863,49.22848129272461,313.1842041015625,66.73604583740234,13.630000114440918,50.340972900390625,47.45000076293945,66.209228515625,16.850000381469727,23.878000259399414,31.83599853515625,66.7315902709961,11.809715270996094,225.0242462158203,155.02000427246094,44.379981994628906
2018-06-18,44.511085510253906,70.0337142944336,36.746524810791016,51.36673355102539,17.110000610351562,86.18949890136719,196.14102172851562,60.2599983215332,21.194517135620117,341.4281921386719,24.415754318237305,,56.08000183105469,289.1199951171875,434.0951843261719,2.0883970260620117,51.23660659790039,125.51020050048828,37.930416107177734,116.71971893310547,9.770970344543457,131.3108367919922,6.099999904632568,51.83000183105469,163.3644256591797,51.60657501220703,58.69390106201172,194.12831115722656,188.5190887451172,31.080286026000977,45.240684509277344,163.55667114257812,97.85433197021484,86.97154998779297,128.8327178955078,77.39149475097656,251.6427459716797,196.76588439941406,25.55267333984375,45.86885452270508,93.3900375366211,33.105201721191406,39.040000915527344,,284.0452880859375,41.008506774902344,6.5615973472595215,41.340824127197266,24.099361419677734,1.9900000095367432,48.68569564819336,313.49212646484375,67.04106140136719,13.819999694824219,49.79349899291992,47.70000076293945,65.8190689086914,16.84000015258789,24.722000122070312,31.473947525024414,66.77119445800781,11.604659080505371,224.04852294921875,151.69000244140625,44.46070861816406
2018-06-19,43.79178237915039,69.69947052001953,36.651065826416016,49.7840690612793,16.690000534057617,86.73899841308594,191.56968688964844,57.779998779296875,21.19045639038086,328.3193359375,24.29949188232422,,56.695396423339844,292.0400085449219,433.3300476074219,2.037069797515869,51.2596321105957,120.96861267089844,37.31132125854492,114.55597686767578,9.850337028503418,126.41527557373047,6.199999809265137,52.22999954223633,158.96290588378906,53.01145935058594,58.4514045715332,191.5526885986328,182.381103515625,30.81120491027832,44.99416732788086,162.86666870117188,98.86256408691406,86.46507263183594,125.53567504882812,78.02963256835938,245.95176696777344,195.95228576660156,24.731494903564453,45.89894104003906,93.3900375366211,33.63972473144531,40.49800109863281,,276.4864807128906,40.46408462524414,6.439815998077393,41.118656158447266,24.139352798461914,1.9800000190734863,48.274497985839844,324.8752746582031,65.7579574584961,13.779999732971191,49.60500717163086,49.25,63.195194244384766,16.719999313354492,23.503332138061523,30.90618133544922,65.63277435302734,11.513522148132324,222.42218017578125,154.5,44.46070861816406
2018-06-20,43.98280715942383,69.87017059326172,36.730621337890625,50.341697692871094,16.520000457763672,87.50399780273438,190.93788146972656,59.77000045776367,21.212383270263672,329.8304138183594,24.28287696838379,,55.44093704223633,296.8599853515625,433.30523681640625,1.9921574592590332,51.72018051147461,120.82506561279297,36.79950714111328,113.58062744140625,9.770970344543457,128.25442504882812,6.159999847412109,51.66999816894531,159.55479431152344,53.4000244140625,58.718196868896484,191.13320922851562,181.85398864746094,30.913713455200195,45.444705963134766,162.48333740234375,98.43508911132812,86.45703125,125.3458251953125,77.54430389404297,246.2281036376953,200.4271697998047,24.2772216796875,46.086952209472656,94.3252182006836,33.57782745361328,41.67599868774414,,274.9360046386719,40.11135482788086,6.492786884307861,38.052757263183594,24.29929542541504,2.009999990463257,48.348506927490234,334.6690673828125,65.9210205078125,13.859999656677246,49.847347259521484,50.95000076293945,60.99967956542969,17.110000610351562,24.148000717163086,31.556222915649414,66.07825469970703,11.62744426727295,222.2375946044922,157.6300048828125,43.97639083862305
2018-06-21,43.737545013427734,67.95008087158203,36.59537887573242,49.603675842285156,15.649999618530273,86.51100158691406,189.76715087890625,59.22999954223633,21.08489227294922,324.9891662597656,24.32440185546875,,56.05633544921875,297.3399963378906,431.98870849609375,1.9664936065673828,51.912086486816406,117.7861099243164,37.071922302246094,110.8431625366211,9.60341739654541,126.17536163330078,6.21999979019165,52.310001373291016,157.07891845703125,53.444854736328125,57.9926872253418,190.42848205566406,179.9666748046875,30.381921768188477,44.365108489990234,162.36000061035156,97.95921325683594,86.43289184570312,123.55060577392578,77.35555267333984,244.21189880371094,199.93104553222656,24.792644500732422,46.011749267578125,93.6493148803711,33.716087341308594,41.54399871826172,,276.1429138183594,40.44874572753906,6.364074230194092,38.301578521728516,24.192663192749023,1.9900000095367432,48.315608978271484,326.83203125,64.932373046875,13.6899995803833,49.64093017578125,50.25,62.33077621459961,16.559999465942383,23.167333602905273,30.955547332763672,66.00896453857422,11.536307334899902,221.42886352539062,156.57000732421875,43.88759231567383
2018-06-22,43.61018753051758,66.48511505126953,37.01702117919922,49.80047607421875,15.800000190734863,85.78350067138672,191.74620056152344,59.41999816894531,21.08976173400879,326.1922607421875,24.075258255004883,,56.4271354675293,296.0400085449219,430.1454772949219,2.0049893856048584,51.58201599121094,118.13223266601562,37.39384460449219,111.50704956054688,9.709240913391113,127.20598602294922,6.619999885559082,52.650001525878906,157.87088012695312,53.10860824584961,57.98524856567383,189.62306213378906,181.04632568359375,30.721500396728516,44.628623962402344,161.07000732421875,99.08035278320312,85.01795196533203,124.0252685546875,77.22074890136719,243.39898681640625,200.169189453125,25.229442596435547,46.2298583984375,92.973388671875,33.90802764892578,41.10900115966797,,274.9183654785156,41.16954040527344,6.211598873138428,39.19023513793945,24.332624435424805,2.0399999618530273,48.110023498535156,329.7424011230469,65.6633071899414,13.869999885559082,49.27294921875,50.04999923706055,62.728553771972656,16.200000762939453,22.242000579833984,31.36699104309082,66.3851318359375,11.840094566345215,223.6089630126953,159.19000244140625,43.540489196777344
2018-06-25,42.96165466308594,66.17221069335938,36.80221176147461,49.28384780883789,15.109999656677246,83.15750122070312,182.7149658203125,58.25,20.49778175354004,318.7716064453125,23.6517276763916,,56.2141227722168,292.19000244140625,423.8917236328125,1.9247901439666748,50.469017028808594,115.29582977294922,36.312496185302734,109.94976043701172,9.60341739654541,124.07844543457031,6.980000019073486,52.63999938964844,157.637451171875,53.16091537475586,56.49705123901367,185.86451721191406,181.947509765625,30.215343475341797,43.10702133178711,157.82666015625,98.87869262695312,84.24616241455078,124.38780212402344,77.08594512939453,242.9029998779297,194.8211669921875,24.574243545532227,45.93654251098633,91.10297393798828,34.34142303466797,38.448001861572266,,276.38079833984375,41.3765754699707,5.918780326843262,39.350196838378906,24.245981216430664,1.940000057220459,46.91754150390625,324.9149475097656,65.52657318115234,13.449999809265137,47.93567657470703,49.20000076293945,62.047706604003906,16.229999542236328,22.200666427612305,31.14093780517578,65.06851959228516,11.57427978515625,220.3915252685547,154.75999450683594,43.556640625
2018-06-26,43.494625091552734,65.5108413696289,36.77836227416992,49.4560661315918,15.5,84.55449676513672,183.9414520263672,62.22999954223633,20.42631721496582,318.8677978515625,23.70155143737793,,55.95376968383789,291.9200134277344,420.361572265625,1.9247901439666748,50.898868560791016,114.41792297363281,36.403282165527344,109.77767944335938,9.506412506103516,124.07844543457031,7.300000190734863,51.90999984741211,157.38735961914062,52.49583435058594,56.166786193847656,185.89805603027344,182.00694274902344,30.433177947998047,42.22294616699219,160.92666625976562,98.68512725830078,84.30243682861328,124.53451538085938,76.49276733398438,243.15492248535156,197.4505157470703,24.504358291625977,45.665794372558594,91.74187469482422,34.41777420043945,39.93899917602539,,272.5221252441406,41.87499237060547,5.989818572998047,39.465728759765625,24.245981216430664,2.0299999713897705,46.42410659790039,325.0341796875,66.06822967529297,13.5,47.63050842285156,48.099998474121094,62.22365951538086,16.40999984741211,22.799999237060547,31.09828758239746,65.32589721679688,11.642633438110352,219.5652313232422,151.5,43.12882614135742
2018-06-27,43.43095779418945,65.0770492553711,36.810176849365234,49.20185470581055,14.970000267028809,83.02549743652344,180.15985107421875,66.62999725341797,20.066579818725586,317.44342041015625,23.45241355895996,,55.283145904541016,287.92999267578125,414.3382568359375,1.889501929283142,50.24641799926758,113.63285064697266,36.17214584350586,108.4499282836914,9.153671264648438,123.83857727050781,6.809999942779541,50.97999954223633,154.9615020751953,51.292724609375,55.38920593261719,184.72348022460938,180.7913360595703,29.837339401245117,41.44938278198242,158.79666137695312,98.08826446533203,83.00003051757812,124.12886810302734,76.09732055664062,239.65902709960938,194.3151397705078,24.521831512451172,45.03406524658203,90.31593322753906,34.68814468383789,39.03900146484375,,270.0993957519531,41.20020294189453,5.834622383117676,38.612606048583984,24.132688522338867,1.9700000286102295,45.37144470214844,334.3512268066406,65.39512634277344,13.100000381469727,46.580440521240234,46.45000076293945,62.063018798828125,15.84000015258789,22.96666717529297,30.28799819946289,64.78144073486328,11.505927085876465,218.15869140625,147.5,43.00773620605469
2018-06-28,43.746978759765625,65.73128509521484,36.746524810791016,49.603675842285156,15.3100004196167,85.07250213623047,179.86253356933594,68.79000091552734,19.887115478515625,322.0921325683594,23.809511184692383,,54.91233444213867,288.75,412.8899230957031,1.895918369293213,51.336395263671875,114.83155822753906,36.56012725830078,109.20396423339844,9.233036994934082,124.49042510986328,6.949999809265137,52.130001068115234,156.25363159179688,52.55561828613281,55.87717056274414,187.44174194335938,183.46075439453125,30.074390411376953,41.86591339111328,161.23666381835938,98.40282440185547,84.35869598388672,124.94014739990234,76.83427429199219,240.0330810546875,194.7020721435547,24.731494903564453,45.34994125366211,91.3251953125,34.42603302001953,39.54199981689453,,271.09490966796875,41.23884201049805,5.96184778213501,38.95918655395508,24.232646942138672,1.9900000095367432,45.971805572509766,339.5262756347656,65.52133178710938,13.050000190734863,46.40991973876953,49.5,63.057491302490234,15.539999961853027,23.32866668701172,30.654769897460938,65.0486831665039,11.551496505737305,215.28416442871094,147.58999633789062,43.29026412963867
2018-06-29,43.654991149902344,65.88776397705078,36.46012878417969,49.79228210449219,14.989999771118164,84.98999786376953,183.9414520263672,71.43000030517578,19.703596115112305,322.9198303222656,23.410888671875,,54.99910354614258,290.239990234375,410.6435241699219,1.9921574592590332,51.36709976196289,114.52765655517578,36.65093994140625,109.00725555419922,9.365316390991211,124.82974243164062,6.730000019073486,52.65999984741211,155.39503479003906,52.93672561645508,55.99667739868164,185.0507049560547,184.30239868164062,30.20253562927246,42.2569465637207,159.4933319091797,97.8704605102539,83.77182006835938,124.75028228759766,76.69047546386719,240.1875,192.8069610595703,24.504358291625977,45.650753021240234,91.30667877197266,34.471431732177734,39.143001556396484,,271.077392578125,42.011390686035156,5.863829135894775,39.154693603515625,24.179338455200195,2.0199999809265137,46.15272521972656,342.6749572753906,65.7474594116211,13.149999618530273,45.862430572509766,47.849998474121094,63.61594772338867,15.550000190734863,22.863332748413086,31.183612823486328,65.2467041015625,11.650227546691895,215.67098999023438,169.9600067138672,44.75130844116211
2018-07-02,44.14316940307617,66.2148666381836,35.98280715942383,49.685672760009766,15.15999984741211,85.68900299072266,181.41419982910156,71.29000091552734,19.655683517456055,323.4684753417969,23.48563003540039,,54.69930648803711,295.7699890136719,411.03851318359375,1.9729098081588745,51.55133056640625,115.0510025024414,35.82545852661133,108.3925552368164,9.382954597473145,126.04407501220703,7.139999866485596,53.04999923706055,156.1953125,53.26552200317383,56.63739013671875,187.3074951171875,184.77001953125,29.805295944213867,42.67348861694336,162.6999969482422,98.0640640258789,84.47930908203125,125.98452758789062,77.16681671142578,243.1874542236328,195.82327270507812,24.2772216796875,45.47026824951172,92.60296630859375,34.88005828857422,39.81800079345703,,272.1080627441406,41.54012680053711,5.996007442474365,39.94559860229492,24.212657928466797,2.0299999713897705,46.20207214355469,348.7837219238281,65.7474594116211,14.170000076293945,46.04194259643555,50.79999923706055,63.86072540283203,15.260000228881836,22.33799934387207,31.166522979736328,65.47438049316406,11.52871322631836,217.5521697998047,169.61000061035156,45.46163558959961
2018-07-03,43.37437057495117,66.57044982910156,36.324886322021484,49.51346969604492,15.0,84.697998046875,177.90208435058594,70.22000122070312,19.431556701660156,320.43670654296875,23.070398330688477,,53.64998245239258,293.510009765625,404.2663269042969,1.940830111503601,50.706966400146484,112.97438049316406,36.53536605834961,107.4090347290039,9.435866355895996,125.22257232666016,7.03000020980835,52.36000061035156,158.1292724609375,53.302879333496094,55.356483459472656,184.89129638671875,184.29385375976562,29.939849853515625,42.05292510986328,161.86000061035156,98.97549438476562,83.29747772216797,125.8031997680664,77.75102233886719,243.4639129638672,191.22933959960938,24.128713607788086,45.65827941894531,91.71409606933594,34.787193298339844,39.051998138427734,,272.08160400390625,41.96503448486328,5.862344264984131,39.741214752197266,24.225990295410156,2.009999990463257,45.50304412841797,351.4854431152344,65.68961334228516,14.180000305175781,45.09056854248047,49.95000076293945,64.0672607421875,15.4399995803833,20.724000930786133,31.038591384887695,65.27639770507812,11.498332977294922,217.1126708984375,167.72999572753906,44.84815979003906
2018-07-05,43.723392486572266,67.18913269042969,36.86587142944336,49.71028137207031,15.5,84.98650360107422,182.10177612304688,72.05999755859375,19.927715301513672,320.67724609375,23.186660766601562,,54.7545280456543,298.80999755859375,404.8340759277344,1.982533574104309,51.090763092041016,114.64579772949219,35.53654479980469,107.74506378173828,9.8150634765625,124.74044036865234,7.010000228881836,53.29999923706055,158.07901000976562,54.408843994140625,56.59672546386719,185.19332885742188,184.9569854736328,30.183313369750977,43.141021728515625,162.4633331298828,100.82255554199219,83.83905792236328,124.2583236694336,77.79595947265625,243.24444580078125,196.90478515625,24.285961151123047,46.357704162597656,92.37150573730469,34.7830696105957,39.8390007019043,,271.56182861328125,41.32381057739258,6.008134365081787,40.354393005371094,24.572547912597656,2.049999952316284,47.18894958496094,358.52789306640625,65.70539093017578,14.989999771118164,44.40849304199219,51.20000076293945,64.89347076416016,15.0600004196167,20.610666275024414,31.209186553955078,65.38529205322266,11.551496505737305,220.20693969726562,169.49000549316406,44.589847564697266
2018-07-06,44.32948684692383,68.92434692382812,37.16021728515625,49.9644889831543,16.360000610351562,85.53150177001953,183.3375244140625,72.06999969482422,20.112863540649414,322.08251953125,23.27801513671875,,55.05434036254883,357.4800109863281,404.595458984375,1.976117491722107,51.53596878051758,114.30815887451172,35.396217346191406,107.6958999633789,10.10607624053955,124.99043273925781,7.03000020980835,54.529998779296875,158.1962890625,56.20230484008789,57.28057861328125,186.07420349121094,185.02503967285156,30.20253562927246,43.66806411743164,165.15333557128906,101.4274673461914,84.1138916015625,124.54310607910156,78.54190826416016,243.24444580078125,201.64756774902344,24.56551170349121,46.778865814208984,93.6678237915039,35.14836120605469,40.82500076293945,,270.77777099609375,41.72554016113281,6.121995449066162,40.87871551513672,24.73249626159668,2.0199999809265137,47.56724166870117,367.1098937988281,65.94200134277344,15.489999771118164,45.45856857299805,53.650001525878906,65.543701171875,15.210000038146973,20.593332290649414,31.789186477661133,65.02893829345703,11.673009872436523,220.4355010986328,173.4499969482422,45.11454391479492
2018-07-09,44.945011138916016,69.00967407226562,37.60572052001953,51.77674102783203,16.610000610351562,86.95099639892578,185.00067138671875,72.97000122070312,20.092567443847656,329.08935546875,24.125091552734375,,54.801876068115234,354.0,414.8072814941406,1.9697023630142212,52.91763687133789,119.00167846679688,35.99054718017578,110.76937103271484,10.17662525177002,128.9549560546875,7.400000095367432,54.83000183105469,160.45816040039062,57.27088928222656,57.88557434082031,191.27581787109375,189.4882354736328,30.657428741455078,44.084590911865234,166.47332763671875,101.6694564819336,86.71668243408203,125.96723937988281,78.97332763671875,249.17129516601562,203.1458282470703,24.775177001953125,46.643497467041016,94.30670928955078,34.1185302734375,41.89699935913086,,276.36309814453125,41.43198013305664,6.169520378112793,41.527442932128906,24.765825271606445,2.0299999713897705,47.731712341308594,368.8183898925781,66.6151123046875,15.949999809265137,46.580440521240234,54.29999923706055,66.66822814941406,15.149999618530273,21.233999252319336,32.26682662963867,66.17721557617188,11.688200950622559,222.9936065673828,174.16000366210938,45.82488250732422
2018-07-10,44.89076232910156,70.28971862792969,38.13874435424805,51.383148193359375,16.549999237060547,87.15350341796875,185.29800415039062,73.19000244140625,20.346738815307617,334.1326599121094,23.942384719848633,,55.385711669921875,344.82000732421875,415.490234375,1.9568696022033691,52.37266159057617,119.23810577392578,36.02356719970703,112.44139099121094,10.079621315002441,129.0710906982422,7.480000019073486,55.220001220703125,161.51370239257812,57.35309600830078,57.87862777709961,190.31935119628906,190.00686645507812,30.401145935058594,44.3396110534668,167.3699951171875,102.74221801757812,86.18319702148438,126.39015197753906,79.13507843017578,251.081787109375,201.95513916015625,25.27312469482422,46.85407257080078,94.55671691894531,34.55604934692383,41.5629997253418,,277.6141357421875,41.98048782348633,6.268529891967773,41.75848388671875,24.94576644897461,2.059999942779541,48.00310134887695,363.8121643066406,66.81494903564453,15.789999961853027,45.87141418457031,53.0,66.8441390991211,14.979999542236328,21.49799919128418,32.35211944580078,66.19705963134766,11.61225414276123,224.63746643066406,175.11000061035156,45.703792572021484
2018-07-11,44.308265686035156,67.5304946899414,38.067142486572266,49.390445709228516,16.270000457763672,87.75,179.871826171875,72.08000183105469,19.768556594848633,327.81884765625,23.817813873291016,,55.03856658935547,344.1000061035156,413.8198547363281,1.9440381526947021,52.127017974853516,115.44778442382812,35.13207244873047,109.90058898925781,9.8326997756958,126.27625274658203,7.039999961853027,54.720001220703125,160.43301391601562,56.807586669921875,58.092864990234375,189.32106018066406,188.63812255859375,29.96547508239746,43.5235481262207,168.07333374023438,101.82271575927734,85.99726867675781,124.94879150390625,78.69468688964844,249.2525177001953,200.96295166015625,24.460678100585938,46.5532341003418,94.42708587646484,34.75623321533203,41.8650016784668,,274.662841796875,40.56672286987305,6.126946449279785,42.33613586425781,24.799142837524414,2.059999942779541,47.12314987182617,362.7593078613281,65.66857147216797,15.960000038146973,45.29700469970703,51.900001525878906,66.025634765625,14.470000267028809,21.263999938964844,31.533302307128906,65.30607604980469,11.37681770324707,223.8023681640625,175.00999450683594,45.259849548339844
2018-07-12,45.05112838745117,68.68712615966797,38.1069221496582,49.24286651611328,16.559999465942383,89.83100128173828,185.205078125,73.0999984741211,17.051433563232422,333.0450744628906,23.892562866210938,,54.320594787597656,347.6600036621094,416.92205810546875,1.9729098081588745,52.58756637573242,117.69325256347656,35.594329833984375,110.22843933105469,9.876791954040527,125.72261810302734,7.019999980926514,54.70000076293945,162.21737670898438,57.9882698059082,59.57064437866211,190.62986755371094,189.479736328125,30.4652156829834,44.50111770629883,175.0,103.04871368408203,86.36911010742188,127.33955383300781,79.90804290771484,254.72409057617188,205.30885314941406,24.679086685180664,47.12482452392578,96.473388671875,34.77275848388672,41.349998474121094,,283.78985595703125,40.9838981628418,6.218530654907227,42.78934860229492,25.00574493408203,2.180000066757202,47.96198272705078,363.9710693359375,66.96742248535156,15.960000038146973,45.54829788208008,52.900001525878906,65.727294921875,14.630000114440918,21.11400032043457,31.82329750061035,66.03864288330078,11.392007827758789,225.0858154296875,178.27000427246094,45.22754669189453
2018-07-13,45.12187576293945,69.41991424560547,37.844398498535156,49.51346969604492,16.270000457763672,90.65149688720703,185.0750274658203,73.37000274658203,16.44077491760254,337.62652587890625,23.709854125976562,,54.02080154418945,348.4800109863281,417.2676086425781,1.9664936065673828,51.428524017333984,118.81597900390625,34.92570114135742,112.17092895507812,9.912067413330078,122.84748077392578,7.039999961853027,54.060001373291016,161.46348571777344,57.823875427246094,59.727352142333984,189.95028686523438,191.26502990722656,30.394744873046875,44.39060592651367,174.77999877929688,101.57267761230469,85.9730224609375,128.50466918945312,80.62701416015625,258.8380432128906,205.7057342529297,24.591718673706055,47.29778289794922,97.62158203125,34.98530960083008,39.58000183105469,,283.43743896484375,40.99934387207031,6.171252250671387,43.21590042114258,25.012413024902344,2.049999952316284,48.01955795288086,365.17303466796875,68.103271484375,15.75,45.43162155151367,54.400001525878906,65.09235382080078,14.84000015258789,21.257999420166016,32.21565246582031,66.62273406982422,11.392007827758789,227.415283203125,180.5,44.68672180175781
2018-07-16,45.022830963134766,69.14692687988281,37.52616500854492,48.04560852050781,16.579999923706055,91.12449645996094,185.90194702148438,71.95999908447266,16.504928588867188,342.7371826171875,24.731332778930664,,53.38174057006836,353.0299987792969,414.6920471191406,1.8702540397644043,53.316776275634766,116.56209564208984,34.86790466308594,110.38418579101562,10.705738067626953,121.67768859863281,6.730000019073486,54.0099983215332,160.42465209960938,57.73421859741211,59.3350944519043,194.17025756835938,192.93983459472656,30.433177947998047,44.212093353271484,172.68666076660156,100.572509765625,89.3841552734375,129.09158325195312,80.05183410644531,259.3907775878906,205.6164093017578,24.443204879760742,47.072166442871094,97.14009857177734,34.9811897277832,40.04800033569336,,282.2039794921875,40.74441146850586,6.143529415130615,43.23374938964844,24.912445068359375,2.009999990463257,47.986671447753906,362.3023986816406,67.82456970214844,15.9399995803833,45.8265266418457,54.400001525878906,63.944881439208984,14.869999885559082,20.67333221435547,32.23271179199219,66.00896453857422,11.559090614318848,225.90333557128906,181.22000122070312,46.002471923828125
2018-07-17,45.15017318725586,68.54344177246094,37.96372985839844,48.71804428100586,16.8700008392334,92.19650268554688,189.86007690429688,74.69999694824219,16.915822982788086,343.4879455566406,24.92233657836914,,54.23380661010742,354.9800109863281,415.4490661621094,1.822134256362915,53.23234558105469,117.29649353027344,35.27238845825195,111.36772155761719,10.467637062072754,123.22242736816406,6.630000114440918,53.75,161.1116180419922,57.68937683105469,60.156803131103516,193.8179168701172,193.4924774169922,30.138469696044922,43.991085052490234,174.5933380126953,104.1375961303711,89.31946563720703,130.8782196044922,80.50119018554688,258.1307373046875,208.3549346923828,24.862525939941406,47.02705383300781,98.10307312011719,35.127708435058594,37.948001861572266,,282.970458984375,40.7135124206543,6.279420852661133,43.62628173828125,25.09239387512207,1.9800000190734863,48.44721603393555,362.9778137207031,68.73429870605469,15.170000076293945,47.459991455078125,54.900001525878906,62.20071029663086,15.100000381469727,21.512666702270508,32.445953369140625,66.11784362792969,11.536307334899902,220.0223846435547,182.58999633789062,45.655372619628906
2018-07-18,44.902557373046875,67.81785583496094,37.63755798339844,49.34945297241211,16.850000381469727,92.14600372314453,202.45919799804688,74.4800033569336,16.953983306884766,346.71221923828125,25.021991729736328,,53.97346496582031,358.510009765625,420.361572265625,1.8125101327896118,53.61613464355469,119.12834930419922,35.396217346191406,112.88397216796875,10.652827262878418,124.30288696289062,6.690000057220459,54.0,163.71690368652344,57.62959289550781,60.14836883544922,194.00244140625,194.37657165527344,30.388336181640625,43.9655876159668,175.97000122070312,103.08099365234375,90.15204620361328,131.31832885742188,80.91461181640625,259.9761657714844,207.72982788085938,24.845062255859375,47.33539581298828,97.33454132080078,34.96467208862305,37.51300048828125,,285.1817626953125,40.40447998046875,6.230164527893066,43.394325256347656,25.099058151245117,1.9900000095367432,48.3238410949707,363.524169921875,69.24964904785156,15.15999984741211,48.66263198852539,54.29999923706055,62.300167083740234,15.800000190734863,21.59000015258789,32.761539459228516,65.77139282226562,11.695794105529785,224.5319366455078,181.1300048828125,45.6634407043457
2018-07-19,45.251590728759766,64.62093353271484,37.589820861816406,49.554473876953125,16.709999084472656,90.64849853515625,200.00624084472656,74.94000244140625,17.083106994628906,341.99609375,24.639982223510742,,53.62630844116211,358.1099853515625,415.4573974609375,1.7900547981262207,52.95600509643555,118.41488647460938,35.330169677734375,112.9577407836914,10.599916458129883,125.27619171142578,7.019999980926514,53.880001068115234,162.81222534179688,57.5772705078125,59.46353530883789,192.65176391601562,193.31390380859375,30.20253562927246,44.18660354614258,173.76333618164062,101.58074188232422,88.82640838623047,129.920166015625,80.3753662109375,259.837890625,206.4697265625,24.635400772094727,47.01200485229492,96.6678466796875,35.1359748840332,36.42300033569336,,285.5782470703125,40.1727180480957,6.2383317947387695,43.21589660644531,24.899118423461914,2.0199999809265137,48.776145935058594,365.2723388671875,68.55025482177734,15.449999809265137,47.459991455078125,54.29999923706055,62.47611618041992,15.930000305175781,21.34866714477539,33.95565414428711,66.31584167480469,11.642633438110352,222.3430938720703,180.1199951171875,45.46971130371094
2018-07-20,45.147823333740234,63.873779296875,37.48638916015625,48.65243911743164,16.5,90.68499755859375,204.2338409423828,75.23999786376953,17.079853057861328,341.5822448730469,25.021991729736328,,53.673641204833984,358.7099914550781,413.72113037109375,1.8125101327896118,53.132545471191406,116.20663452148438,35.528282165527344,111.31034851074219,10.608734130859375,122.4813461303711,6.760000228881836,53.47999954223633,163.59129333496094,57.81640625,59.40303039550781,194.3800048828125,193.26290893554688,30.356298446655273,44.127098083496094,172.25999450683594,101.50816345214844,89.9499740600586,130.239501953125,79.51255798339844,262.2362976074219,208.3053436279297,24.740234375,47.019527435302734,98.39936065673828,35.078189849853516,36.10499954223633,,285.37554931640625,40.52035903930664,6.210114002227783,43.28727722167969,24.879121780395508,1.9600000381469727,48.20048522949219,364.64654541015625,68.49767303466797,14.380000114440918,46.8048095703125,53.650001525878906,62.391971588134766,15.40999984741211,20.905332565307617,34.74036407470703,66.18714904785156,11.680604934692383,222.1409149169922,177.39999389648438,45.53428268432617
2018-07-23,45.18791961669922,64.22579956054688,37.573909759521484,48.463829040527344,16.65999984741211,90.0999984741211,205.13510131835938,74.58000183105469,17.5987606048584,340.0133972167969,25.536888122558594,,53.38174057006836,358.1300048828125,418.43609619140625,1.7900547981262207,53.89247512817383,115.74798583984375,35.718143463134766,110.41697692871094,10.741012573242188,121.01695251464844,6.71999979019165,52.619998931884766,161.8739013671875,57.823875427246094,60.05365753173828,196.1166534423828,192.79531860351562,30.618989944458008,44.467124938964844,173.2899932861328,102.13729095458984,91.62319946289062,129.61807250976562,79.88105010986328,258.8054504394531,209.26779174804688,24.792644500732422,47.14738082885742,99.97346496582031,34.84291458129883,36.26599884033203,,278.979736328125,40.10319137573242,6.17348051071167,43.42110061645508,24.799142837524414,1.9600000381469727,48.587005615234375,363.7525939941406,68.02967071533203,14.539999961853027,47.217655181884766,54.0,62.284847259521484,15.34000015258789,20.213333129882812,34.748897552490234,65.85057067871094,11.786931991577148,222.1761016845703,176.5399932861328,46.8177375793457
2018-07-24,45.51572036743164,65.76321411132812,37.62959671020508,48.77543258666992,16.190000534057617,91.46199798583984,198.5567626953125,73.33999633789062,17.649105072021484,344.8257751464844,25.60332489013672,,53.492183685302734,372.8399963378906,418.748779296875,1.8285505771636963,54.55259323120117,117.1833267211914,35.93278121948242,111.13005065917969,10.829198837280273,124.86540985107422,6.619999885559082,53.04999923706055,164.82273864746094,58.02564239501953,62.39183807373047,197.895263671875,192.96530151367188,31.016223907470703,44.35661315917969,174.4066619873047,104.33926391601562,92.26983642578125,130.30856323242188,83.8984603881836,262.2526550292969,212.99850463867188,25.351747512817383,47.69639205932617,99.68640899658203,35.127708435058594,35.731998443603516,,278.5391845703125,40.558998107910156,6.156155109405518,43.42110061645508,25.125715255737305,1.909999966621399,48.397857666015625,370.2685546875,70.59056091308594,14.739999771118164,47.44204330444336,53.54999923706055,61.259796142578125,15.729999542236328,19.82866668701172,34.450374603271484,66.32572174072266,12.189447402954102,223.07269287109375,174.8800048828125,47.100257873535156
2018-07-25,45.94493103027344,66.89830017089844,37.58185958862305,48.767242431640625,16.049999237060547,93.18049621582031,203.453369140625,73.63999938964844,18.34990692138672,342.56396484375,25.802635192871094,25.0,53.720985412597656,383.8299865722656,421.7110595703125,1.8445907831192017,55.05152893066406,119.31521606445312,36.56838607788086,111.31034851074219,10.741012573242188,126.18697357177734,6.480000019073486,54.040000915527344,170.4354705810547,58.974666595458984,63.2740478515625,198.5748291015625,193.27989196777344,31.07387924194336,44.56913757324219,179.32333374023438,103.74237823486328,93.10240936279297,130.63650512695312,86.66661071777344,263.7077941894531,215.8064727783203,25.640031814575195,48.5011100769043,102.62163543701172,34.620033264160156,36.2869987487793,,260.3293151855469,40.91437530517578,6.234373092651367,43.6708984375,25.318992614746094,1.9600000381469727,48.866634368896484,371.9770202636719,70.85875701904297,15.109999656677246,47.513832092285156,57.849998474121094,61.57342529296875,15.09000015258789,20.582666397094727,34.87684631347656,66.30593872070312,12.197042465209961,224.0397186279297,176.80999755859375,47.003387451171875
2018-07-26,45.80107498168945,67.48738861083984,37.95576858520508,49.98908615112305,18.350000381469727,90.4000015258789,201.29776000976562,75.19999694824219,18.123340606689453,345.83636474609375,25.69468116760254,21.010000228881836,54.0286865234375,344.739990234375,415.63836669921875,1.8285505771636963,54.75985336303711,121.09881591796875,37.36909866333008,112.7774429321289,10.758649826049805,127.44593048095703,6.179999828338623,53.66999816894531,167.9474639892578,58.40674591064453,63.74812316894531,198.9272003173828,196.53599548339844,30.77916145324707,44.3396110534668,175.65333557128906,105.081298828125,92.8356704711914,132.2677459716797,85.54320526123047,262.55340576171875,174.88755798339844,26.09430694580078,48.14012145996094,101.50126647949219,34.70465087890625,36.308998107910156,,260.161865234375,41.51695251464844,6.307886123657227,43.59952926635742,25.432283401489258,1.9299999475479126,52.287784576416016,371.08306884765625,71.43191528320312,15.229999542236328,47.25357437133789,54.95000076293945,62.070648193359375,14.6899995803833,20.44333267211914,34.81712341308594,67.24636840820312,12.204636573791504,225.92091369628906,175.8699951171875,47.067970275878906
2018-07-27,45.039329528808594,65.05915069580078,37.87620544433594,50.005489349365234,18.940000534057617,90.8635025024414,198.18515014648438,72.08999633789062,17.950376510620117,347.1164855957031,25.79432487487793,22.600000381469727,53.65787887573242,340.3999938964844,413.83624267578125,1.8445907831192017,55.02850341796875,121.08185577392578,36.73347854614258,113.89208221435547,10.952657699584961,125.72261810302734,5.590000152587891,51.650001525878906,166.41439819335938,57.3979377746582,62.1309928894043,199.37185668945312,197.00352478027344,30.888076782226562,40.53130340576172,173.07000732421875,106.10565948486328,93.78948974609375,132.8115234375,86.81941223144531,263.4884033203125,173.52821350097656,26.015684127807617,47.7490348815918,99.70491027832031,34.46111297607422,35.520999908447266,,265.74737548828125,41.5478515625,6.238083362579346,43.38542556762695,25.598905563354492,1.9500000476837158,51.55583953857422,365.1332702636719,70.7430648803711,14.609999656677246,47.163818359375,53.95000076293945,60.12761688232422,14.890000343322754,19.812000274658203,35.3544807434082,66.35542297363281,12.257800102233887,224.99789428710938,172.10000610351562,47.32627487182617
2018-07-30,44.787010192871094,65.69855499267578,37.66936492919922,49.42327117919922,19.420000076293945,88.96099853515625,199.30014038085938,72.66000366210938,18.28656005859375,337.88629150390625,26.001941680908203,23.850000381469727,53.78410339355469,331.4599914550781,411.5815734863281,1.7932623624801636,55.48906707763672,118.69512176513672,36.27947235107422,112.4577865600586,11.278944969177246,123.40108489990234,5.679999828338623,51.56999969482422,164.41224670410156,57.03176498413086,60.997859954833984,200.4708709716797,193.82398986816406,30.862451553344727,40.5398063659668,167.6666717529297,106.60575103759766,94.35533905029297,129.79933166503906,88.09564208984375,260.25262451171875,169.72805786132812,25.937055587768555,48.74176788330078,97.56600189208984,34.30632019042969,33.49599838256836,,259.7391357421875,41.13068389892578,6.042788028717041,42.58248519897461,25.718870162963867,1.909999966621399,51.021297454833984,369.0170593261719,69.99108123779297,13.850000381469727,46.059879302978516,53.0,59.25554275512695,14.550000190734863,19.344667434692383,35.047428131103516,65.96932983398438,12.386908531188965,223.14306640625,174.4199981689453,47.2132682800293
2018-07-31,44.876609802246094,66.2589111328125,38.39331817626953,51.6783561706543,18.329999923706055,88.87200164794922,198.83555603027344,73.61000061035156,18.008840560913086,342.9296875,25.64484214782715,23.049999237060547,54.541507720947266,334.3699951171875,413.7046203613281,1.8285505771636963,55.18202590942383,122.13497161865234,36.66744613647461,117.0475845336914,11.517045974731445,129.285400390625,5.949999809265137,52.349998474121094,167.34426879882812,58.16014862060547,60.85801315307617,199.1956787109375,198.1256561279297,31.022628784179688,40.88832473754883,169.39666748046875,106.88804626464844,92.91651153564453,142.36582946777344,88.8056411743164,265.12249755859375,171.2362060546875,26.30396842956543,49.53895950317383,98.22343444824219,34.57668685913086,33.744998931884766,,264.7254638671875,41.88005447387695,6.060857772827148,42.537872314453125,26.6119327545166,2.0,52.707183837890625,365.54052734375,71.37931823730469,14.140000343322754,45.8265266418457,53.25,60.762535095214844,15.140000343322754,19.875999450683594,35.149784088134766,67.58293914794922,12.470451354980469,222.59805297851562,175.0500030517578,46.24462127685547
2018-08-01,47.52030563354492,67.46585083007812,38.27400207519531,50.50571060180664,18.479999542236328,89.8584976196289,198.75192260742188,74.83000183105469,17.60525894165039,339.52252197265625,25.952123641967773,23.5,52.0720329284668,344.05999755859375,394.5235900878906,1.8285505771636963,55.21272277832031,117.66746520996094,36.42804718017578,114.5150146484375,11.420042037963867,126.71375274658203,5.590000152587891,53.380001068115234,164.20277404785156,58.21244812011719,61.1441535949707,198.02951049804688,195.09921264648438,30.375516891479492,41.49188995361328,172.09666442871094,106.98483276367188,93.49041748046875,141.48545837402344,88.70679473876953,264.1712341308594,170.3134765625,25.79728126525879,49.25319290161133,98.40862274169922,34.650978088378906,33.8380012512207,,265.0866394042969,42.011390686035156,6.100709915161133,42.24345016479492,26.83852767944336,1.9600000381469727,52.921024322509766,368.540283203125,70.9376220703125,14.319999694824219,45.66498947143555,56.25,58.6435546875,14.729999542236328,20.055999755859375,35.57624816894531,66.82071685791016,12.440072059631348,222.72988891601562,177.8699951171875,46.535213470458984
2018-08-02,48.90935516357422,68.33512878417969,39.25251388549805,50.3827018737793,18.790000915527344,91.71649932861328,200.52658081054688,75.81999969482422,17.568710327148438,336.6062927246094,25.977033615112305,24.5,52.356075286865234,347.92999267578125,391.1169128417969,1.783638596534729,55.143646240234375,117.21732330322266,40.86083984375,114.57237243652344,11.058480262756348,126.87450408935547,5.699999809265137,53.59000015258789,163.30641174316406,58.01070022583008,61.54780578613281,196.3096466064453,204.6802978515625,29.862966537475586,42.06143569946289,173.96665954589844,105.86369323730469,93.88650512695312,141.06259155273438,89.39881896972656,261.805419921875,174.9967041015625,26.286495208740234,49.05012893676758,99.60308074951172,34.970863342285156,34.45000076293945,,263.13970947265625,44.56081008911133,6.203432083129883,42.7341423034668,26.650320053100586,1.9900000095367432,53.26642608642578,394.3359680175781,70.52745819091797,14.770000457763672,44.99184799194336,56.29999923706055,58.65119552612305,14.600000381469727,23.30266761779785,35.43976593017578,66.88008880615234,12.250205039978027,225.11212158203125,177.88999938964844,47.05182647705078
2018-08-03,49.05085754394531,69.34806060791016,39.73780822753906,51.292930603027344,18.489999771118164,91.16449737548828,199.56027221679688,75.0199966430664,17.687273025512695,335.3646240234375,26.168045043945312,26.799999237060547,52.143035888671875,344.2099914550781,396.9511413574219,1.7258946895599365,55.91606521606445,117.64199829101562,40.505889892578125,116.0640640258789,11.023207664489746,128.00851440429688,5.360000133514404,52.84000015258789,162.59442138671875,58.234867095947266,61.40052795410156,196.39352416992188,200.599609375,30.23456573486328,42.188934326171875,174.1999969482422,106.42829132080078,94.64632415771484,140.1477508544922,90.39645385742188,260.6103515625,176.39573669433594,26.60099220275879,49.5840950012207,100.03826904296875,35.32171630859375,34.308998107910156,,261.8711242675781,44.614891052246094,6.240065097808838,43.242679595947266,27.248533248901367,1.9500000476837158,53.7845344543457,392.2301940917969,70.4065170288086,13.84000015258789,45.13544845581055,48.45000076293945,60.242340087890625,14.880000114440918,23.211332321166992,35.55918502807617,66.32572174072266,12.280585289001465,226.11428833007812,174.5399932861328,47.48772048950195
2018-08-06,49.3055534362793,69.72881317138672,39.82530975341797,51.33393859863281,19.43000030517578,92.38749694824219,198.43597412109375,76.05999755859375,17.617433547973633,333.5648193359375,26.17634391784668,27.940000534057617,52.25349426269531,341.1700134277344,397.8232116699219,1.671359658241272,55.92379379272461,118.46583557128906,40.530643463134766,116.2607421875,11.04084587097168,128.51748657226562,5.760000228881836,53.56999969482422,162.11685180664062,58.19005584716797,61.37622833251953,197.93719482421875,198.55923461914062,29.741226196289062,42.16328430175781,173.60000610351562,106.48475646972656,94.67057037353516,140.37210083007812,91.67266082763672,257.6590576171875,184.244140625,26.29523468017578,49.80219268798828,100.1216049194336,35.29281997680664,35.09199905395508,,260.2677307128906,44.390846252441406,6.287835597991943,43.42110061645508,27.584606170654297,1.9700000286102295,54.055938720703125,387.4325866699219,70.43280029296875,13.90999984741211,45.234188079833984,49.650001525878906,59.982269287109375,15.010000228881836,22.799333572387695,35.030364990234375,66.27622985839844,12.09831428527832,225.7099151611328,174.91000366210938,47.5361442565918
2018-08-07,48.84333038330078,67.5735855102539,39.97647476196289,52.44917678833008,19.559999465942383,93.1240005493164,198.4267120361328,76.79000091552734,17.89027976989746,337.59759521484375,26.168045043945312,27.450000762939453,52.632205963134766,350.1000061035156,401.11474609375,1.7258946895599365,55.93151092529297,120.92891693115234,40.20871353149414,117.6787109375,11.129029273986816,130.47293090820312,5.869999885559082,53.599998474121094,164.42898559570312,58.57115173339844,62.277278900146484,199.53121948242188,198.6782989501953,29.946256637573242,42.505367279052734,172.63333129882812,106.03306579589844,95.01815032958984,141.65806579589844,91.61874389648438,258.0575256347656,182.37875366210938,27.692991256713867,50.072940826416016,100.81604766845703,35.214393615722656,35.18299865722656,,260.117919921875,43.741905212402344,6.36011266708374,43.251590728759766,27.45017433166504,1.9500000476837158,53.81744384765625,388.79345703125,70.72201538085938,14.020000457763672,45.584197998046875,46.95000076293945,59.05663299560547,15.170000076293945,25.30466651916504,35.17536926269531,66.49402618408203,12.136285781860352,226.4923095703125,177.50999450683594,47.479644775390625
2018-08-08,48.876338958740234,67.33653259277344,39.753719329833984,52.06377029418945,19.579999923706055,94.32599639892578,197.9064178466797,77.7300033569336,17.821256637573242,334.7294006347656,26.408876419067383,28.149999618530273,51.91424560546875,350.0899963378906,400.7773742675781,1.7194794416427612,56.302284240722656,118.66118621826172,40.09315490722656,116.5721664428711,11.04084587097168,129.30322265625,5.75,54.459999084472656,163.4656524658203,57.47267150878906,62.54953384399414,198.306396484375,199.63046264648438,30.208938598632812,42.72773742675781,173.0933380126953,105.79914855957031,95.21212768554688,141.96017456054688,91.91532135009766,256.3501281738281,183.73809814453125,27.553213119506836,50.155662536621094,101.3808822631836,35.10089874267578,34.76100158691406,,259.8448791503906,43.9350471496582,6.3964996337890625,43.17129135131836,27.833301544189453,2.0199999809265137,53.58717727661133,371.75848388671875,70.83770751953125,14.289999961853027,45.32392883300781,48.150001525878906,58.115699768066406,15.170000076293945,24.689332962036133,35.79801940917969,66.32572174072266,12.2426118850708,227.5120391845703,175.3000030517578,47.77830505371094
2018-08-09,49.26074981689453,68.5865478515625,39.9685173034668,50.185890197753906,19.100000381469727,94.9260025024414,194.34780883789062,79.01000213623047,17.587392807006836,332.4564514160156,26.242782592773438,26.719999313354492,51.4329719543457,346.8999938964844,398.34991455078125,1.7932623624801636,55.59937286376953,117.65047454833984,41.06719970703125,116.40010833740234,10.935020446777344,124.85655975341797,5.679999828338623,54.45000076293945,161.3209991455078,58.31708908081055,62.704750061035156,196.13345336914062,201.1862030029297,30.093608856201172,42.881690979003906,174.22999572753906,105.8233642578125,94.4765853881836,142.03785705566406,91.84346008300781,256.6753845214844,181.66439819335938,28.007482528686523,49.63673400878906,101.54753112792969,35.259796142578125,34.93600082397461,,256.7438049316406,44.846656799316406,6.347985744476318,43.30511474609375,27.55771827697754,1.909999966621399,53.5213623046875,369.6427917480469,70.59056091308594,14.34000015258789,45.647865295410156,46.849998474121094,58.108055114746094,15.239999771118164,23.496667861938477,35.6871337890625,65.54366302490234,12.166664123535156,229.95582580566406,175.0500030517578,47.51811599731445
2018-08-10,49.114013671875,68.8236083984375,39.674156188964844,48.554039001464844,19.059999465942383,94.31500244140625,189.44195556640625,79.79000091552734,17.23414421081543,328.28765869140625,25.90229034423828,27.649999618530273,50.01282501220703,343.0,394.1121520996094,1.822134256362915,54.27078628540039,115.44220733642578,40.67097854614258,114.98213195800781,10.423544883728027,122.37420654296875,5.710000038146973,52.790000915527344,160.68434143066406,57.338165283203125,62.11214828491211,192.63497924804688,202.2064208984375,29.722009658813477,41.77842330932617,173.67333984375,105.46037292480469,93.54698944091797,140.90725708007812,91.89736938476562,254.56967163085938,178.8564453125,27.50952911376953,49.68937683105469,100.92716217041016,35.27632141113281,34.58700180053711,,256.64691162109375,44.08183670043945,6.306647777557373,43.108848571777344,27.510669708251953,1.909999966621399,53.30754852294922,366.3053283691406,69.99108123779297,13.289999961853027,45.539886474609375,46.25,57.64142990112305,14.75,23.69933319091797,34.99625015258789,65.08831024169922,11.8552827835083,228.87454223632812,174.82000732421875,47.20100402832031
2018-08-13,49.43114471435547,69.52764892578125,39.236610412597656,47.98820495605469,19.729999542236328,94.80999755859375,190.19459533691406,80.55999755859375,17.140758514404297,327.2720642089844,25.312658309936523,24.760000228881836,48.61634063720703,340.7900085449219,391.1828308105469,1.8253427743911743,53.421142578125,114.67782592773438,40.00234603881836,114.49861907958984,10.097257614135742,122.24922180175781,5.369999885559082,52.470001220703125,160.7094268798828,57.66694259643555,61.920230865478516,190.32778930664062,204.49327087402344,29.465726852416992,41.43633270263672,173.45333862304688,105.03291320800781,92.05970001220703,140.29443359375,92.06813049316406,254.99246215820312,178.6480712890625,26.504894256591797,50.178226470947266,100.19567108154297,35.35267639160156,34.13100051879883,,257.2635498046875,43.27837371826172,6.339569091796875,42.8322868347168,27.430007934570312,1.8899999856948853,53.323997497558594,363.9909973144531,69.50731658935547,13.210000038146973,45.0899772644043,45.849998474121094,56.07322311401367,14.479999542236328,23.76066780090332,34.723304748535156,64.73194885253906,11.733766555786133,229.35806274414062,175.0500030517578,46.843238830566406
2018-08-14,49.639408111572266,68.90984344482422,39.72983932495117,48.119754791259766,20.020000457763672,95.98249816894531,191.04010009765625,82.47000122070312,16.83381462097168,328.0265197753906,25.57010269165039,25.510000228881836,48.87669372558594,343.6300048828125,392.6803283691406,1.8349666595458984,54.077693939208984,114.59286499023438,39.869449615478516,113.91670227050781,10.132532119750977,123.8028564453125,5.050000190734863,52.0099983215332,162.20904541015625,57.771583557128906,62.39133834838867,192.59303283691406,206.83966064453125,29.48494529724121,41.15410232543945,176.3333282470703,104.4521713256836,92.67401885986328,142.3226776123047,92.57691192626953,259.0168762207031,179.69979858398438,26.766971588134766,49.982688903808594,101.4457015991211,35.48475646972656,33.749000549316406,,258.88458251953125,43.53330612182617,6.471002101898193,43.02854919433594,27.3627986907959,1.8899999856948853,53.8092041015625,363.7724914550781,69.63351440429688,13.15999984741211,45.46790313720703,45.75,56.3868522644043,14.880000114440918,23.176000595092773,34.893898010253906,65.3655014038086,11.809715270996094,231.61737060546875,175.92999267578125,47.21726608276367
2018-08-15,49.755374908447266,70.0090103149414,39.59769058227539,47.27294158935547,19.700000762939453,94.13099670410156,183.17027282714844,81.41999816894531,16.77533721923828,320.8883361816406,25.213001251220703,22.90999984741211,48.75047302246094,340.7200012207031,387.42230224609375,1.7194794416427612,53.027183532714844,112.1297836303711,39.11358642578125,113.13809204101562,9.867974281311035,121.16878509521484,4.889999866485596,50.70000076293945,161.10317993164062,55.925785064697266,61.105960845947266,192.33294677734375,204.65480041503906,29.004425048828125,40.58964157104492,174.2566680908203,105.20227813720703,91.9061050415039,140.5101776123047,93.38124084472656,258.293212890625,178.13209533691406,25.90211296081543,50.66706848144531,100.07003784179688,35.65605545043945,32.63999938964844,,256.8143005371094,42.48265075683594,6.412835597991943,42.68060302734375,27.665258407592773,1.8600000143051147,54.01481628417969,359.4416809082031,69.28117370605469,13.260000228881836,45.20694351196289,44.900001525878906,56.70814895629883,14.260000228881836,22.57933235168457,34.501548767089844,64.79132843017578,11.756551742553711,229.09442138671875,173.0,47.15221405029297
2018-08-16,50.484283447265625,70.56218719482422,40.16635513305664,47.914215087890625,19.329999923706055,94.32599639892578,183.83924865722656,83.55000305175781,16.946674346923828,334.6423645019531,25.51197052001953,23.1299991607666,49.40532302856445,342.92999267578125,390.5409240722656,1.7579752206802368,53.7300910949707,115.73098754882812,39.27970504760742,115.3674087524414,9.885612487792969,122.6420669555664,4.980000019073486,50.86000061035156,161.21212768554688,56.48627471923828,60.7013053894043,195.4790802001953,207.80030822753906,29.205265045166016,40.34162902832031,174.63333129882812,106.85576629638672,92.77098846435547,141.42507934570312,94.3120346069336,264.9273681640625,173.33970642089844,25.884639739990234,51.78013610839844,100.05143737792969,36.072933197021484,32.24399948120117,,257.23712158203125,42.48265075683594,6.3722405433654785,42.912574768066406,27.84001350402832,1.9700000286102295,54.08060073852539,369.2851867675781,70.47595977783203,13.390000343322754,46.0078010559082,45.900001525878906,57.450172424316406,14.0600004196167,22.363332748413086,34.4674186706543,65.53376770019531,11.741363525390625,231.28321838378906,174.9600067138672,47.69699478149414
2018-08-17,51.4924430847168,70.98604583740234,40.48670959472656,49.33652114868164,19.770000457763672,94.11100006103516,183.38400268554688,84.47000122070312,16.99378204345703,335.048583984375,25.528573989868164,22.200000762939453,49.7366828918457,345.2200012207031,390.1623229980469,1.806095004081726,53.8150634765625,118.34693908691406,39.47074890136719,117.49014282226562,9.876791954040527,125.5351333618164,4.769999980926514,51.0,162.25091552734375,54.49104309082031,60.294166564941406,195.79786682128906,210.2147674560547,29.101606369018555,40.2817497253418,174.97332763671875,108.46086120605469,92.77098846435547,142.1155242919922,95.38748931884766,264.4151916503906,172.4467315673828,25.884639739990234,51.93806838989258,99.99568176269531,36.15135955810547,31.67799949645996,,259.35150146484375,43.232025146484375,6.059866428375244,43.144527435302734,28.29035186767578,1.9700000286102295,54.32731246948242,371.74859619140625,71.0733413696289,12.970000267028809,45.800838470458984,45.650001525878906,57.76380157470703,14.380000114440918,20.366666793823242,34.22859191894531,65.97927856445312,11.748957633972168,230.60633850097656,176.0800018310547,47.8596305847168
2018-08-20,50.99073028564453,70.1383285522461,40.66292190551758,49.59138488769531,19.979999542236328,93.83550262451172,185.35374450683594,85.12000274658203,16.786705017089844,339.246337890625,25.636539459228516,22.420000076293945,50.352081298828125,344.1099853515625,391.3226013183594,1.9119584560394287,54.47935104370117,117.77788543701172,40.5422477722168,119.16215515136719,9.894430160522461,125.48152923583984,4.96999979019165,52.31999969482422,163.28973388671875,54.072593688964844,60.5966682434082,197.8113555908203,211.35394287109375,29.18583106994629,39.768611907958984,175.1199951171875,110.4047622680664,92.64977264404297,142.59022521972656,95.63147735595703,263.5940246582031,171.15687561035156,25.998210906982422,52.77288818359375,99.33573150634766,35.971805572509766,32.77299880981445,,262.0911865234375,42.89982604980469,6.13461971282959,43.19805908203125,28.451658248901367,1.9500000476837158,54.409549713134766,372.2849426269531,71.44341278076172,13.880000114440918,46.268741607666016,47.0,58.873046875,15.380000114440918,20.562667846679688,34.20299530029297,66.96920776367188,11.802120208740234,230.6678924560547,175.7100067138672,47.99784851074219
2018-08-21,50.89133071899414,70.21735382080078,40.63889694213867,50.660160064697266,20.399999618530273,94.1709976196289,186.28289794921875,86.18000030517578,17.09446907043457,342.17706298828125,25.761110305786133,25.270000457763672,50.797393798828125,343.2799987792969,390.8042297363281,1.9953655004501343,55.02777862548828,118.89903259277344,40.05217742919922,120.0212631225586,10.17662525177002,128.42819213867188,4.909999847412109,52.93000030517578,163.32321166992188,54.78996276855469,60.37152862548828,200.21923828125,215.49412536621094,29.211742401123047,40.72648620605469,176.35000610351562,109.1706771850586,93.21559143066406,143.40151977539062,94.95369720458984,263.7323303222656,171.27589416503906,25.788541793823242,52.02081298828125,98.50847625732422,35.627159118652344,33.801998138427734,,262.6903381347656,42.45948028564453,6.270263195037842,43.189144134521484,28.33739471435547,1.9500000476837158,54.73029708862305,376.01971435546875,71.88748168945312,13.979999542236328,45.14397048950195,47.349998474121094,58.16161346435547,15.319999694824219,21.459999084472656,34.87684631347656,68.21651458740234,11.946417808532715,230.0437774658203,176.86000061035156,47.940940856933594
2018-08-22,50.89370346069336,70.1455078125,40.44667434692383,50.183326721191406,20.899999618530273,95.24500274658203,186.5802001953125,85.55000305175781,16.853294372558594,338.55963134765625,25.727893829345703,27.0,50.097625732421875,344.9800109863281,393.34686279296875,2.030653476715088,54.935089111328125,118.59326171875,40.41765213012695,119.62474060058594,10.238353729248047,127.33885192871094,4.940000057220459,52.54999923706055,161.24563598632812,55.16358947753906,60.58675765991211,200.79806518554688,213.30926513671875,29.27652931213379,40.23898696899414,178.3333282470703,108.57379150390625,92.93267822265625,141.2869873046875,94.91754913330078,261.72418212890625,172.2879638671875,25.753602981567383,51.92303466796875,99.51232147216797,35.43729019165039,34.444000244140625,,261.8622131347656,42.521278381347656,6.505409240722656,43.537078857421875,28.276899337768555,1.9500000476837158,54.96879196166992,377.61895751953125,70.43898010253906,14.319999694824219,45.82782745361328,47.150001525878906,57.855628967285156,15.489999771118164,21.44266700744629,34.88536071777344,67.74134826660156,11.938823699951172,229.20872497558594,177.72000122070312,48.11168670654297
2018-08-23,50.997833251953125,69.7934799194336,40.454689025878906,49.542049407958984,22.290000915527344,95.1449966430664,185.4002227783203,84.45999908447266,16.694944381713867,336.09320068359375,25.61162757873535,29.280000686645508,49.85906219482422,341.8900146484375,387.1259765625,1.9440381526947021,54.69562911987305,116.1811294555664,41.082149505615234,116.83258819580078,9.96497917175293,126.06195831298828,4.900000095367432,51.56999969482422,160.50001525878906,54.804893493652344,60.557491302490234,198.2811737060547,210.02774047851562,28.81654930114746,40.17912292480469,179.07000732421875,108.9770736694336,92.73869323730469,139.88877868652344,94.727783203125,260.1712951660156,171.5537109375,25.709922790527344,51.87039566040039,99.9770736694336,35.420780181884766,33.91699981689453,,262.16180419921875,42.51355743408203,6.604915142059326,43.6798095703125,28.364282608032227,2.009999990463257,54.9852294921875,376.6455078125,70.11119842529297,13.569999694824219,45.14397048950195,47.099998474121094,56.983551025390625,15.350000381469727,21.34000015258789,34.697723388671875,67.61266326904297,11.779336929321289,229.80641174316406,176.02000427246094,47.66447830200195
2018-08-24,51.156402587890625,69.97307586669922,40.60686111450195,50.41351318359375,23.979999542236328,95.26950073242188,188.596435546875,85.31999969482422,16.971858978271484,337.93096923828125,25.65315055847168,30.90999984741211,51.035953521728516,342.3299865722656,392.9272766113281,1.9632859230041504,54.587493896484375,117.38720703125,41.4891357421875,116.46916198730469,10.04434585571289,129.2585906982422,4.909999847412109,52.08000183105469,161.3377685546875,54.99173355102539,61.330604553222656,197.249267578125,210.50375366210938,28.84246253967285,40.76069259643555,180.5066680908203,109.65461730957031,92.69827270507812,140.88128662109375,95.58629608154297,261.2120056152344,173.29010009765625,25.893375396728516,51.92303466796875,100.75784301757812,35.641605377197266,35.88199996948242,,263.63018798828125,42.675785064697266,6.738081932067871,43.94747543334961,28.498706817626953,2.0,55.223724365234375,373.8046569824219,70.50240325927734,14.15999984741211,45.48590850830078,47.775001525878906,57.02207565307617,15.720000267028809,21.521333694458008,35.17536926269531,67.93934631347656,11.840094566345215,232.32054138183594,176.83999633789062,47.72139358520508
2018-08-27,51.57764434814453,70.41850280761719,40.670928955078125,50.989017486572266,25.260000228881836,96.38400268554688,193.80892944335938,85.73999786376953,17.29424476623535,342.1480712890625,26.001941680908203,28.690000534057617,51.44944763183594,342.70001220703125,397.9466857910156,2.0499014854431152,55.91606521606445,120.64015197753906,42.053958892822266,118.98043060302734,10.344178199768066,130.5443572998047,4.789999961853027,52.61000061035156,163.5996551513672,55.91087341308594,62.29859924316406,203.5330810546875,213.06271362304688,29.367223739624023,41.35081100463867,181.74000549316406,109.54907989501953,94.33915710449219,141.96017456054688,94.98985290527344,263.6916198730469,176.0782470703125,26.749502182006836,51.88544464111328,101.8732681274414,35.38568878173828,36.45800018310547,,265.478759765625,43.417442321777344,6.8291707038879395,44.009910583496094,27.947555541992188,1.9700000286102295,55.379974365234375,385.83343505859375,71.55973052978516,13.970000267028809,46.223758697509766,47.20000076293945,57.24557876586914,15.6899995803833,21.284666061401367,35.42271041870117,68.54319763183594,12.007176399230957,234.7818603515625,179.32000732421875,48.05476760864258
2018-08-28,51.994171142578125,69.87249755859375,40.40662384033203,50.8739128112793,25.049999237060547,96.64099884033203,192.0435333251953,85.69999694824219,17.412797927856445,339.70098876953125,25.968725204467773,29.549999237060547,51.48922348022461,345.5299987792969,397.7328796386719,2.030653476715088,55.9083366394043,120.60617065429688,42.12041091918945,119.59172821044922,10.185442924499512,130.81224060058594,5.010000228881836,51.939998626708984,163.8760986328125,55.99306106567383,61.78236770629883,203.3401641845703,211.1584014892578,29.095136642456055,41.5389518737793,181.6366729736328,109.0618896484375,93.87840270996094,142.1155242919922,95.05308532714844,263.6916198730469,174.88755798339844,26.94169807434082,51.614681243896484,102.48672485351562,35.199951171875,36.8489990234375,,265.7265319824219,43.57194900512695,6.7915472984313965,43.394325256347656,27.893781661987305,1.9600000381469727,57.38660430908203,387.4325866699219,71.10507202148438,13.390000343322754,46.106781005859375,47.849998474121094,57.029781341552734,15.619999885559082,20.790666580200195,36.122127532958984,68.72138214111328,11.984392166137695,236.0389862060547,180.8699951171875,48.03036880493164
2018-08-29,52.770416259765625,70.10242462158203,40.36658477783203,50.799930572509766,25.200000762939453,99.90499877929688,192.16433715820312,86.20999908447266,17.458269119262695,338.7143859863281,25.86076545715332,29.149999618530273,51.94248962402344,349.989990234375,399.2715759277344,1.9889503717422485,56.02419662475586,120.48725891113281,42.89287567138672,118.88126373291016,10.282445907592773,130.35690307617188,5.210000038146973,53.06999969482422,163.11376953125,56.50868606567383,62.71416473388672,203.19703674316406,209.85768127441406,29.211742401123047,41.69290542602539,184.6699981689453,109.50035858154297,93.57125091552734,142.1155242919922,95.18867492675781,263.6754150390625,174.53038024902344,27.596893310546875,51.750064849853516,104.12265014648438,35.42428970336914,36.80400085449219,,262.8075256347656,44.429481506347656,6.897049903869629,43.61737823486328,27.893781661987305,1.9700000286102295,56.90962600708008,403.89141845703125,70.63984680175781,13.520000457763672,46.18776321411133,48.099998474121094,57.276390075683594,15.789999961853027,20.333999633789062,37.64037322998047,68.90946960449219,12.075529098510742,236.46971130371094,184.86000061035156,47.940940856933594
2018-08-30,53.25556182861328,69.53484344482422,40.350563049316406,49.27897262573242,24.889999389648438,100.11900329589844,190.65911865234375,85.98999786376953,17.593076705932617,335.5321960449219,25.752809524536133,28.75,51.41766357421875,352.739990234375,391.0839538574219,1.9279975891113281,55.19771957397461,118.10910034179688,42.80150604248047,116.9399642944336,10.07080078125,127.97282409667969,4.710000038146973,52.15999984741211,161.27072143554688,57.009342193603516,62.207847595214844,201.5135955810547,205.4666748046875,28.72585105895996,41.25672912597656,185.05667114257812,109.57343292236328,93.11051940917969,140.22540283203125,95.32423400878906,261.6672058105469,176.2568359375,27.3697566986084,51.5469970703125,104.0576171875,35.48661422729492,37.097999572753906,,264.20513916015625,44.074100494384766,6.880209445953369,43.16237258911133,27.893781661987305,1.940000057220459,56.03789520263672,405.76873779296875,70.09532165527344,13.100000381469727,45.49489212036133,47.900001525878906,57.29951477050781,17.549999237060547,20.209999084472656,37.06890106201172,68.67189025878906,11.969202041625977,235.93359375,186.02999877929688,47.534385681152344
2018-08-31,53.87089157104492,68.95293426513672,40.36658477783203,49.048770904541016,25.170000076293945,100.635498046875,190.51976013183594,87.95999908447266,17.786344528198242,331.556884765625,25.686370849609375,29.950000762939453,51.6721305847168,353.489990234375,394.20263671875,1.8927106857299805,55.02777862548828,117.93082427978516,43.15035629272461,117.13822174072266,9.929704666137695,128.40139770507812,4.889999866485596,52.08000183105469,162.01634216308594,56.590877532958984,61.08513259887695,200.1752166748047,208.4423065185547,28.512054443359375,41.419219970703125,186.6666717529297,109.36234283447266,92.61743927001953,140.25990295410156,95.47783660888672,262.12542724609375,174.3616943359375,27.317340850830078,51.584598541259766,104.41082000732422,35.33498001098633,36.768001556396484,,264.02813720703125,43.749637603759766,6.951286315917969,43.34079360961914,27.907224655151367,1.9700000286102295,56.506656646728516,404.0205383300781,69.62481689453125,13.119999885559082,45.70185470581055,47.95000076293945,57.58465576171875,18.059999465942383,20.110666275024414,37.18830871582031,68.33531188964844,11.893255233764648,235.9950714111328,184.39999389648438,47.550636291503906
2018-09-04,54.04364776611328,67.93279266357422,40.110294342041016,48.58837127685547,28.059999465942383,101.97550201416016,185.344482421875,87.91000366210938,17.81882667541504,334.9034729003906,25.86076545715332,28.5,50.66221618652344,346.7200012207031,391.5036315917969,1.9215824604034424,55.151371002197266,117.41266632080078,43.06730270385742,115.64302825927734,10.07080078125,126.52626037597656,4.889999866485596,51.310001373291016,161.3544921875,55.514827728271484,60.06903076171875,200.04893493652344,207.47886657714844,28.57036590576172,41.01725769042969,185.3433380126953,108.57470703125,93.07817077636719,140.1391143798828,94.5470199584961,263.3525390625,169.82730102539062,26.932954788208008,51.1032829284668,103.83451843261719,35.32045364379883,36.36000061035156,,263.28515625,42.760765075683594,7.0260796546936035,43.34079360961914,27.806407928466797,1.9500000476837158,58.075138092041016,401.2194519042969,69.73055267333984,12.779999732971191,46.17875289916992,47.900001525878906,57.56924057006836,17.790000915527344,19.26333236694336,37.623313903808594,68.7708740234375,11.885662078857422,236.0389862060547,183.30999755859375,47.81083297729492
2018-09-05,53.6910285949707,68.38541412353516,39.91006088256836,50.331302642822266,28.510000228881836,99.74099731445312,181.29344177246094,87.5,17.980422973632812,335.3194274902344,25.89398765563965,28.209999084472656,50.8848762512207,346.6000061035156,393.5279541015625,1.8766703605651855,54.97370147705078,119.40862274169922,42.560638427734375,117.6668930053711,10.11489486694336,129.36570739746094,4.610000133514404,51.2599983215332,162.50222778320312,55.69415283203125,59.46353530883789,199.9647674560547,208.52760314941406,28.363048553466797,40.8120002746582,178.9066619873047,110.31229400634766,92.62549591064453,140.40664672851562,95.54112243652344,262.8779602050781,165.87826538085938,26.675037384033203,51.607154846191406,100.84152221679688,35.65072250366211,34.11800003051758,,262.48907470703125,42.343597412109375,6.8953166007995605,42.859046936035156,28.129037857055664,1.909999966621399,58.83033752441406,404.20928955078125,70.19577026367188,12.640000343322754,45.45890808105469,47.29999923706055,58.35533905029297,17.93000030517578,18.715999603271484,37.717140197753906,69.12724304199219,12.052745819091797,235.2742462158203,183.2100067138672,47.932804107666016
2018-09-06,52.79882049560547,67.34369659423828,39.57367706298828,49.796913146972656,27.84000015258789,97.91549682617188,171.3795166015625,99.97000122070312,17.537853240966797,339.7590026855469,25.7437801361084,28.700000762939453,50.328224182128906,341.3399963378906,390.9188232421875,1.8606302738189697,54.154945373535156,120.240966796875,42.31974792480469,116.40302276611328,10.035528182983398,129.5622100830078,4.429999828338623,50.150001525878906,163.5577850341797,54.46115493774414,58.714229583740234,197.40585327148438,211.56292724609375,28.05208396911621,40.41858673095703,180.6199951171875,111.13236999511719,92.22942352294922,139.99493408203125,95.2248306274414,269.0791931152344,161.2644805908203,26.473947525024414,52.17873764038086,101.07390594482422,36.10773849487305,34.645999908447266,,266.85870361328125,42.28949737548828,6.754150867462158,42.56462860107422,28.081989288330078,1.8899999856948853,58.39048385620117,395.2597351074219,70.58696746826172,12.329999923706055,44.55009078979492,45.54999923706055,59.14141082763672,17.309999465942383,18.729999542236328,37.57212448120117,68.90946960449219,11.999582290649414,237.84091186523438,180.0500030517578,47.103431701660156
2018-09-07,52.37281036376953,67.6526107788086,39.49358367919922,49.69004821777344,27.3799991607666,97.60350036621094,168.05322265625,100.43000030517578,18.886669158935547,337.8341979980469,25.75212287902832,30.579999923706055,50.654258728027344,339.6499938964844,390.488037109375,1.847798228263855,53.79188537597656,120.02864074707031,42.30314254760742,116.50216674804688,9.8150634765625,131.8212127685547,4.449999809265137,48.5099983215332,163.11376953125,53.967952728271484,58.3968505859375,196.89236450195312,209.4910430908203,27.741113662719727,39.72584915161133,179.32000732421875,111.49776458740234,92.40727233886719,138.83349609375,96.72500610351562,268.768310546875,161.7705078125,26.176679611206055,52.39684295654297,100.58124542236328,35.75043487548828,34.86800003051758,,265.82379150390625,42.35131072998047,6.732852458953857,42.65385055541992,28.364282608032227,1.9199999570846558,58.407066345214844,392.7665710449219,69.78870391845703,12.260000228881836,45.13497543334961,42.70000076293945,58.81001281738281,17.84000015258789,17.549333572387695,38.28008270263672,68.45410919189453,11.893255233764648,236.6325225830078,179.47000122070312,46.6724853515625
2018-09-10,51.66994094848633,67.40117645263672,39.805931091308594,49.85446548461914,29.889999389648438,96.95050048828125,172.5130615234375,106.11000061035156,19.538745880126953,330.6573181152344,25.718738555908203,29.049999237060547,50.065818786621094,340.25,392.4014587402344,1.822134256362915,53.7841682434082,120.64865112304688,42.751670837402344,117.64215850830078,9.797425270080566,132.6963348388672,4.420000076293945,48.15999984741211,163.9347381591797,54.18465805053711,58.271385192871094,195.20887756347656,211.2986297607422,27.799419403076172,39.59756851196289,180.6266632080078,111.40843200683594,91.91419982910156,139.70021057128906,96.17373657226562,264.2032470703125,162.90162658691406,26.49143409729004,52.31412124633789,101.66876220703125,35.73590850830078,34.840999603271484,,268.8489990234375,42.722137451171875,6.803930759429932,43.590606689453125,28.270185470581055,1.8300000429153442,60.017051696777344,392.38916015625,70.65569305419922,11.949999809265137,45.54887008666992,42.25,59.249305725097656,17.600000381469727,19.03333282470703,38.05830383300781,69.15695190429688,11.802120208740234,229.09115600585938,179.27999877929688,46.72126388549805
2018-09-11,52.97631072998047,66.94141387939453,39.84599304199219,49.484493255615234,30.100000381469727,99.35749816894531,170.3760223388672,107.33999633789062,18.884231567382812,333.9362487792969,25.7437801361084,29.260000228881836,50.30436706542969,337.70001220703125,390.23138427734375,1.7964712381362915,53.62969207763672,120.63166809082031,43.465999603271484,118.17083740234375,9.912067413330078,132.68743896484375,4.46999979019165,48.45000076293945,164.2446746826172,53.97542953491211,59.01176452636719,193.7779998779297,207.83692932128906,27.734636306762695,38.42588424682617,182.13333129882812,112.46399688720703,92.49618530273438,139.8216094970703,95.46882629394531,263.6143798828125,164.64793395996094,27.04224395751953,51.953121185302734,103.39763641357422,35.76081848144531,35.59299850463867,,267.990966796875,43.239749908447266,6.75613260269165,43.644126892089844,28.43821907043457,1.7599999904632568,60.17473602294922,391.1276550292969,70.63457489013672,12.699999809265137,45.872825622558594,43.04999923706055,60.36679458618164,17.799999237060547,18.62933349609375,37.998600006103516,69.28560638427734,11.756551742553711,230.24659729003906,178.61000061035156,46.65621566772461
2018-09-12,52.31839370727539,66.98450469970703,39.95811080932617,48.60481262207031,32.209999084472656,99.5,162.94296264648438,108.12999725341797,18.668228149414062,341.8288879394531,25.393295288085938,31.90999984741211,50.58269119262695,340.0299987792969,389.30364990234375,1.8253427743911743,54.463905334472656,122.54268646240234,43.67365264892578,117.3613052368164,9.912067413330078,131.95523071289062,4.409999847412109,48.900001525878906,164.36199951171875,55.27570343017578,58.09981155395508,192.0439453125,209.5848388671875,27.81237030029297,38.42588424682617,183.18666076660156,113.15415954589844,91.40495300292969,140.1335906982422,95.76703643798828,266.1095275878906,160.7386016845703,27.208358764648438,52.539730072021484,103.83451843261719,35.833526611328125,36.994998931884766,6.599999904632568,268.48638916015625,43.47150802612305,6.642209053039551,44.018836975097656,28.505441665649414,1.7699999809265137,59.544010162353516,386.2704772949219,70.78260040283203,13.100000381469727,45.62987518310547,43.29999923706055,60.07392883300781,17.940000534057617,19.369333267211914,37.478302001953125,69.03816223144531,11.748957633972168,231.6843719482422,178.33999633789062,45.48533248901367
2018-09-13,53.58216094970703,69.2043685913086,40.04621887207031,48.33351135253906,30.479999542236328,99.49349975585938,169.10313415527344,111.44000244140625,19.117290496826172,343.81170654296875,25.151294708251953,31.68000030517578,50.63835906982422,340.5799865722656,388.45050048828125,1.879878044128418,54.185821533203125,123.61283874511719,42.610469818115234,117.51822662353516,10.017889976501465,132.9285125732422,4.099999904632568,48.40999984741211,166.34738159179688,55.81789016723633,58.62247848510742,192.1954345703125,212.2535858154297,28.252918243408203,38.973236083984375,186.27333068847656,113.58447265625,91.76060485839844,141.68505859375,96.31830596923828,271.01800537109375,160.1035919189453,26.823667526245117,53.269248962402344,104.94989776611328,36.26976776123047,36.814998626708984,11.600000381469727,268.380126953125,43.61057662963867,6.719973564147949,43.6798095703125,28.80116844177246,1.75,61.91750717163086,395.04119873046875,71.64430236816406,13.09000015258789,45.36892318725586,43.75,59.78878402709961,17.579999923706055,19.297332763671875,37.043304443359375,69.17678833007812,11.832499504089355,234.1716766357422,179.86000061035156,44.721012115478516
2018-09-14,52.97393035888672,68.7374267578125,40.078250885009766,48.08687973022461,32.720001220703125,98.5094985961914,171.28660583496094,116.51000213623047,19.192005157470703,348.00946044921875,25.343225479125977,29.579999923706055,51.15523147583008,338.67999267578125,394.314697265625,2.0114054679870605,54.4870719909668,123.06932067871094,42.81813049316406,118.29475402832031,10.053165435791016,131.93734741210938,4.03000020980835,48.209999084472656,167.97256469726562,55.2606315612793,58.41618728637695,192.9615020751953,215.62997436523438,28.21403694152832,38.94758224487305,189.45333862304688,113.25969696044922,91.74445343017578,142.76846313476562,95.58629608154297,274.71575927734375,161.05613708496094,26.919843673706055,52.98908615112305,105.37748718261719,36.07241439819336,36.45600128173828,9.899999618530273,271.8564147949219,43.239749908447266,6.846031665802002,43.93854904174805,28.87510871887207,1.8700000047683716,62.31584167480469,389.53839111328125,72.84963989257812,13.130000114440918,46.03478240966797,42.150001525878906,59.06435775756836,17.280000686645508,19.68000030517578,37.87919235229492,69.87983703613281,11.862876892089844,234.01292419433594,179.00999450683594,44.501487731933594
2018-09-17,51.56345748901367,68.51471710205078,39.87001419067383,48.58837127685547,32.43000030517578,95.40149688720703,170.11590576171875,116.81999969482422,19.069377899169922,344.2953186035156,25.268123626708984,29.0,51.377891540527344,334.3999938964844,390.0408935546875,1.976117491722107,54.74969482421875,124.1904067993164,43.15035629272461,119.36038970947266,10.15017032623291,133.08021545410156,3.890000104904175,47.75,169.58099365234375,54.808773040771484,57.51612854003906,191.82510375976562,219.54356384277344,28.201091766357422,38.84495162963867,186.21665954589844,113.64131927490234,92.0192642211914,144.26791381835938,95.53205108642578,277.61187744140625,159.32968139648438,27.96900749206543,53.32225036621094,104.23421478271484,36.11603927612305,35.03499984741211,8.5,275.11151123046875,44.68441390991211,6.784116268157959,43.87608337402344,28.908721923828125,1.8300000429153442,60.78054428100586,383.8965148925781,72.82852172851562,12.5600004196167,45.278934478759766,42.099998474121094,60.82919692993164,17.610000610351562,19.6560001373291,37.32478713989258,70.21651458740234,11.893255233764648,232.74276733398438,175.8000030517578,44.159976959228516
2018-09-18,51.648651123046875,66.53189086914062,39.74186325073242,48.59660720825195,31.93000030517578,97.05249786376953,173.3493194580078,119.83000183105469,19.613447189331055,351.6656188964844,25.2097110748291,29.920000076293945,51.52898406982422,336.8900146484375,391.11761474609375,1.9889503717422485,55.12046813964844,126.61103820800781,43.60720443725586,120.2608871459961,10.211898803710938,133.08021545410156,4.360000133514404,49.54999923706055,171.4073028564453,55.4790153503418,57.87714767456055,192.6668243408203,219.97836303710938,28.045602798461914,39.426513671875,188.27333068847656,114.11224365234375,92.39112854003906,145.63735961914062,96.58941650390625,280.7861328125,159.0518341064453,27.5318546295166,53.32225036621094,105.22875213623047,36.02879333496094,36.76499938964844,7.679999828338623,280.9583740234375,45.124778747558594,6.712048530578613,43.742279052734375,29.24478530883789,1.909999966621399,62.00877380371094,385.72412109375,73.7906723022461,12.890000343322754,45.54887008666992,42.04999923706055,60.8985595703125,17.34000015258789,18.997333526611328,37.154197692871094,70.86017608642578,11.931230545043945,232.231201171875,177.1199951171875,44.31446838378906
2018-09-19,51.679412841796875,65.38961029052734,39.99815368652344,49.295413970947266,31.209999084472656,96.32099914550781,175.6534881591797,114.47000122070312,19.78199005126953,353.2518615722656,25.86894989013672,29.25,51.87887191772461,338.9100036621094,400.51043701171875,2.13651704788208,56.94340515136719,129.7450408935547,44.130496978759766,122.53253173828125,10.538186073303223,136.071533203125,4.230000019073486,49.599998474121094,170.90460205078125,55.63716125488281,58.232215881347656,198.29811096191406,214.88816833496094,28.628673553466797,39.46928024291992,185.49000549316406,114.04730224609375,95.07473754882812,143.4618682861328,95.55916595458984,277.5791931152344,161.79037475585938,27.80289077758789,52.98908615112305,103.82520294189453,35.14179229736328,36.69599914550781,8.5,276.20843505859375,45.28700637817383,6.735823631286621,44.0991325378418,29.07675552368164,1.8899999856948853,61.46107482910156,381.125244140625,74.27705383300781,12.75,46.781639099121094,40.75,60.983314514160156,17.299999237060547,19.934667587280273,37.546539306640625,71.01860046386719,12.128690719604492,234.0305633544922,176.60000610351562,44.899906158447266
2018-09-20,52.072265625,66.58219146728516,40.31052017211914,50.25730895996094,31.18000030517578,97.21499633789062,177.920654296875,108.23999786376953,20.03888702392578,355.4184875488281,26.027507781982422,30.010000228881836,52.626346588134766,341.239990234375,403.4922180175781,2.1301004886627197,57.7698860168457,132.49696350097656,44.28000259399414,124.60604095458984,10.802742004394531,137.57167053222656,4.420000076293945,50.290000915527344,169.9412384033203,56.352577209472656,59.09012222290039,199.83009338378906,213.1999969482422,29.017379760742188,40.367279052734375,187.05999755859375,115.28148651123047,95.89112854003906,140.9830322265625,95.85741424560547,272.531494140625,164.72732543945312,28.248788833618164,53.59484100341797,105.56339263916016,35.16257095336914,36.5359992980957,8.779999732971191,266.6110534667969,44.668968200683594,6.594657897949219,44.99128341674805,29.40610122680664,1.9299999475479126,61.90919876098633,384.6514587402344,74.99073028564453,12.84000015258789,46.8536262512207,42.75,62.12393569946289,17.81999969482422,19.8886661529541,37.67448425292969,70.09768676757812,12.645129203796387,234.9655303955078,180.52000427246094,45.1682243347168
2018-09-21,51.511390686035156,66.28047180175781,40.30250549316406,49.525611877441406,31.020000457763672,95.75050354003906,175.07745361328125,107.16000366210938,20.298234939575195,360.03216552734375,25.893985748291016,30.950000762939453,53.063716888427734,345.4100036621094,403.8814697265625,2.235964059829712,57.275543212890625,132.81971740722656,43.86469650268555,124.75471496582031,10.882109642028809,136.44654846191406,4.400000095367432,49.97999954223633,171.44915771484375,56.86466979980469,58.12559127807617,198.09605407714844,218.02587890625,29.101606369018555,39.90544509887695,185.58999633789062,116.01222229003906,95.26065826416016,142.38711547851562,96.09236907958984,276.2374572753906,161.661376953125,28.266277313232422,53.83714294433594,106.20474243164062,35.472076416015625,36.11899948120117,8.59000015258789,271.281494140625,44.25179672241211,6.524569034576416,45.58903121948242,29.614463806152344,1.899999976158142,61.16228485107422,387.66107177734375,75.11233520507812,12.5,46.646663665771484,42.599998474121094,60.75982666015625,17.780000686645508,19.940000534057617,37.580657958984375,71.11761474609375,12.53880500793457,235.21253967285156,180.0800018310547,44.712886810302734
2018-09-24,52.252132415771484,67.11380004882812,39.74186325073242,49.65715408325195,32.61000061035156,96.71800231933594,177.90208435058594,106.9800033569336,20.408689498901367,355.9311218261719,25.651981353759766,32.25,52.66611099243164,347.0199890136719,399.2928466796875,2.242380380630493,57.03608703613281,130.79827880859375,43.86469650268555,123.15213012695312,10.793923377990723,135.32151794433594,4.210000038146973,50.22999954223633,169.91610717773438,56.947509765625,58.494544982910156,196.04220581054688,216.54232788085938,28.92668914794922,40.119258880615234,189.7566680908203,114.0553970336914,94.34724426269531,140.6362762451172,95.42361450195312,276.17205810546875,164.12208557128906,27.96900749206543,53.59484100341797,106.58582305908203,35.06700897216797,36.96099853515625,7.869999885559082,270.7684326171875,43.95049285888672,6.580294132232666,45.71392822265625,29.52709197998047,1.8799999952316284,61.06271743774414,387.5716857910156,74.19244384765625,12.510000228881836,46.394718170166016,42.400001525878906,60.22806167602539,16.979999542236328,19.978666305541992,38.28860092163086,70.6621322631836,12.45526123046875,235.82107543945312,182.1699981689453,44.11932373046875
2018-09-25,52.583457946777344,67.37244415283203,39.75788116455078,49.73936462402344,32.56999969482422,98.72750091552734,176.73133850097656,109.18000030517578,20.26142120361328,355.1960144042969,25.593568801879883,34.08000183105469,52.98420715332031,341.6499938964844,396.82452392578125,2.2616281509399414,56.78119659423828,130.8746795654297,45.069087982177734,122.441650390625,10.714556694030762,135.08934020996094,4.619999885559082,49.650001525878906,170.46063232421875,56.47307205200195,59.205169677734375,195.70553588867188,218.1111297607422,28.997953414916992,39.26402282714844,191.39666748046875,112.56952667236328,94.08050537109375,142.84652709960938,95.52303314208984,281.04791259765625,163.62596130371094,28.511072158813477,53.49641799926758,106.38133239746094,34.659854888916016,36.94300079345703,7.579999923706055,278.11016845703125,44.583988189697266,6.6474103927612305,46.14216613769531,29.4329833984375,1.9700000286102295,60.3656005859375,387.4325866699219,73.85942077636719,12.520000457763672,46.448699951171875,40.79999923706055,59.76566696166992,16.209999084472656,20.06599998474121,37.67448425292969,71.5929183959961,12.402098655700684,232.42518615722656,182.64999389648438,44.09492874145508
2018-09-26,52.164554595947266,67.6598129272461,39.5256233215332,50.2819709777832,32.189998626708984,98.74250030517578,175.4212646484375,108.8499984741211,20.079790115356445,353.068115234375,25.14295196533203,35.79999923706055,53.59650421142578,349.3699951171875,393.2959899902344,2.2969167232513428,55.9624137878418,130.0933074951172,45.58407211303711,121.4585952758789,10.494091987609863,136.00901794433594,4.539999961853027,48.54999923706055,169.10350036621094,56.970096588134766,59.21360397338867,192.658447265625,217.62513732910156,29.088645935058594,39.08442687988281,189.84666442871094,112.1797866821289,92.97308349609375,143.22787475585938,96.07428741455078,280.5079040527344,165.6500701904297,28.458620071411133,53.25410461425781,105.94447326660156,34.16129684448242,37.78799819946289,7.5,278.2605285644531,44.43720626831055,6.610507488250732,46.06187438964844,29.359050750732422,1.9199999570846558,59.55232238769531,388.9026794433594,73.78011322021484,12.460000038146973,45.638858795166016,39.95000076293945,60.11248016357422,15.899999618530273,20.6386661529541,37.75977325439453,70.82054138183594,12.394503593444824,231.89599609375,186.64999389648438,43.22489547729492
2018-09-27,53.23664093017578,67.63105773925781,39.60570526123047,49.977787017822266,32.59000015258789,100.64900207519531,175.3655242919922,110.48999786376953,20.163238525390625,355.35076904296875,24.98440170288086,33.599998474121094,54.50303649902344,355.6000061035156,395.83056640625,2.2680447101593018,56.34862518310547,129.49874877929688,44.66209411621094,121.59081268310547,10.414726257324219,135.64125061035156,4.940000057220459,48.52000045776367,169.2877960205078,57.670467376708984,59.873146057128906,191.69886779785156,218.2646026611328,29.0756893157959,39.238365173339844,189.89666748046875,112.228515625,92.56892395019531,144.91795349121094,96.41773223876953,283.1012878417969,167.5253448486328,28.213817596435547,53.54941177368164,106.34416961669922,34.39811325073242,38.07099914550781,7.010000228881836,280.19769287109375,44.5383415222168,6.622395038604736,46.115394592285156,29.50692367553711,1.899999976158142,59.510841369628906,403.2756042480469,73.84356689453125,12.069999694824219,45.45890808105469,38.0,60.120182037353516,15.760000228881836,20.501333236694336,38.17771911621094,70.80075073242188,12.2426118850708,233.4307861328125,189.74000549316406,42.94844436645508
2018-09-28,53.4235954284668,67.94717407226562,40.262474060058594,49.977787017822266,30.889999389648438,100.1500015258789,174.6965789794922,112.16999816894531,20.186153411865234,359.7129821777344,24.583850860595703,34.08000183105469,54.638206481933594,353.30999755859375,390.39703369140625,2.28729248046875,55.413978576660156,129.5157470703125,45.21859359741211,120.66560363769531,10.017889976501465,134.84295654296875,4.849999904632568,48.41999816894531,171.49942016601562,58.144893646240234,59.8592643737793,188.7527618408203,218.34132385253906,28.49910545349121,40.444252014160156,191.3333282470703,112.18793487548828,91.21094512939453,146.66009521484375,96.9780044555664,283.0277099609375,163.17947387695312,28.397417068481445,53.71599197387695,106.30697631835938,34.81564712524414,37.41299819946289,6.980000019073486,280.7284240722656,44.8884162902832,6.9597063064575195,45.99941635131836,29.621191024780273,1.9199999570846558,59.776390075683594,401.3287658691406,73.91226196289062,12.4399995803833,44.22614669799805,37.650001525878906,60.67507553100586,15.489999771118164,17.65133285522461,37.665950775146484,70.77104187011719,11.946417808532715,234.65679931640625,192.74000549316406,42.73703384399414
2018-10-01,53.783321380615234,68.24889373779297,40.13432312011719,49.065216064453125,31.420000076293945,100.21800231933594,176.61053466796875,109.69000244140625,20.413599014282227,369.76251220703125,24.742393493652344,32.27000045776367,53.763492584228516,352.55999755859375,392.1695251464844,2.2969167232513428,55.56075668334961,129.33738708496094,45.51761245727539,122.25166320800781,9.920886993408203,135.318359375,4.960000038146973,48.97999954223633,172.15283203125,58.7097053527832,59.93117141723633,189.6702423095703,219.44973754882812,28.57683563232422,39.72584915161133,191.5800018310547,113.42210388183594,91.74445343017578,146.10540771484375,97.2401123046875,284.6392822265625,161.17518615722656,28.738393783569336,54.162742614746094,107.45957946777344,34.68893051147461,38.143001556396484,6.599999904632568,281.7279052734375,45.42521667480469,7.166254043579102,46.213539123535156,29.755619049072266,1.9299999475479126,60.249427795410156,391.5845947265625,74.49908447265625,12.239999771118164,44.58607864379883,37.900001525878906,60.75982666015625,15.25,20.713333129882812,38.092430114746094,71.06809997558594,11.824904441833496,237.35577392578125,191.57000732421875,42.48497009277344
2018-10-02,54.26137161254883,67.69572448730469,40.37458419799805,49.50095748901367,29.020000457763672,98.56549835205078,176.68490600585938,109.11000061035156,20.298234939575195,373.7087707519531,24.683982849121094,30.219999313354492,54.91652297973633,345.4100036621094,395.267333984375,2.194260597229004,55.46034622192383,131.4946746826172,46.356536865234375,123.04474639892578,9.8150634765625,138.8704071044922,4.989999771118164,49.22999954223633,171.71722412109375,59.24439239501953,59.88703918457031,190.2930908203125,218.32427978515625,28.246440887451172,41.13698959350586,190.4933319091797,114.06355285644531,92.12435150146484,146.04470825195312,97.56543731689453,285.5719909667969,158.0894012451172,28.89577865600586,54.3293342590332,107.03202056884766,35.17710494995117,37.7140007019043,5.929999828338623,281.9667663574219,45.33964157104492,7.0949296951293945,44.812862396240234,29.72200584411621,1.899999976158142,60.87184143066406,397.8820495605469,74.7792739868164,13.539999961853027,44.85602569580078,40.29999923706055,60.90625,15.430000305175781,20.06800079345703,37.20537567138672,71.11761474609375,11.688200950622559,238.705322265625,191.92999267578125,42.387393951416016
2018-10-03,54.921653747558594,68.9744873046875,40.40662384033203,50.85747528076172,28.43000030517578,97.63800048828125,178.2179412841797,108.23999786376953,20.406234741210938,379.4444580078125,25.03447151184082,30.25,54.71772384643555,352.75,392.9150085449219,2.200676918029785,55.89290237426758,134.3824920654297,45.94953918457031,124.39946746826172,9.98261547088623,141.9111785888672,4.929999828338623,48.29999923706055,172.33717346191406,59.49290084838867,60.07994079589844,191.7324981689453,220.65199279785156,28.609243392944336,41.701454162597656,187.1566619873047,112.88622283935547,92.98926544189453,146.55613708496094,98.16190338134766,284.2384338378906,161.16525268554688,29.324186325073242,54.041603088378906,107.05059814453125,34.9485969543457,37.70500183105469,6.300000190734863,280.9583740234375,45.15292739868164,7.1011199951171875,44.38462829589844,30.118558883666992,1.899999976158142,60.28261947631836,400.3354187011719,74.55194854736328,12.850000381469727,45.71086502075195,39.68000030517578,61.06809997558594,16.020000457763672,19.65333366394043,37.49537658691406,71.00869750976562,11.718578338623047,238.94351196289062,192.2100067138672,42.81021499633789
2018-10-04,53.95606994628906,67.41554260253906,40.414642333984375,50.972564697265625,27.780000686645508,95.47100067138672,174.1762237548828,104.29000091552734,20.303966522216797,377.2101745605469,25.393295288085938,28.34000015258789,54.383750915527344,343.1000061035156,392.7327575683594,2.101228713989258,56.09373092651367,133.13389587402344,46.564186096191406,125.9690170288086,9.876791954040527,142.00088500976562,4.639999866485596,47.650001525878906,173.27964782714844,57.65538787841797,58.37106704711914,191.47999572753906,220.4302520751953,28.635150909423828,41.16264343261719,184.81333923339844,113.14605712890625,93.82765197753906,146.1487579345703,102.11113739013672,285.8910217285156,157.61312866210938,29.534013748168945,53.92801284790039,104.83837890625,35.15841293334961,36.3650016784668,6.25,281.3653259277344,45.12959289550781,6.916863441467285,44.13482666015625,30.04463005065918,1.8700000047683716,60.06684875488281,389.4191589355469,74.21892547607422,12.59000015258789,46.50270462036133,39.04999923706055,60.4284553527832,16.1200008392334,18.788667678833008,36.190364837646484,70.89976501464844,11.748957633972168,236.66781616210938,188.6199951171875,43.509483337402344
2018-10-05,53.08043670654297,67.80348205566406,40.90320587158203,49.73936462402344,27.350000381469727,94.48249816894531,170.7662811279297,102.06999969482422,19.981618881225586,373.8055419921875,25.22640037536621,27.3700008392334,54.81315231323242,342.0799865722656,390.0076904296875,2.1140613555908203,55.939247131347656,130.2122039794922,45.700347900390625,124.969482421875,9.806244850158691,140.28761291503906,4.510000228881836,46.970001220703125,173.62474060058594,57.414424896240234,57.91284942626953,189.99009704589844,222.77499389648438,28.388967514038086,40.221885681152344,182.90333557128906,112.94305419921875,93.29856872558594,145.2300262451172,103.94570922851562,284.0503234863281,156.10499572753906,28.948230743408203,53.784141540527344,104.22489166259766,35.80652618408203,35.1349983215332,6.260000228881836,283.35552978515625,45.137367248535156,6.683320045471191,44.02776336669922,30.185779571533203,1.8700000047683716,59.09588623046875,389.1410217285156,73.51576232910156,12.479999542236328,46.32273483276367,37.97999954223633,60.690452575683594,16.1299991607666,17.463333129882812,35.50801467895508,70.35514068603516,11.483144760131836,237.4440460205078,188.0500030517578,43.24928665161133
2018-10-08,52.95737838745117,68.11241149902344,41.47986602783203,49.86268997192383,26.459999084472656,93.22100067138672,168.80577087402344,102.63999938964844,19.747621536254883,373.12847900390625,25.259780883789062,27.06999969482422,56.27632141113281,343.0299987792969,390.5046691894531,2.0980212688446045,56.0705451965332,130.2462158203125,45.95783615112305,126.25814819335938,9.744515419006348,137.97344970703125,4.630000114440918,47.27000045776367,174.33152770996094,57.534915924072266,57.32223129272461,189.68710327148438,222.65562438964844,28.22053337097168,40.221885681152344,175.49000549316406,113.17847442626953,93.86835479736328,145.0393524169922,104.34331512451172,286.27545166015625,156.0255889892578,29.481555938720703,54.1097412109375,103.03514862060547,36.00387954711914,34.90999984741211,6.039999961853027,282.1701965332031,45.650821685791016,6.582027435302734,44.03668212890625,30.43447494506836,1.8600000143051147,58.86351776123047,391.505126953125,73.79596710205078,11.989999771118164,46.49369812011719,39.529998779296875,60.88313293457031,16.229999542236328,16.70400047302246,34.936546325683594,70.9988021850586,11.33125114440918,237.27642822265625,185.33999633789062,43.63957595825195
2018-10-09,53.6910285949707,67.93998718261719,41.207557678222656,47.96354675292969,27.239999771118164,93.51599884033203,169.98580932617188,98.37999725341797,20.020061492919922,372.80926513671875,25.01778221130371,26.100000381469727,55.59245300292969,344.57000732421875,380.7723388671875,2.0883970260620117,55.52985763549805,126.94224548339844,45.525917053222656,124.59772491455078,9.726877212524414,134.9506072998047,4.539999961853027,47.130001068115234,171.80697631835938,57.64032745361328,56.78913497924805,187.63323974609375,220.66043090820312,28.18165397644043,39.811370849609375,177.07000732421875,113.02422332763672,93.21717071533203,144.1292724609375,104.33427429199219,284.1320495605469,156.6705322265625,28.939481735229492,54.77607345581055,104.34575653076172,36.08903503417969,35.57099914550781,7.389999866485596,277.9244384765625,44.795066833496094,6.576331615447998,43.59952926635742,30.562179565429688,1.8600000143051147,58.199607849121094,389.8959655761719,71.83462524414062,12.119999885559082,46.943607330322266,38.79999923706055,59.927494049072266,16.0,17.520000457763672,34.88536071777344,69.64219665527344,11.270492553710938,238.24671936035156,185.66000366210938,43.5257453918457
2018-10-10,51.2037239074707,66.86955261230469,40.15834426879883,46.77967071533203,25.0,87.76249694824219,159.73741149902344,94.41000366210938,18.967111587524414,355.42816162109375,24.400259017944336,27.540000915527344,53.63626480102539,337.5299987792969,353.4801940917969,2.0338613986968994,54.031349182128906,122.06705474853516,41.81308364868164,122.14427947998047,9.629874229431152,132.26866149902344,4.329999923706055,46.36000061035156,166.47169494628906,56.31493377685547,54.16036605834961,180.88238525390625,211.3753662109375,27.96785545349121,38.31471633911133,170.73666381835938,111.8306655883789,90.7345199584961,139.24087524414062,102.42742919921875,275.4930419921875,150.2012939453125,28.248788833618164,53.34496307373047,98.67578125,35.885467529296875,32.5890007019043,7.75,273.3689270019531,42.73347091674805,6.084728717803955,42.2880744934082,29.91692352294922,1.7400000095367432,55.37802505493164,379.3770446777344,69.31819152832031,11.1899995803833,44.622074127197266,37.77000045776367,58.27826690673828,15.279999732971191,17.125333786010742,33.56330490112305,66.72103881835938,11.050248146057129,232.04591369628906,176.42999267578125,42.631317138671875
2018-10-11,50.751708984375,65.15975189208984,38.980987548828125,46.220611572265625,25.299999237060547,85.96800231933594,159.60733032226562,91.04000091552734,18.727397918701172,346.3748779296875,23.66591453552246,27.3799991607666,52.96829605102539,327.2699890136719,345.9593200683594,1.9536616802215576,52.81863021850586,119.73133850097656,42.46927261352539,120.16996765136719,9.550507545471191,131.38059997558594,4.5,45.369998931884766,162.36500549316406,54.59792709350586,54.089942932128906,179.26626586914062,198.73085021972656,27.3845157623291,37.827213287353516,169.4066619873047,108.6721420288086,88.01583862304688,133.66778564453125,97.52027130126953,266.9112854003906,152.15594482421875,28.581016540527344,51.769996643066406,98.44338989257812,35.125160217285156,32.11000061035156,7.179999828338623,263.2586364746094,42.056636810302734,5.823201656341553,41.73492431640625,28.77428436279297,1.7799999713897705,53.35310745239258,369.17596435546875,68.39305877685547,11.380000114440918,43.3083381652832,37.029998779296875,56.44406509399414,15.0,16.815332412719727,33.21358871459961,64.43363952636719,10.716082572937012,226.78904724121094,175.66000366210938,41.82634735107422
2018-10-12,52.56451416015625,65.84952545166016,39.10913848876953,45.59577941894531,26.34000015258789,89.43049621582031,161.93020629882812,92.69000244140625,19.05874252319336,348.3092956542969,23.749366760253906,26.68000030517578,53.44541549682617,330.94000244140625,354.25872802734375,2.0691494941711426,53.94636917114258,120.6656265258789,43.54906463623047,119.9799575805664,9.559325218200684,133.12974548339844,4.599999904632568,45.529998779296875,161.44773864746094,55.418785095214844,55.5677375793457,180.0238037109375,192.90737915039062,27.51560401916504,38.38311767578125,177.33999633789062,108.69652557373047,87.0553207397461,134.2311248779297,99.84282684326172,268.02386474609375,152.54293823242188,28.75588607788086,52.8603515625,101.84539794921875,35.18125534057617,33.95600128173828,7.460000038146973,267.460205078125,42.064414978027344,6.105780124664307,42.270225524902344,29.426259994506836,1.809999942779541,53.35310745239258,381.5821533203125,68.53050231933594,12.220000267028809,44.10017395019531,39.38999938964844,56.066436767578125,14.819999694824219,17.25200080871582,33.82771682739258,64.43363952636719,10.837596893310547,228.98524475097656,181.32000732421875,42.37114334106445
2018-10-15,51.44038391113281,64.75313568115234,39.27732467651367,45.801326751708984,26.260000228881836,88.04750061035156,161.06610107421875,93.77999877929688,19.019474029541016,347.11962890625,23.29874610900879,26.600000381469727,54.089515686035156,328.4100036621094,353.6292724609375,2.062732458114624,53.45974349975586,120.4363021850586,42.186859130859375,120.6573257446289,9.726877212524414,133.15663146972656,4.940000057220459,46.119998931884766,162.10411071777344,54.808773040771484,54.67015838623047,181.1602325439453,199.5238037109375,27.37140655517578,38.08378982543945,173.09666442871094,108.76144409179688,86.55879211425781,150.16172790527344,99.96934509277344,270.98529052734375,152.32464599609375,28.7821102142334,52.595333099365234,100.01427459716797,35.239418029785156,33.3129997253418,7.820000171661377,270.3173522949219,41.91659927368164,5.829392433166504,42.207515716552734,28.982666015625,1.8799999952316284,53.25351333618164,375.01654052734375,68.90056610107422,12.40999984741211,42.86742401123047,40.52000045776367,56.05873107910156,15.199999809265137,17.305999755859375,33.05153274536133,65.1663818359375,10.799623489379883,229.5498046875,177.64999389648438,43.289947509765625
2018-10-16,52.57398986816406,66.73536682128906,39.485572814941406,46.7303352355957,28.18000030517578,90.99800109863281,168.84295654296875,97.18000030517578,19.498092651367188,356.1825866699219,23.807783126831055,27.18000030517578,54.70182418823242,338.6099853515625,337.9414367675781,2.0980212688446045,53.84596252441406,122.0585708618164,43.44108200073242,121.77257537841797,9.841520309448242,136.30502319335938,4.889999866485596,47.61000061035156,163.8544921875,57.467124938964844,56.1895866394043,186.61471557617188,200.61514282226562,27.351736068725586,39.2896728515625,180.97000122070312,110.88066864013672,88.41468811035156,150.4044189453125,100.33984375,275.80389404296875,157.54368591308594,28.96571922302246,53.92801284790039,103.174560546875,35.5821647644043,34.63999938964844,8.039999961853027,276.05804443359375,43.394737243652344,6.088196754455566,43.20178985595703,29.52709197998047,1.9299999475479126,54.87179946899414,395.8458251953125,70.05303955078125,13.15999984741211,43.3983154296875,42.2599983215332,57.230140686035156,15.149999618530273,18.439332962036133,34.12623977661133,66.10710906982422,10.875569343566895,240.41648864746094,185.4499969482422,43.6883659362793
2018-10-17,52.346797943115234,66.99677276611328,39.26931381225586,46.376834869384766,27.299999237060547,91.58650207519531,171.8998260498047,95.51000213623047,19.404001235961914,353.522705078125,24.11653709411621,27.31999969482422,54.566646575927734,338.2300109863281,341.13043212890625,2.101228713989258,53.94636917114258,120.04560852050781,42.77659225463867,120.76475524902344,9.929704666137695,136.01800537109375,4.920000076293945,47.220001220703125,163.1223602294922,56.947509765625,55.91734313964844,192.1533660888672,198.76495361328125,27.220653533935547,39.24692153930664,180.97000122070312,113.2353515625,89.39959716796875,148.70562744140625,102.65335845947266,272.7524108886719,158.17869567871094,28.89577865600586,54.382347106933594,102.9050064086914,35.48453903198242,36.470001220703125,7.769999980926514,273.7670593261719,43.30137252807617,6.019593715667725,42.870365142822266,29.957265853881836,1.9299999475479126,54.85519790649414,396.3821716308594,68.76309967041016,13.050000190734863,43.22734832763672,41.790000915527344,56.420936584472656,14.829999923706055,18.118667602539062,33.75094985961914,64.14645385742188,10.85278606414795,235.7681427001953,185.47999572753906,44.28194808959961
2018-10-18,51.123268127441406,65.27592468261719,39.41348648071289,45.21760559082031,26.6200008392334,88.53600311279297,163.93711853027344,93.29000091552734,18.6553955078125,347.5742492675781,23.574125289916992,25.56999969482422,53.524932861328125,330.1499938964844,331.2074890136719,1.9889503717422485,53.0040168762207,115.34027099609375,42.2117805480957,116.64257049560547,9.673967361450195,132.035400390625,4.869999885559082,46.709999084472656,160.9175567626953,55.85554504394531,54.44550704956055,189.35037231445312,198.84170532226562,26.316143035888672,38.4600944519043,174.09666442871094,113.26786041259766,87.98324584960938,147.9515838623047,102.40032958984375,268.3346862792969,153.71372985839844,28.720909118652344,54.677650451660156,100.8508071899414,35.64033889770508,34.67100143432617,7.5,272.6170959472656,42.430057525634766,5.932170867919922,42.4404182434082,29.574138641357422,1.909999966621399,54.066802978515625,392.56793212890625,68.16569519042969,12.720000267028809,42.02159881591797,40.13999938964844,55.72734069824219,14.729999542236328,17.5939998626709,32.872413635253906,56.92777633666992,10.518621444702148,235.33595275878906,178.89999389648438,43.176109313964844
2018-10-19,51.9018669128418,63.87456512451172,39.67778396606445,44.716094970703125,23.65999984741211,88.20149993896484,163.3052978515625,92.83999633789062,18.676664352416992,344.58544921875,23.632539749145508,25.510000228881836,53.620357513427734,320.4100036621094,332.6819152832031,2.0049893856048584,53.189395904541016,112.2460708618164,42.062255859375,115.6182632446289,9.629874229431152,130.87835693359375,4.739999771118164,46.59000015258789,160.10964965820312,55.17778015136719,54.8060302734375,191.04226684570312,199.8733367919922,26.519329071044922,37.630516052246094,168.086669921875,112.90242767333984,87.83675384521484,146.41741943359375,101.14417266845703,268.44927978515625,152.8505096435547,28.991939544677734,54.78365707397461,100.99954223632812,36.03295135498047,33.266998291015625,7.320000171661377,272.1483459472656,43.441402435302734,5.675595760345459,42.62851333618164,29.91021156311035,1.940000057220459,54.2410888671875,387.2140808105469,68.02826690673828,12.729999542236328,42.138572692871094,40.27000045776367,55.68111038208008,14.829999923706055,17.333332061767578,32.79564666748047,56.19499206542969,10.511027336120605,234.00413513183594,175.69000244140625,43.0053596496582
2018-10-22,52.218990325927734,61.18799591064453,39.1732063293457,44.444793701171875,25.030000686645508,89.46499633789062,163.83489990234375,93.27999877929688,18.704483032226562,344.314697265625,22.848119735717773,24.149999618530273,53.15119552612305,315.5400085449219,324.9870300292969,2.152556896209717,51.43598556518555,110.01517486572266,40.749900817871094,115.5934829711914,9.453503608703613,130.4567413330078,4.699999809265137,45.349998474121094,160.0087432861328,54.47743225097656,55.11299133300781,186.53050231933594,201.39102172851562,26.447227478027344,38.494300842285156,170.47000122070312,112.60200500488281,86.57508087158203,148.8096160888672,101.24358367919922,267.3365783691406,153.5748291015625,28.659706115722656,54.950252532958984,101.9011459350586,35.86677551269531,32.95399856567383,7.03000020980835,271.3345031738281,42.461177825927734,5.7263665199279785,42.9420280456543,29.822826385498047,1.9199999570846558,54.87179946899414,385.1976623535156,66.82291412353516,12.789999961853027,41.03178787231445,40.5099983215332,54.87959671020508,15.520000457763672,17.39666748046875,33.02594757080078,55.70979309082031,10.457863807678223,231.2609405517578,177.39999389648438,41.99710464477539
2018-10-23,52.71125030517578,60.236820220947266,39.29335403442383,43.22803497314453,25.09000015258789,88.43499755859375,160.6944122314453,93.9800033569336,18.739665985107422,338.5790100097656,22.54771614074707,23.81999969482422,53.19890213012695,316.1499938964844,320.9533386230469,2.1108529567718506,50.77170944213867,101.6984634399414,39.19664001464844,111.22349548339844,9.435866355895996,125.24526977539062,4.510000228881836,44.189998626708984,157.99746704101562,53.972862243652344,55.288551330566406,183.97164916992188,198.5262451171875,25.824554443359375,38.05813980102539,168.97666931152344,112.80501556396484,85.67153930664062,146.57339477539062,99.76146697998047,262.8943786621094,153.18785095214844,27.461915969848633,54.59435272216797,100.47900390625,35.445068359375,33.316001892089844,6.809999942779541,269.0081787109375,41.068626403808594,5.4747467041015625,42.98681640625,29.641345977783203,1.8700000047683716,55.08754348754883,378.1354064941406,68.73665618896484,12.380000114440918,40.0779914855957,39.84000015258789,53.238067626953125,14.84000015258789,19.609333038330078,32.411834716796875,54.68986129760742,10.343942642211914,233.61599731445312,174.1699981689453,41.923912048339844
2018-10-24,50.903160095214844,57.659183502197266,38.244140625,41.164466857910156,22.790000915527344,83.20999908447266,146.95245361328125,91.0199966430664,17.893701553344727,343.02825927734375,21.855093002319336,23.920000076293945,52.196956634521484,302.04998779296875,313.6395263671875,2.094813823699951,49.28091049194336,96.02288818359375,36.78786849975586,105.79617309570312,8.818565368652344,120.09664154052734,4.260000228881836,42.43000030517578,145.78684997558594,51.216609954833984,52.4227294921875,176.0760040283203,189.10472106933594,25.280534744262695,36.27923583984375,161.0366668701172,111.61956787109375,84.076171875,140.5843048095703,96.08333587646484,254.53341674804688,144.9028778076172,25.80946922302246,53.41311264038086,95.10650634765625,36.47749710083008,30.183000564575195,6.170000076293945,252.85635375976562,39.442691802978516,4.938562870025635,41.88505554199219,28.552486419677734,1.8600000143051147,51.96719741821289,349.0320129394531,64.53380584716797,11.75,38.30534362792969,36.709999084472656,52.459686279296875,14.069999694824219,19.233333587646484,31.1153564453125,52.38265609741211,10.032561302185059,226.0833740234375,163.08999633789062,40.80996322631836
2018-10-25,52.0178337097168,59.343727111816406,38.36427307128906,41.60020065307617,19.270000457763672,89.1084976196289,157.06149291992188,88.95999908447266,18.18250274658203,351.8493957519531,22.188880920410156,23.440000534057617,52.57865524291992,298.4700012207031,324.65582275390625,2.165389060974121,50.18465042114258,98.83501434326172,37.27793502807617,106.0439682006836,8.818565368652344,122.68885040283203,4.400000095367432,43.52000045776367,143.56517028808594,51.675987243652344,54.727176666259766,180.1416473388672,186.7599639892578,25.654136657714844,37.89563751220703,164.30667114257812,112.43151092529297,85.35411834716797,139.5702362060547,97.502197265625,250.67205810546875,149.77464294433594,26.22913932800293,52.973934173583984,100.6649169921875,35.97893524169922,31.28700065612793,6.449999809265137,238.80979919433594,39.96392059326172,5.147340297698975,42.959957122802734,29.177579879760742,1.850000023841858,52.44853973388672,334.67901611328125,65.76558685302734,11.859999656677246,38.85422134399414,36.630001068115234,53.23036575317383,13.949999809265137,20.99066734313965,31.891536712646484,53.10551071166992,10.123697280883789,233.06906127929688,165.61000061035156,42.16785430908203
2018-10-26,51.18952941894531,58.661197662353516,37.2109375,42.10170364379883,17.6299991607666,82.1405029296875,154.43203735351562,89.94999694824219,17.438812255859375,347.496826171875,22.021984100341797,22.170000076293945,51.87091827392578,300.1700134277344,320.4894714355469,2.091604709625244,49.59762191772461,98.33924865722656,36.86262893676758,106.37443542480469,8.527552604675293,119.29830932617188,4.190000057220459,39.380001068115234,142.94252014160156,52.519412994384766,53.74331283569336,178.75279235839844,184.9011993408203,25.339523315429688,39.075870513916016,162.29666137695312,111.21358489990234,84.1819839477539,139.40557861328125,96.1466064453125,249.55946350097656,144.23806762695312,26.0717716217041,53.3071174621582,99.41938781738281,35.29135513305664,29.982999801635742,6.349999904632568,238.68589782714844,40.22064971923828,4.910827159881592,42.386680603027344,28.63314437866211,1.8300000429153442,51.851016998291016,333.5665588378906,65.14704895019531,11.4399995803833,38.86322021484375,36.66999816894531,51.850860595703125,13.479999542236328,22.059999465942383,31.277414321899414,52.88766860961914,10.0249662399292,227.72398376464844,169.47999572753906,41.6718635559082
2018-10-29,50.228702545166016,59.07506561279297,37.651451110839844,42.61965560913086,16.850000381469727,76.94400024414062,151.7932891845703,85.6500015258789,17.30381965637207,324.5928649902344,22.2055721282959,22.030000686645508,52.300323486328125,300.9599914550781,323.5707092285156,2.0466935634613037,49.705753326416016,97.42467498779297,37.23640060424805,108.53047943115234,8.501096725463867,117.10967254638672,4.150000095367432,36.91999816894531,140.56930541992188,53.392982482910156,51.31239700317383,180.5457000732422,177.84996032714844,26.33580207824707,38.827857971191406,159.2866668701172,111.68450164794922,85.34595489501953,127.14127349853516,97.05936431884766,234.52291870117188,140.98365783691406,25.9056453704834,54.10215759277344,96.52861022949219,35.89169692993164,28.483999252319336,6.190000057220459,226.7091827392578,39.68385314941406,4.597043037414551,42.11794662475586,29.05659294128418,1.7999999523162842,51.59375762939453,333.924072265625,64.01571655273438,11.5,39.32213592529297,37.2400016784668,50.95687484741211,13.630000114440918,22.323333740234375,30.9874267578125,51.798423767089844,10.062941551208496,226.25978088378906,170.33999633789062,42.468711853027344
2018-10-30,50.47953796386719,59.2420654296875,38.44436264038086,44.51057052612305,17.200000762939453,76.52100372314453,156.78274536132812,87.7699966430664,18.081880569458008,338.4435729980469,22.347436904907227,22.979999542236328,54.089515686035156,306.2799987792969,334.4875793457031,1.9889503717422485,49.844783782958984,100.39920043945312,38.41587829589844,111.0252685546875,8.589282989501953,119.0830307006836,4.239999771118164,39.779998779296875,144.6508026123047,54.25149154663086,52.04534149169922,184.57769775390625,182.59913635253906,26.656967163085938,40.846214294433594,163.60667419433594,114.28276824951172,86.85184478759766,130.7469024658203,97.90885162353516,238.1225128173828,145.08148193359375,26.613832473754883,55.17740249633789,96.41709899902344,36.05165100097656,28.58099937438965,5.949999809265137,230.95504760742188,40.28289031982422,5.027474403381348,43.506351470947266,28.828062057495117,1.840000033378601,52.43193054199219,337.4205017089844,64.82456970214844,11.960000038146973,41.00478744506836,38.0099983215332,52.32096862792969,13.970000267028809,21.99333381652832,32.22418212890625,52.927276611328125,10.374321937561035,227.81219482421875,171.49000549316406,42.84272766113281
2018-10-31,51.795379638671875,56.52648162841797,37.843685150146484,46.0726318359375,18.209999084472656,79.90049743652344,160.14627075195312,89.97000122070312,18.284780502319336,343.2313232421875,22.94826316833496,23.75,49.143375396728516,304.2699890136719,340.77423095703125,2.0755655765533447,50.56313705444336,103.69853210449219,39.89434814453125,112.91697692871094,8.615738868713379,121.48693084716797,4.539999961853027,41.79999923706055,145.23141479492188,51.344642639160156,54.08201217651367,189.70391845703125,186.282470703125,26.9322566986084,40.093605041503906,173.72666931152344,113.66567993164062,88.74027252197266,128.89208984375,97.99923706054688,240.39675903320312,150.60813903808594,27.050989151000977,55.737728118896484,99.2799301147461,35.833526611328125,30.17799949645996,5.900000095367432,231.70689392089844,41.17753601074219,5.221391677856445,43.748191833496094,28.942323684692383,1.850000023841858,52.19126892089844,336.96356201171875,65.6651611328125,12.260000228881836,41.60767364501953,38.72999954223633,51.434696197509766,14.25,22.488000869750977,32.49711608886719,53.10551071166992,10.556593894958496,230.52005004882812,169.4600067138672,43.281822204589844
2018-11-01,52.59054946899414,58.240055084228516,39.021034240722656,47.1825065612793,20.219999313354492,83.27649688720703,163.26812744140625,93.38999938964844,18.807579040527344,351.17236328125,23.206951141357422,23.739999771118164,49.75566864013672,315.3299865722656,342.0746765136719,2.0499014854431152,50.84893798828125,106.58761596679688,42.40281677246094,117.4604263305664,9.039029121398926,126.16019439697266,4.909999847412109,41.459999084472656,150.12911987304688,52.94867706298828,53.85390090942383,191.05067443847656,190.97195434570312,27.240318298339844,41.23961639404297,172.8699951171875,114.33963012695312,88.70769500732422,130.018798828125,97.47506713867188,244.95359802246094,150.5684051513672,28.082664489746094,55.366695404052734,98.45269012451172,35.411834716796875,31.738000869750977,6.619999885559082,241.61376953125,42.92795944213867,5.401686191558838,43.524261474609375,29.35233497619629,1.8899999856948853,52.87177276611328,352.72705078125,67.44671630859375,12.600000381469727,41.742652893066406,41.029998779296875,53.64652633666992,14.619999885559082,22.95199966430664,33.30742263793945,54.472023010253906,10.776839256286621,230.14952087402344,175.19000244140625,43.550148010253906
2018-11-02,49.10218048095703,57.76811218261719,38.44436264038086,46.97697830200195,20.229999542236328,83.27649688720703,162.58990478515625,93.87999725341797,18.062240600585938,346.0266418457031,23.273710250854492,22.959999084472656,49.70001983642578,312.70001220703125,339.3992919921875,2.0851895809173584,51.268924713134766,107.51931762695312,41.26488494873047,117.16300964355469,9.277130126953125,127.1199951171875,5.150000095367432,43.0,148.9341278076172,52.293514251708984,53.135337829589844,193.34024047851562,187.99630737304688,27.50250244140625,40.290313720703125,172.07333374023438,114.2259292602539,88.21932220458984,127.43596649169922,96.47193908691406,244.83908081054688,149.17930603027344,27.899066925048828,54.72307586669922,98.67578125,34.929893493652344,30.90999984741211,6.489999771118164,242.18869018554688,42.9201774597168,5.322682857513428,43.739253997802734,28.854948043823242,1.899999976158142,52.556419372558594,350.2239685058594,67.3674545288086,13.119999885559082,41.91361618041992,37.75,54.4403190612793,14.850000381469727,23.0939998626709,33.07712936401367,53.55110549926758,10.814812660217285,230.2201385498047,173.2899932861328,43.590797424316406
2018-11-05,47.7082633972168,59.960906982421875,38.52445602416992,46.24528121948242,19.899999618530273,81.38999938964844,160.6107940673828,95.12000274658203,18.006608963012695,350.1180725097656,23.415571212768555,23.010000228881836,49.30242156982422,317.1499938964844,340.4263000488281,2.1333091259002686,52.34221267700195,108.04923248291016,41.107051849365234,118.81523895263672,9.22421932220459,127.95413970947266,5.389999866485596,43.93000030517578,149.7672882080078,52.398948669433594,52.35379409790039,192.52371215820312,192.92449951171875,27.33207893371582,41.02581024169922,169.13333129882812,115.4600830078125,88.79725646972656,129.6201629638672,99.5355453491211,248.0541534423828,147.52232360839844,28.17009925842285,55.366695404052734,99.93061065673828,35.461700439453125,31.54400062561035,6.679999828338623,247.17758178710938,42.165557861328125,5.244670391082764,43.909427642822266,29.251510620117188,1.9199999570846558,52.672611236572266,352.5482482910156,67.27227020263672,12.65999984741211,42.54347610473633,39.095001220703125,54.0395622253418,14.789999961853027,22.760000228881836,32.82123565673828,54.293785095214844,10.716082572937012,230.2201385498047,174.58999633789062,43.63145446777344
2018-11-06,48.22417068481445,60.745094299316406,37.907745361328125,47.42093276977539,20.68000030517578,82.1405029296875,164.85694885253906,98.80999755859375,18.674211502075195,354.4609375,23.540748596191406,17.25,50.36003494262695,320.2799987792969,342.4391174316406,2.107645034790039,51.860008239746094,110.5451431274414,42.89287567138672,119.87259674072266,9.206582069396973,130.48362731933594,5.150000095367432,42.83000183105469,153.32693481445312,52.97880554199219,53.040122985839844,192.0860595703125,194.39952087402344,27.391067504882812,40.66435241699219,173.22999572753906,115.76055908203125,89.21238708496094,130.49554443359375,95.70378112792969,250.79478454589844,148.77252197265625,31.160226821899414,55.510581970214844,100.12580871582031,35.61749267578125,31.083999633789062,6.400000095367432,250.09661865234375,44.328285217285156,5.227086544036865,44.11546325683594,28.908721923828125,1.909999966621399,52.80537033081055,355.21026611328125,67.63704681396484,12.970000267028809,42.97540283203125,37.619998931884766,54.64070129394531,14.829999923706055,22.737333297729492,33.03446578979492,55.26419448852539,10.70089340209961,232.45169067382812,175.22999572753906,43.54201126098633
2018-11-07,49.686737060546875,63.14120864868164,38.68463897705078,47.89777374267578,21.84000015258789,87.77449798583984,164.8477020263672,103.25,19.177377700805664,359.82904052734375,23.816125869750977,18.010000228881836,49.89881896972656,331.510009765625,351.79876708984375,2.123685359954834,53.08884811401367,115.47705841064453,44.47935485839844,121.21080780029297,9.356498718261719,133.138671875,5.639999866485596,44.16999816894531,155.70851135253906,54.582855224609375,54.95777130126953,194.67860412597656,199.58348083496094,27.712242126464844,41.92946243286133,181.89332580566406,117.53060150146484,90.74268341064453,132.68836975097656,99.1559829711914,253.46176147460938,150.35012817382812,31.999547958374023,56.850807189941406,104.06688690185547,36.049564361572266,32.75,6.739999771118164,252.90061950683594,44.693939208984375,5.294695854187012,45.02016067504883,29.842987060546875,1.9299999475479126,52.45683288574219,361.8057556152344,69.01685333251953,13.1899995803833,43.7132568359375,38.75,58.393863677978516,15.319999694824219,23.21066665649414,33.41830062866211,56.64059066772461,10.966707229614258,242.2334442138672,183.8800048828125,43.566410064697266
2018-11-08,49.51337432861328,63.700294494628906,38.90089416503906,47.62648010253906,21.200000762939453,87.74549865722656,162.58990478515625,103.2300033569336,19.655990600585938,360.2759704589844,24.091501235961914,18.09000015258789,49.684112548828125,326.0400085449219,349.03228759765625,2.149348735809326,52.71553039550781,112.30590057373047,44.57902145385742,120.81427764892578,9.118396759033203,131.56005859375,5.809999942779541,42.66999816894531,155.3129425048828,54.13100814819336,54.28285217285156,194.99008178710938,187.6295928955078,27.482826232910156,42.16183090209961,180.0066680908203,117.97718048095703,91.47525024414062,131.3189239501953,99.4994125366211,252.43096923828125,146.71859741210938,32.34054183959961,57.153690338134766,103.87168884277344,36.136817932128906,31.79199981689453,6.690000057220459,251.2375946044922,43.98597717285156,5.101523399353027,45.172428131103516,29.70075035095215,1.940000057220459,48.17463684082031,360.90185546875,69.43450164794922,12.59000015258789,43.87565231323242,37.7599983215332,60.266597747802734,14.9399995803833,23.426666259765625,33.008888244628906,56.17521286010742,10.746461868286133,244.0152130126953,180.25999450683594,43.57459259033203
2018-11-09,48.558677673339844,64.4699478149414,38.65260314941406,45.85886764526367,21.030000686645508,85.62149810791016,163.06375122070312,102.41999816894531,19.55290412902832,358.886474609375,23.799436569213867,19.450000762939453,50.31231689453125,325.20001220703125,342.8698425292969,2.1429333686828613,51.14448547363281,108.47663879394531,43.3746337890625,118.18740844726562,8.92438793182373,129.8916473388672,5.559999942779541,42.220001220703125,155.26246643066406,53.60386276245117,53.40957260131836,187.414306640625,190.6905517578125,27.024015426635742,41.40449523925781,177.52000427246094,118.00965118408203,90.58802032470703,132.73165893554688,101.40624237060547,256.1615295410156,143.831298828125,32.02578353881836,56.68421936035156,101.84539794921875,36.676918029785156,30.347000122070312,6.769999980926514,252.74134826660156,43.68258285522461,5.093597412109375,45.33367156982422,29.992006301879883,1.8700000047683716,47.07090377807617,354.2667236328125,69.1014404296875,12.300000190734863,42.98244094848633,37.43000030517578,57.183895111083984,14.600000381469727,23.367332458496094,32.47153854370117,56.32373809814453,10.632540702819824,243.92694091796875,180.5500030517578,43.476234436035156
2018-11-12,46.11258316040039,65.12344360351562,38.39630126953125,46.21238708496094,19.030000686645508,81.84249877929688,157.02430725097656,99.0999984741211,18.29623031616211,346.9249267578125,23.156883239746094,19.700000762939453,49.37399673461914,318.8999938964844,335.80450439453125,2.1461408138275146,49.93899154663086,106.84403991699219,42.58555603027344,119.25302124023438,8.580462455749512,129.6763916015625,5.429999828338623,42.709999084472656,152.32553100585938,53.08424377441406,52.03791046142578,173.44140625,182.5735321044922,26.79461097717285,40.147979736328125,168.0,118.23698425292969,88.68330383300781,128.88339233398438,102.30094146728516,249.61671447753906,140.4478302001953,31.73726463317871,56.555511474609375,99.33573150634766,37.077842712402344,29.406999588012695,6.650000095367432,245.5057373046875,42.842376708984375,4.694126129150391,44.08858108520508,29.87685775756836,1.850000023841858,45.22025680541992,344.23443603515625,67.82736206054688,12.4399995803833,42.161415100097656,35.189998626708984,59.25701904296875,14.40999984741211,22.0853328704834,31.610071182250977,54.600738525390625,10.351536750793457,240.2489013671875,172.85000610351562,42.91064453125
2018-11-13,45.651859283447266,64.05610656738281,38.46038818359375,47.248291015625,19.610000610351562,81.55850219726562,158.7803955078125,95.69999694824219,18.394411087036133,339.6177673339844,23.16522789001465,18.510000228881836,49.08771514892578,319.0799865722656,337.3700256347656,2.1878445148468018,50.382293701171875,107.66460418701172,41.14858627319336,119.36865997314453,8.695104598999023,132.06231689453125,5.440000057220459,42.45000076293945,151.5428924560547,53.408050537109375,51.968971252441406,172.5996551513672,181.76353454589844,27.391067504882812,40.78483581542969,167.81333923339844,117.47373962402344,89.2042236328125,130.3828582763672,101.56891632080078,250.12393188476562,141.0531005859375,31.588621139526367,56.49493408203125,99.40079498291016,37.11315155029297,29.440000534057617,6.78000020980835,242.0471954345703,42.41450119018555,4.936087131500244,44.34834671020508,29.477235794067383,1.809999942779541,44.9464111328125,339.80438232421875,68.26085662841797,12.130000114440918,42.450130462646484,36.279998779296875,59.2801399230957,14.34000015258789,22.582000732421875,31.900066375732422,55.35332107543945,10.359131813049316,237.46160888671875,170.30999755859375,43.2303352355957
2018-11-14,44.36231231689453,64.1214370727539,37.32307052612305,46.82789993286133,20.809999465942383,79.95050048828125,160.49000549316406,94.5,18.50649642944336,334.96331787109375,22.706262588500977,17.290000915527344,47.783599853515625,313.54998779296875,332.9552001953125,2.194260597229004,49.38677978515625,106.92952728271484,37.630401611328125,121.43362426757812,8.703924179077148,132.05335998535156,5.400000095367432,42.540000915527344,151.34095764160156,53.12940979003906,52.29677200317383,170.44479370117188,181.99374389648438,27.37795639038086,40.526649475097656,166.2133331298828,117.12460327148438,87.36466217041016,129.49876403808594,99.73694610595703,248.20140075683594,143.0970458984375,31.23017120361328,56.10116958618164,97.9911880493164,36.73093795776367,28.67300033569336,7.099999904632568,239.46437072753906,40.82746124267578,4.883584499359131,43.748191833496094,29.064071655273438,1.7999999523162842,44.76383590698242,335.0267028808594,68.13926696777344,12.59000015258789,42.2786979675293,37.43000030517578,59.580711364746094,14.489999771118164,22.933332443237305,32.27534866333008,55.462249755859375,10.40470027923584,233.70413208007812,164.5800018310547,42.7467155456543
2018-11-15,45.45713424682617,65.45018005371094,36.94663619995117,47.314231872558594,21.489999771118164,80.97200012207031,164.26231384277344,98.1500015258789,19.336097717285156,331.9024658203125,23.282052993774414,15.460000038146973,46.92477798461914,321.7200012207031,337.0137939453125,2.2038846015930176,50.242305755615234,110.62203216552734,38.95076370239258,122.78253936767578,8.730379104614258,131.58689880371094,5.539999961853027,44.08000183105469,153.44476318359375,52.5495491027832,53.11351776123047,171.49696350097656,183.38351440429688,27.790889739990234,41.40449523925781,171.2133331298828,117.32765197753906,89.59495544433594,130.90289306640625,101.90768432617188,249.91122436523438,142.7299346923828,31.597387313842773,56.669090270996094,100.14761352539062,37.22117233276367,29.006000518798828,7.340000152587891,240.90609741210938,41.64432144165039,5.012365818023682,45.35157775878906,29.267255783081055,1.840000033378601,45.96715545654297,339.3573913574219,68.97669982910156,13.119999885559082,42.69373321533203,38.2400016784668,60.174129486083984,15.130000114440918,23.229333877563477,32.85535430908203,56.50197219848633,10.427483558654785,233.68653869628906,166.6699981689453,43.29590606689453
2018-11-16,45.960575103759766,66.45946502685547,37.14686965942383,47.13288116455078,20.65999984741211,79.67050170898438,157.01507568359375,100.02999877929688,19.440006256103516,326.4415588378906,23.156883239746094,16.040000915527344,46.84457015991211,324.04998779296875,340.4263000488281,2.284083843231201,50.51450729370117,111.0836181640625,39.35188674926758,122.49105834960938,8.651012420654297,132.6363983154297,5.449999809265137,44.369998931884766,154.05068969726562,52.112762451171875,52.97565841674805,170.13330078125,184.52609252929688,27.686019897460938,42.02414321899414,172.84666442871094,118.53740692138672,89.52982330322266,130.7988739013672,103.38817596435547,246.44248962402344,138.44358825683594,32.060752868652344,57.59287643432617,101.09046173095703,37.472530364990234,28.621000289916992,7.190000057220459,241.16268920898438,41.81546401977539,4.07225227355957,45.83528518676758,29.470460891723633,1.840000033378601,46.37379455566406,343.0126647949219,69.1893539428711,13.069999694824219,42.368919372558594,38.599998474121094,60.86772918701172,15.180000305175781,23.62066650390625,31.447999954223633,56.04645919799805,10.40470027923584,239.12867736816406,165.11000061035156,43.39427185058594
2018-11-19,44.13906478881836,64.97096252441406,37.09080123901367,47.27302169799805,19.110000610351562,75.614501953125,151.99769592285156,93.76000213623047,18.7462100982666,311.85638427734375,23.156883239746094,14.5,46.84457015991211,319.2099914550781,337.7592468261719,2.3322036266326904,50.25785446166992,107.68170928955078,38.03152847290039,121.33370971679688,8.624557495117188,127.88243103027344,5.289999961853027,43.939998626708984,150.953857421875,51.216609954833984,50.94989776611328,166.85057067871094,180.61248779296875,27.469722747802734,41.309818267822266,160.88999938964844,119.95020294189453,90.21356964111328,128.3633270263672,105.18656158447266,241.00218200683594,130.52572631835938,30.539459228515625,57.812461853027344,97.66446685791016,37.80904769897461,27.059999465942383,7.840000152587891,238.1729278564453,40.640743255615234,3.583622455596924,44.384178161621094,29.92426872253418,1.7799999713897705,45.560516357421875,336.7152404785156,67.97711181640625,12.789999961853027,41.47571563720703,38.5099983215332,58.57112503051758,14.8100004196167,23.564666748046875,30.748586654663086,55.26419448852539,10.366726875305176,234.6655731201172,161.07000732421875,43.705745697021484
2018-11-20,42.03019714355469,63.96169662475586,36.57019805908203,47.759342193603516,19.209999084472656,74.77300262451172,149.89785766601562,88.9800033569336,18.630033493041992,308.7081298828125,22.848119735717773,14.550000190734863,46.53982162475586,319.4800109863281,333.7337951660156,2.3450357913970947,48.63236618041992,104.51055145263672,36.4019660949707,119.21045684814453,8.139535903930664,124.24961853027344,4.920000076293945,42.04999923706055,148.04209899902344,50.88526153564453,51.10015869140625,161.0593719482422,178.804931640625,26.906044006347656,40.78483581542969,161.74667358398438,118.9108657836914,88.27631378173828,126.96793365478516,104.19652557373047,240.4049835205078,131.3988494873047,30.338375091552734,56.623661041259766,94.94793701171875,37.13600158691406,26.697999954223633,7.670000076293945,236.00576782226562,39.49713897705078,3.6920969486236572,43.29137420654297,29.483999252319336,1.75,45.57712173461914,335.0267028808594,66.99347686767578,11.800000190734863,40.176483154296875,37.290000915527344,55.7581672668457,13.9399995803833,23.166000366210938,30.398881912231445,54.135345458984375,10.100913047790527,230.65234375,159.75999450683594,43.06639862060547
2018-11-21,41.98269271850586,62.553062438964844,36.792083740234375,47.82529067993164,18.729999542236328,75.83650207519531,152.2950439453125,89.94999694824219,18.817392349243164,308.33880615234375,22.756328582763672,14.670000076293945,46.7002067565918,315.55999755859375,337.6268310546875,2.3386199474334717,48.89680862426758,105.87816619873047,36.93678283691406,120.7342300415039,8.324725151062012,127.26351165771484,5.079999923706055,42.599998474121094,148.7406005859375,50.26020050048828,51.74383544921875,162.11990356445312,179.3932342529297,27.443510055541992,40.475013732910156,163.8733367919922,115.28964233398438,87.61697387695312,126.08403778076172,101.9349365234375,240.75677490234375,133.77023315429688,31.002849578857422,56.631229400634766,96.25484466552734,36.59798049926758,26.21299934387207,7.710000038146973,236.80186462402344,39.847225189208984,3.5838699340820312,43.55113220214844,29.1927547454834,1.7999999523162842,45.86756134033203,340.86724853515625,66.83929443359375,12.289999961853027,40.483245849609375,38.08000183105469,57.33802795410156,14.279999732971191,22.54599952697754,30.85094451904297,54.28387451171875,10.328753471374512,229.81436157226562,160.25,42.976226806640625
2018-11-23,40.91639709472656,62.175479888916016,36.46934509277344,47.742862701416016,19.3799991607666,75.10299682617188,152.06271362304688,90.37000274658203,18.80921173095703,303.4803161621094,22.505983352661133,14.989999771118164,46.122779846191406,320.0799865722656,336.7901306152344,2.2776687145233154,48.02573013305664,104.55330657958984,36.11783218383789,120.57598876953125,8.157174110412598,128.1245880126953,5.210000038146973,43.34000015258789,150.0112762451172,50.147239685058594,51.08280563354492,159.1737823486328,180.35670471191406,27.35829734802246,40.053306579589844,163.19000244140625,115.48448181152344,86.81112670898438,126.41494750976562,102.51624298095703,241.64849853515625,130.7042999267578,30.600662231445312,56.54036331176758,96.21749877929688,36.836856842041016,25.881999969482422,7.460000038146973,235.81117248535156,39.38822555541992,3.591052293777466,43.622798919677734,29.219844818115234,1.7100000381469727,45.85097885131836,338.5727233886719,68.60981750488281,12.420000076293945,39.770484924316406,39.97999954223633,57.920345306396484,14.229999542236328,21.722000122070312,30.67181968688965,54.561134338378906,10.222428321838379,230.75823974609375,160.38999938964844,42.48440933227539
2018-11-26,41.4697265625,62.618404388427734,36.72754669189453,48.82267761230469,20.079999923706055,79.06649780273438,155.56558227539062,89.30999755859375,19.25182342529297,307.4059753417969,22.99832534790039,14.699999809265137,46.89269256591797,319.5,346.63018798828125,2.293708086013794,49.56566619873047,106.67308807373047,36.819793701171875,122.55769348144531,8.580462455749512,133.57823181152344,5.300000190734863,43.43000030517578,151.2147216796875,50.410823822021484,52.36421203613281,163.5845947265625,181.4992218017578,28.29557991027832,40.83647918701172,167.75999450683594,115.5171890258789,88.9356460571289,126.92869567871094,102.0711898803711,241.56674194335938,135.31808471679688,31.27387809753418,57.123416900634766,99.3914566040039,36.77455139160156,26.14299964904785,7.369999885559082,235.20077514648438,40.1506233215332,3.7904181480407715,43.22865676879883,29.35531997680664,1.7300000190734863,46.24932098388672,350.80999755859375,68.04621887207031,13.029999732971191,40.68174743652344,40.02000045776367,57.60976791381836,14.229999542236328,23.066667556762695,31.42241859436035,54.98691940307617,10.480648040771484,234.7626495361328,167.39999389648438,43.3450927734375
2018-11-27,41.3795051574707,63.663970947265625,37.17131042480469,48.0478515625,21.049999237060547,79.07099914550781,155.5469970703125,88.66000366210938,19.29436683654785,309.0287780761719,23.148534774780273,14.5,46.75634765625,323.80999755859375,345.5285949707031,2.341827392578125,49.355682373046875,106.50212860107422,36.09275436401367,120.88407897949219,8.677467346191406,132.58258056640625,5.320000171661377,44.869998931884766,150.3311309814453,50.787357330322266,52.182708740234375,163.0037384033203,174.0045928955078,28.08584213256836,41.37006378173828,165.6199951171875,117.02884674072266,89.31005859375,122.59215545654297,103.74240112304688,241.57484436035156,133.94883728027344,30.653127670288086,57.80488967895508,100.01691436767578,36.97604751586914,26.663000106811523,7.480000019073486,230.2827606201172,39.38045120239258,3.8072586059570312,42.49415969848633,29.84977149963379,1.7599999904632568,46.11653137207031,351.2172546386719,65.22825622558594,14.109999656677246,40.89828109741211,39.59000015258789,57.27592468261719,14.029999732971191,22.92799949645996,31.3882999420166,54.44232177734375,10.457863807678223,239.1639862060547,175.4499969482422,43.59919738769531
2018-11-28,42.970645904541016,64.578857421875,37.11482238769531,48.75674057006836,21.34000015258789,83.88749694824219,161.95806884765625,91.87999725341797,19.244462966918945,324.06085205078125,23.724328994750977,15.449999809265137,47.0210075378418,332.239990234375,353.902587890625,2.4252350330352783,51.00448226928711,111.77595520019531,35.574642181396484,123.69843292236328,8.721561431884766,136.34988403320312,5.570000171661377,45.400001525878906,153.18385314941406,52.10524368286133,54.14201736450195,166.95997619628906,182.42860412597656,28.361127853393555,42.049957275390625,173.96665954589844,119.65999603271484,90.30310821533203,125.04782104492188,104.9322280883789,245.37893676757812,135.6951446533203,30.880443572998047,58.47881317138672,103.73230743408203,36.98644256591797,28.264999389648438,8.119999885559082,232.7594757080078,39.660518646240234,3.9642741680145264,43.16596984863281,30.411943435668945,1.7799999713897705,47.0128059387207,361.1998596191406,65.25484466552734,14.529999732971191,41.19602584838867,42.61000061035156,57.920345306396484,14.180000305175781,23.191333770751953,32.42036819458008,55.60087585449219,10.503432273864746,247.8079376220703,178.3800048828125,44.5500373840332
2018-11-29,42.64053726196289,65.28318786621094,37.147098541259766,48.220951080322266,21.43000030517578,83.67849731445312,159.3657989501953,91.68000030517578,19.290279388427734,332.8644714355469,23.398887634277344,17.260000228881836,46.483673095703125,326.6099853515625,350.31610107421875,2.428443193435669,50.47563552856445,111.31439971923828,36.35182189941406,123.398681640625,8.307087898254395,134.5200653076172,5.420000076293945,44.34000015258789,153.30169677734375,52.481773376464844,54.28037643432617,164.67807006835938,183.92672729492188,28.05962562561035,41.0516357421875,173.6566619873047,119.17788696289062,89.5868148803711,124.63854217529297,106.26737213134766,247.40780639648438,137.6001739501953,31.623600006103516,58.99370574951172,102.8641357421875,37.02406311035156,28.875,7.789999961853027,230.57464599609375,39.94835662841797,3.9010579586029053,42.90619659423828,30.825115203857422,1.7699999809265137,48.22443771362305,357.1571350097656,64.44134521484375,14.699999809265137,39.84267044067383,41.880001068115234,58.378448486328125,17.809999465942383,22.744667053222656,32.35211944580078,55.41272735595703,10.374321937561035,249.2191925048828,179.4499969482422,44.29592514038086
2018-11-30,42.41017150878906,68.44892883300781,37.130958557128906,49.19361114501953,21.299999237060547,84.50849914550781,159.20779418945312,76.5999984741211,19.42363739013672,336.94561767578125,23.699296951293945,16.450000762939453,45.7698974609375,333.7200012207031,354.5155334472656,2.415611743927002,50.390079498291016,115.9642333984375,35.2570915222168,125.78010559082031,8.077804565429688,138.9242706298828,5.400000095367432,44.45000076293945,155.5906982421875,54.17620086669922,55.0276985168457,161.1621856689453,184.48313903808594,27.882658004760742,42.43724060058594,176.9566650390625,120.03585815429688,90.50659942626953,124.48173522949219,107.7569351196289,247.5809326171875,139.51515197753906,31.4749755859375,60.076507568359375,103.5176010131836,37.98352813720703,28.613000869750977,7.710000038146973,230.9390106201172,40.11173629760742,4.051537036895752,43.6765251159668,31.312789916992188,1.75,48.348915100097656,363.19635009765625,64.78160858154297,14.649999618530273,40.42011260986328,38.93000030517578,58.9918212890625,17.530000686645508,23.365333557128906,32.0621223449707,55.59096145629883,10.275591850280762,248.9625244140625,180.7899932861328,44.49265670776367
2018-12-03,43.892093658447266,68.00602722167969,37.792572021484375,50.34762191772461,23.709999084472656,88.61799621582031,165.07066345214844,73.30999755859375,19.804893493652344,349.77197265625,23.816125869750977,16.5,47.58242416381836,332.19000244140625,360.1976318359375,2.3322036266326904,50.67784118652344,118.76782989501953,36.65266036987305,126.9541244506836,8.280632972717285,145.49908447265625,5.78000020980835,46.400001525878906,152.79678344726562,53.36286544799805,55.36044692993164,161.95663452148438,183.13914489746094,28.492223739624023,43.1429443359375,182.97666931152344,119.47203063964844,91.3613052368164,124.35115051269531,107.64795684814453,244.5812225341797,139.99142456054688,32.226863861083984,59.98564529418945,104.63782501220703,38.146568298339844,29.030000686645508,7.579999923706055,232.3518829345703,40.67186737060547,4.215402126312256,44.6349983215332,31.150236129760742,1.7000000476837158,49.0792236328125,380.0425109863281,65.71739196777344,14.90999984741211,41.01556396484375,39.900001525878906,58.63466262817383,18.3700008392334,23.89933204650879,33.03446578979492,56.17521286010742,10.427483558654785,253.36019897460938,184.64999389648438,44.459869384765625
2018-12-04,41.961334228515625,65.74787902832031,36.8001594543457,48.855648040771484,21.1200008392334,83.41999816894531,157.61898803710938,71.08000183105469,18.98429298400879,332.8061828613281,22.522676467895508,15.390000343322754,46.54782485961914,322.7300109863281,338.5627136230469,2.2969167232513428,48.4223747253418,110.53659057617188,35.55793762207031,121.87494659423828,7.989620685577393,135.97314453125,5.659999847412109,44.5,145.73631286621094,52.376346588134766,52.68803405761719,155.7701873779297,174.31301879882812,27.889204025268555,41.09465789794922,172.94000244140625,119.32495880126953,87.28327178955078,121.076904296875,105.83141326904297,236.2909393310547,136.8560333251953,30.845458984375,59.22086715698242,101.30516815185547,38.079681396484375,27.533000946044922,7.079999923706055,222.0170440673828,39.83944320678711,3.8948605060577393,43.66758728027344,30.574501037597656,1.690000057220459,47.909088134765625,370.2983703613281,64.2658920288086,14.279999732971191,38.805084228515625,38.540000915527344,56.28212356567383,16.760000228881836,23.979999542236328,31.93418312072754,53.917503356933594,10.032561302185059,246.4761505126953,177.92999267578125,42.44343185424805
2018-12-06,41.493492126464844,65.58814239501953,36.73560333251953,47.965415954589844,21.299999237060547,84.95950317382812,154.56210327148438,71.8499984741211,18.591581344604492,322.5061950683594,22.052757263183594,15.619999885559082,47.0530891418457,326.70001220703125,334.0638122558594,2.2776687145233154,46.711341857910156,109.72455596923828,34.730613708496094,118.47773742675781,7.848522663116455,138.4846649169922,5.869999885559082,43.709999084472656,143.91864013671875,52.85832595825195,53.46213150024414,155.58421325683594,173.68809509277344,26.879812240600586,41.62824630737305,173.02999877929688,119.2269058227539,85.62273406982422,121.69523620605469,105.21379089355469,235.9777069091797,138.54278564453125,30.228641510009766,59.342018127441406,101.93062591552734,38.182106018066406,28.288000106811523,7.369999885559082,228.3885498046875,40.24397659301758,3.9241132736206055,41.81339645385742,30.466123580932617,1.6200000047683716,47.90908432006836,379.12872314453125,64.57427215576172,14.609999656677246,38.435184478759766,40.380001068115234,55.21843338012695,16.84000015258789,24.20400047302246,31.43947982788086,52.4915885925293,9.759154319763184,244.97186279296875,179.61000061035156,41.87784194946289
2018-12-07,40.013954162597656,63.14120864868164,35.87227249145508,46.786678314208984,19.459999084472656,81.45649719238281,148.2253875732422,69.80999755859375,18.69957733154297,314.0718688964844,21.339481353759766,15.869999885559082,47.6946907043457,316.7300109863281,328.112548828125,2.223132371902466,45.38139343261719,105.6046371459961,34.28770065307617,115.40526580810547,7.698607921600342,132.0892333984375,5.679999828338623,42.59000015258789,140.85543823242188,51.322052001953125,51.90004348754883,151.8486328125,169.92141723632812,26.77495002746582,39.79513168334961,163.89666748046875,118.83466339111328,84.076171875,121.39038848876953,103.16112518310547,235.1948699951172,136.35000610351562,29.327478408813477,58.09262466430664,97.85115814208984,38.22391128540039,26.513999938964844,6.989999771118164,228.8595733642578,38.78920364379883,3.659349203109741,41.204288482666016,29.7481632232666,1.5700000524520874,46.96951675415039,370.3281555175781,63.5108757019043,13.960000038146973,37.415653228759766,38.029998779296875,53.9917106628418,16.049999237060547,23.864667892456055,31.149471282958984,50.719078063964844,9.546502113342285,238.18507385253906,172.2100067138672,41.197505950927734
2018-12-10,40.27756118774414,63.61317443847656,35.9771842956543,45.83049392700195,19.989999771118164,82.05149841308594,149.97216796875,72.0,19.574174880981445,317.1132507324219,20.777257919311523,17.170000076293945,47.831024169921875,319.44000244140625,328.2461242675781,2.2038846015930176,44.38589096069336,105.4678955078125,34.53840637207031,113.48179626464844,7.389958381652832,131.8829803466797,5.679999828338623,43.209999084472656,144.91165161132812,50.82500457763672,52.22734451293945,151.1387176513672,170.83740234375,26.486557006835938,40.62992477416992,166.0366668701172,118.69575500488281,82.50515747070312,124.91718292236328,103.62431335449219,245.90798950195312,140.74551391601562,29.04749298095703,58.62265396118164,100.43701171875,38.17167282104492,26.969999313354492,7.03000020980835,240.1363983154297,38.026790618896484,3.764709234237671,41.804420471191406,30.073278427124023,1.5,48.01813888549805,375.0562438964844,63.48960494995117,14.140000343322754,37.08182144165039,38.72999954223633,53.067771911621094,15.880000114440918,24.343332290649414,31.07270622253418,50.69927215576172,9.402203559875488,235.8402557373047,173.77999877929688,40.000770568847656
2018-12-11,40.04719543457031,64.01976013183594,35.94489669799805,45.27824020385742,19.979999542236328,82.16200256347656,150.02796936035156,72.56999969482422,20.19515037536621,312.9154968261719,20.626201629638672,15.649999618530273,46.89269256591797,319.7900085449219,321.9024658203125,2.242380380630493,43.72481155395508,105.33966064453125,34.55512237548828,111.90814208984375,7.345864295959473,131.8560333251953,5.699999809265137,42.45000076293945,144.97055053710938,50.99821472167969,52.647369384765625,149.4230194091797,171.7362823486328,26.38823699951172,40.77622985839844,169.35333251953125,119.70902252197266,81.69933319091797,126.24948120117188,103.9967041015625,240.7575225830078,140.97369384765625,28.872514724731445,58.38796615600586,101.37052154541016,38.248992919921875,26.531999588012695,7.079999923706055,238.15469360351562,37.26438903808594,3.6737277507781982,41.6163215637207,29.80912971496582,1.5,48.11042022705078,373.1987609863281,63.234378814697266,14.119999885559082,37.2171630859375,38.95000076293945,51.351905822753906,15.989999771118164,24.450666427612305,31.303009033203125,49.808082580566406,9.295877456665039,236.45079040527344,173.22999572753906,39.148292541503906
2018-12-12,40.1588249206543,64.33200073242188,36.461280822753906,45.77279281616211,20.479999542236328,83.177001953125,153.51220703125,73.79000091552734,20.86112403869629,317.4436340332031,20.57585906982422,15.4399995803833,47.8230094909668,322.6099853515625,325.5834655761719,2.31616473197937,43.53813934326172,107.16029357910156,35.05652618408203,113.21538543701172,7.963165760040283,132.8785858154297,5.800000190734863,43.599998474121094,144.08697509765625,51.314510345458984,53.246421813964844,149.33851623535156,173.47410583496094,27.1026668548584,41.163516998291016,171.8766632080078,120.19929504394531,82.22842407226562,128.02593994140625,103.85139465332031,241.04583740234375,143.3748779296875,27.04392433166504,59.06944274902344,101.82792663574219,37.89992141723633,27.488000869750977,7.539999961853027,240.02969360351562,37.015445709228516,3.69132924079895,42.386680603027344,29.91072654724121,1.4600000381469727,48.42079162597656,375.42376708984375,63.62253952026367,14.40999984741211,37.785579681396484,38.7599983215332,50.88606262207031,15.960000038146973,24.440000534057617,31.883005142211914,50.511138916015625,9.599665641784668,239.47689819335938,175.4499969482422,39.13188552856445
2018-12-13,40.598167419433594,63.68577194213867,36.25149917602539,45.03919219970703,19.860000610351562,82.91899871826172,152.46226501464844,73.41999816894531,21.132747650146484,316.2581787109375,20.47515869140625,14.399999618530273,47.38190841674805,320.1400146484375,323.246337890625,2.3514516353607178,43.37481689453125,107.61331176757812,34.79746627807617,111.96640014648438,7.8220672607421875,133.03106689453125,5.760000228881836,45.29999923706055,143.91021728515625,51.14744186401367,53.23699188232422,148.6792755126953,170.9486846923828,27.083005905151367,41.55939865112305,170.75,120.80397033691406,82.30982208251953,129.26248168945312,104.32369995117188,240.8234100341797,143.88087463378906,27.04392433166504,59.826629638671875,102.17334747314453,38.085960388183594,27.601999282836914,7.75,238.021484375,36.579776763916016,3.6910815238952637,42.30604553222656,30.188438415527344,1.4500000476837158,48.7311897277832,375.9700622558594,63.404544830322266,14.260000228881836,37.37957000732422,38.529998779296875,50.52890396118164,15.420000076293945,25.119333267211914,31.840362548828125,49.50071716308594,9.531312942504883,240.8130340576172,173.4199981689453,38.54991912841797
2018-12-14,39.29912185668945,62.16098403930664,35.99331283569336,45.13811111450195,19.899999618530273,79.59549713134766,149.61907958984375,75.41000366210938,20.84885025024414,309.7283630371094,20.54228973388672,14.119999885559082,47.18141174316406,314.54998779296875,319.0979919433594,2.341827392578125,42.791500091552734,108.35694122314453,35.14845275878906,111.44184112548828,7.7603373527526855,133.6589813232422,5.679999828338623,43.63999938964844,142.1935272216797,49.795658111572266,52.154441833496094,146.01710510253906,169.75875854492188,26.807723999023438,41.18933868408203,163.93666076660156,108.67781066894531,81.63422393798828,129.2886199951172,101.6624526977539,237.09030151367188,142.9382781982422,27.061420440673828,58.31685256958008,98.98072052001953,37.88528823852539,26.68400001525879,7.699999809265137,233.45382690429688,36.548667907714844,3.630592107772827,41.741737365722656,29.666898727416992,1.3700000047683716,48.3369140625,378.61224365234375,63.165279388427734,13.020000457763672,37.16303634643555,38.33000183105469,49.309940338134766,15.279999732971191,24.380666732788086,31.15799903869629,49.00542068481445,9.394609451293945,234.5040740966797,170.05999755859375,38.14826583862305
2018-12-17,38.933387756347656,61.6672248840332,35.00089645385742,44.420963287353516,18.829999923706055,76.04550170898438,149.2195587158203,69.86000061035156,20.791580200195312,307.18255615234375,20.533897399902344,12.75,46.42753982543945,313.1000061035156,315.7175598144531,2.200676918029785,42.19264602661133,106.39102935791016,34.57183074951172,109.4517822265625,7.5839667320251465,131.0308074951172,5.53000020980835,42.040000915527344,137.5482177734375,49.453914642333984,50.86212921142578,141.99415588378906,168.9540252685547,26.676633834838867,40.51805114746094,160.5833282470703,105.52369689941406,80.59232330322266,127.05934143066406,98.41995239257812,230.11026000976562,139.0984344482422,26.30023956298828,57.36371612548828,96.04946899414062,36.71678161621094,26.280000686645508,7.03000020980835,228.5929718017578,35.46730041503906,3.5594427585601807,40.96242141723633,29.19953155517578,1.309999942779541,47.81680679321289,372.98028564453125,61.309661865234375,13.109999656677246,36.720943450927734,37.40999984741211,49.69814682006836,14.550000190734863,23.22800064086914,30.893590927124023,48.34170150756836,9.303472518920898,228.35433959960938,166.1699981689453,38.20565414428711
2018-12-18,39.43922805786133,60.687007904052734,34.5651969909668,46.50642013549805,19.5,77.5739974975586,151.05926513671875,72.2300033569336,20.641935348510742,318.7748718261719,20.533897399902344,12.0,45.54533386230469,294.75,319.9743957519531,2.242380380630493,41.94377517700195,106.22005462646484,34.897743225097656,109.36021423339844,7.663332939147949,133.85626220703125,5.25,43.22999954223633,137.0096435546875,49.241268157958984,51.74284362792969,144.9437255859375,168.72291564941406,26.735624313354492,41.086055755615234,160.7866668701172,106.56961059570312,80.2097396850586,124.48173522949219,96.73054504394531,230.30799865722656,142.54141235351562,26.53646469116211,56.67745590209961,97.05767822265625,36.789947509765625,27.0939998626709,7.070000171661377,228.3263702392578,35.506195068359375,3.6427390575408936,41.06992721557617,28.718624114990234,1.1799999475479126,48.47114181518555,366.5238342285156,61.5595588684082,12.399999618530273,36.49537658691406,36.7400016784668,48.89067840576172,14.359999656677246,22.468666076660156,31.354171752929688,48.48038864135742,9.33385181427002,223.84158325195312,163.42999267578125,38.13187026977539
2018-12-19,38.20905685424805,60.6434211730957,34.21018600463867,45.088645935058594,18.15999984741211,74.75399780273438,142.9757843017578,70.12999725341797,20.164058685302734,310.5057067871094,20.290546417236328,11.149999618530273,45.368896484375,292.69000244140625,310.659423828125,2.13651704788208,41.08047103881836,104.56184387207031,35.03145217895508,108.98551177978516,7.381139755249023,131.0308074951172,5.190000057220459,42.25,133.7949676513672,48.75524139404297,51.34860610961914,143.04214477539062,161.58328247070312,26.440673828125,39.218509674072266,157.30667114257812,104.27348327636719,79.1922836303711,120.57183837890625,99.10113525390625,225.76731872558594,132.20257568359375,25.880273818969727,56.25046157836914,96.7962875366211,36.480567932128906,26.677000045776367,6.829999923706055,225.13621520996094,35.34281921386719,3.4337542057037354,41.60736846923828,28.42738151550293,1.1799999475479126,47.55674743652344,358.2795715332031,60.50680160522461,11.9399995803833,35.836753845214844,36.130001068115234,48.12202835083008,13.829999923706055,22.197999954223633,30.902116775512695,46.756736755371094,9.280689239501953,221.4878692626953,158.66000366210938,37.435142517089844
2018-12-20,37.24486541748047,61.986724853515625,33.266178131103516,44.9897346496582,17.940000534057617,73.04149627685547,141.8607940673828,67.37000274658203,19.998706817626953,304.1896667480469,20.231809616088867,10.220000267028809,43.508270263671875,292.3299865722656,310.225341796875,2.072357177734375,40.6526985168457,103.89513397216797,34.120567321777344,108.33605194091797,7.10776424407959,129.73915100097656,5.0,42.369998931884766,130.10911560058594,48.831180572509766,50.75947189331055,142.3322296142578,158.5613250732422,26.860157012939453,39.192684173583984,153.2933349609375,104.81281280517578,78.50849914550781,117.15828704833984,99.2646484375,218.6224822998047,132.36129760742188,25.189083099365234,56.03694152832031,94.76121520996094,36.562095642089844,26.058000564575195,6.519999980926514,216.48976135253906,35.03163146972656,3.349217414855957,41.41925048828125,28.413835525512695,1.0099999904632568,47.28829574584961,353.839599609375,58.284324645996094,10.479999542236328,35.74653244018555,35.15999984741211,46.65460205078125,13.460000038146973,21.025333404541016,30.603593826293945,45.31043243408203,9.166769981384277,214.52410888671875,161.3000030517578,37.738426208496094
2018-12-21,35.796199798583984,61.659976959228516,32.91923522949219,44.27260208129883,16.93000030517578,68.87249755859375,137.9305419921875,64.81999969482422,20.248394012451172,295.9302673339844,19.61083984375,10.079999923706055,42.786468505859375,280.6000061035156,308.1302490234375,2.0755655765533447,39.07389450073242,102.63011169433594,34.28770065307617,106.76234436035156,6.940210342407227,128.25909423828125,4.739999771118164,40.54999923706055,126.6419906616211,47.55534362792969,49.15622329711914,135.26670837402344,153.7159881591797,26.584869384765625,38.59025573730469,148.67333984375,104.66569519042969,76.65264892578125,111.9944076538086,99.38272094726562,211.4198760986328,123.97708129882812,24.98784828186035,55.5870475769043,91.69929504394531,36.394874572753906,24.638999938964844,6.070000171661377,209.04298400878906,34.813804626464844,3.212125539779663,39.41279983520508,28.400291442871094,1.0199999809265137,46.01318359375,342.2876281738281,56.45530319213867,10.899999618530273,35.313446044921875,34.459999084472656,46.22758483886719,12.720000267028809,21.31800079345703,30.45859146118164,45.08259582519531,9.014875411987305,210.89617919921875,156.5,36.984317779541016
2018-12-24,34.87000274658203,61.10813903808594,31.967159271240234,42.98671340942383,16.649999618530273,67.197998046875,134.7343292236328,64.86000061035156,19.329849243164062,285.8343505859375,19.073787689208984,9.899999618530273,41.75189971923828,278.5,301.9619445800781,2.0755655765533447,38.311702728271484,99.96328735351562,33.51888656616211,104.4892349243164,6.975484848022461,123.22711944580078,4.639999866485596,39.2400016784668,124.72332000732422,45.97573471069336,48.82992172241211,132.13966369628906,151.55015563964844,26.460336685180664,37.51448059082031,144.9633331298828,100.37579345703125,75.000244140625,110.81881713867188,96.95764923095703,202.08297729492188,123.09402465820312,24.19166374206543,54.2526741027832,87.87186431884766,35.13440704345703,23.38800048828125,5.920000076293945,201.03631591796875,34.34703063964844,3.1503970623016357,38.23936462402344,27.465574264526367,1.0199999809265137,45.00651550292969,338.3541564941406,54.26471710205078,10.520000457763672,34.51047134399414,33.40999984741211,45.66857147216797,12.180000305175781,19.69266700744629,30.10035514831543,43.74528503417969,8.969307899475098,206.1179656982422,151.91000366210938,35.73838424682617
2018-12-26,37.32560729980469,64.65148162841797,32.8143424987793,44.53636932373047,17.899999618530273,73.54499816894531,142.08377075195312,66.44000244140625,20.515439987182617,305.0447692871094,20.231809616088867,10.779999732971191,42.90677261352539,295.1700134277344,318.20489501953125,2.1140613555908203,40.00718307495117,106.63888549804688,35.59971618652344,109.1353988647461,7.195949554443359,128.51023864746094,4.989999771118164,41.9900016784668,128.05581665039062,48.0109977722168,51.9630241394043,137.7007598876953,157.31146240234375,27.024015426635742,39.75209426879883,153.9933319091797,103.53807830810547,78.10966491699219,111.66349792480469,100.8995361328125,207.357177734375,133.13522338867188,25.6440486907959,56.42583465576172,93.87437438964844,35.6068115234375,25.367000579833984,6.360000133514404,206.7324981689453,36.105228424072266,3.2996366024017334,39.9412841796875,28.576385498046875,1.309999942779541,46.94435501098633,360.8522033691406,56.36491394042969,11.15999984741211,36.59461975097656,35.290000915527344,47.601829528808594,12.800000190734863,21.73933219909668,31.354171752929688,44.844852447509766,9.26550006866455,215.3292999267578,161.83999633789062,37.36956787109375
2018-12-27,37.08336639404297,65.28318786621094,33.048336029052734,45.055667877197266,17.489999771118164,73.08200073242188,143.4496307373047,69.0,20.739490509033203,308.1639404296875,20.44998550415039,10.960000038146973,42.73836135864258,294.4100036621094,323.6886901855469,1.982533574104309,40.26383590698242,108.2714614868164,36.13454818725586,110.39271545410156,6.887299537658691,131.6048583984375,4.900000095367432,42.29999923706055,130.5382843017578,47.79836654663086,52.21345901489258,139.7967529296875,160.57310485839844,26.676633834838867,39.898399353027344,156.23333740234375,104.11007690429688,78.98877716064453,114.6329345703125,102.5344009399414,214.0900115966797,133.4725799560547,25.86277961730957,57.47809600830078,94.45317077636719,35.98725509643555,25.55699920654297,6.429999828338623,212.8907470703125,36.78982925415039,3.251790761947632,40.28166961669922,29.023420333862305,1.2999999523162842,47.05341720581055,362.3421325683594,56.23198699951172,10.90999984741211,37.045745849609375,34.97999954223633,47.88911819458008,12.979999542236328,21.075332641601562,31.37123680114746,45.468936920166016,9.197147369384766,217.64756774902344,162.3699951171875,37.32038116455078
2018-12-28,37.10238265991211,66.1617431640625,32.90309524536133,45.07215118408203,17.81999969482422,73.9010009765625,144.10000610351562,67.56999969482422,20.96602439880371,307.4254455566406,20.466768264770508,10.829999923706055,42.505775451660156,293.5199890136719,324.04766845703125,2.06594181060791,40.310508728027344,107.3654556274414,35.40750503540039,109.62667083740234,7.098945617675781,130.99179077148438,4.829999923706055,42.38999938964844,130.7065887451172,46.99338150024414,51.905006408691406,137.78529357910156,161.08677673339844,26.91914939880371,40.234046936035156,157.06666564941406,103.99565124511719,78.81784057617188,114.23233795166016,103.7242431640625,215.30142211914062,132.16285705566406,25.215333938598633,57.4704704284668,93.71566772460938,36.10431671142578,25.607999801635742,6.46999979019165,215.2722930908203,36.271663665771484,3.3132715225219727,40.147300720214844,29.097930908203125,1.3200000524520874,47.657413482666016,360.1866760253906,56.008670806884766,10.600000381469727,37.045745849609375,34.869998931884766,47.260215759277344,13.100000381469727,22.257999420166016,31.678293228149414,45.22128677368164,9.417391777038574,217.88650512695312,161.4199981689453,37.525306701660156
2018-12-31,37.46097946166992,66.93868255615234,33.05640411376953,45.8881950378418,18.459999084472656,75.09850311279297,144.5924530029297,67.94999694824219,21.0230770111084,313.3722229003906,20.676555633544922,9.979999542236328,42.85865020751953,300.9200134277344,327.8788146972656,2.030653476715088,40.48938751220703,108.6133804321289,36.360172271728516,111.27530670166016,7.187130451202393,134.49916076660156,4.730000019073486,42.459999084472656,132.29710388183594,47.50218200683594,51.81970977783203,141.18283081054688,162.91873168945312,26.945363998413086,40.38895034790039,159.63999938964844,105.4501724243164,79.4609146118164,117.2540512084961,105.10482788085938,215.7793426513672,130.06927490234375,25.556547164916992,58.263492584228516,94.81723022460938,36.334251403808594,26.766000747680664,6.369999885559082,217.627197265625,36.899749755859375,3.3095531463623047,40.44290542602539,29.565282821655273,1.2400000095367432,47.74129867553711,370.9936828613281,56.614810943603516,10.890000343322754,37.469783782958984,35.099998474121094,47.718292236328125,13.149999618530273,22.18666648864746,31.482118606567383,45.55809020996094,9.402203559875488,220.434814453125,165.7100067138672,37.77120590209961
