Trading_Date,NVDA,AMD,ASML,TSM,MSFT,GOOGL,META,JNJ,PFE,LLY,MRK,ABBV,DE,CAT,AGCO,CMI,CF,NTR,FSLR,ENPH,NEE,TSLA,BYDDF,JPM,GS,BAC,HSBC,LMT,RTX,NOC,BA,AVGO,INTC,QCOM,AMZN,AAPL,NFLX,ORCL,GILD,REGN,BIIB,VRTX,ISRG,UNH,ADM,BG,MOS,SMG,TITN,RUN,SEDG,BE,PLUG,NIO,C,WFC,UBS,DB,SCHW,BLK,GD,LHX,HII,TXT,AVAV
2018-01-01 00:00:00-05:00,-1.2094863809941339,-1.7469252966329945,-0.474203413225399,-0.735737414650322,-1.5570853498854622,-0.9974907387861038,0.31087138569919465,-0.4253628739882587,-0.12469878161731798,-0.09075751978365454,-0.7754284904433841,-0.128671934197418,-3.6980507046609783,-5.365666362094908,-5.093871637212203,-2.0978096559201798,-5.415685263451018,-1.7965521655423613,-0.27974553416020936,-0.9159854614856588,-5.407792586568793,-1.544339481430918,-4.5691805040592115,-2.0690853204496613,-2.828552855869998,-2.1411096488986394,-1.3517157930328125,-2.502246782739774,-3.933518760406853,-2.900182743620573,-3.689883172490888,-1.9701847022100307,-1.15287522135308,-2.607260294575693,-0.8669868963441172,-0.12933711766285533,0.3223752730292414,-2.251778735041088,0.30718035638610625,0.3519106632076032,0.35586346876335884,0.29086132259252406,-0.049001269302234224,-0.8946887815737494,-2.750599942081957,-3.302915851161771,-2.0501127792302642,-2.787743625151997,-5.030617732112666,-0.7297127965097832,-2.2771490167682598,-1.28818460768236,-2.5675842800444473,-2.436773243029624,-3.0697740138081286,-2.263470657158839,-1.3119125441566146,-2.0434343397483286,-3.304681218152193,-3.8469118129548256,-5.172530656026527,-2.8085319091132632,-4.7265754215329645,-3.119644396636208,-2.777985471646184
2018-01-02 00:00:00-05:00,5.722429435636409,7.928703190794452,3.4132928599717256,3.8957746403684905,7.917056179606057,8.015234539532525,1.6220876562944877,5.227923677773516,5.366382923973807,5.279050081880437,5.277020325140437,4.913917877612631,2.908971874251595,6.983183421452089,8.364600461181833,3.0961820112327083,2.271855533568796,1.4077912032023916,0.6848670063046081,2.4555717183929153,3.3806460910193366,3.3781761444979024,6.473970943598652,4.27161243067991,5.009147045262379,4.708533174121232,3.3898239737694436,2.5856224178393266,6.511420687693373,3.5220998647541677,4.540210950904818,5.410583100785435,6.066076618701741,8.34887238220033,4.986133396616861,3.5061021818796454,2.332996408834511,8.18613196723798,4.5945255340634095,4.8903966134608625,4.835706026225509,4.071336481935897,4.31873485091123,7.038331345205576,4.047939011423515,4.180906179743113,2.5527009344814644,0.7522606732571349,7.231573836026705,4.550463321497556,4.8822623503570295,2.783558093124826,3.6163396961730454,5.469618986472422,6.543046132894603,1.6723868871799832,3.2942406327223344,4.826947012290985,5.04684921329825,6.49812530322517,7.701682305298536,5.777921620536924,6.356779889834515,5.98223652216343,3.673541021813389
2018-01-03 00:00:00-05:00,11.486538468480722,15.92505885609158,6.406671867918837,7.150203917253545,15.507140892906223,15.408134934766716,2.816101105853129,10.062990966415587,10.194123607767386,10.018032964861664,10.325562612199171,9.350059227507293,7.7320856045786,15.740035893520092,18.64321904481238,7.083954729756078,7.451815420049437,3.646529601558871,1.6972233955453881,5.683799371576872,10.104427632530788,7.592832367594097,14.920476475339973,7.834167777520638,9.628393451642074,8.689221872707558,6.232976437276094,6.820743296039417,14.830884892922207,8.893564945778568,10.939663520928068,11.473014035483775,11.868350704403605,17.18348097809553,9.52013845564144,6.331029015345458,4.001202581184474,16.556820822230872,8.592015112306619,9.128625106367823,9.021261817292404,7.60114337332403,8.06279656838691,13.301513268381992,8.375426643107138,9.11720445317655,5.95899149878925,2.9610076701158983,16.59635145349673,9.333162428902224,11.063038857756892,6.241325311074286,8.840934257263275,11.566700257188435,12.387448714182765,3.4111237176627047,5.958955138059436,9.101370915339515,10.13949048396655,12.966171704507092,17.95913073240967,12.977376879576816,15.058747435645662,13.34413919945741,9.139821038561577
2018-01-04 00:00:00-05:00,14.86922941485991,20.597067659095828,8.135686619171949,8.903163744341244,19.67714942883119,19.53782826321067,3.4423976823362743,12.508752905504421,12.689608222745482,12.479273425013915,12.949653478048473,11.655636607154268,10.664069328050923,20.335720090662218,24.650982260443545,9.568680833943832,10.060545067356522,4.780996479108973,2.219044649410245,7.693682055603294,13.870727097989516,10.135354974862226,19.80521002119962,8.80107947162403,11.165105345238379,9.840392080882202,6.958860257763865,9.327978922994184,19.62951165867017,12.051861501862437,14.412387945243863,15.165405380446995,15.30947702638974,22.267885373305422,11.751694538186355,7.724560494770705,4.8580988312207465,21.373845850196695,10.803218154190592,11.468361313241708,11.330449779450138,9.550184961637676,10.19766237033425,16.73163673307575,10.220799009254574,11.523300312509487,7.619541974325063,3.713792926868779,21.990274881419335,12.323249645604724,14.627834717976414,8.216898629043254,11.854071344316518,15.129081701448328,14.516396711351108,3.5962321985553913,6.549821329426895,10.708158317250284,11.970878142409312,15.538811335157238,23.84473164353196,17.147210497229473,19.924554273157156,17.544027271685763,12.332598718891765
2018-01-05 00:00:00-05:00,13.310667896895882,18.20077220377438,7.1556180410522225,7.925252256452715,18.218420539160842,18.077946105372003,3.4499338297355067,11.542626858155987,11.56476583411558,11.380365150527068,11.767258221080196,10.685021970962321,8.639453900518841,16.936715662191755,21.4332580513198,7.868523704145414,7.6473280540876,3.912826845218132,1.7227303761295374,6.532467272056594,11.291801736201071,8.4646497956239,16.641899164634733,7.198215926075678,9.246725831224525,8.2012584876364,5.842556966256237,7.766651632138228,17.129866378926703,10.23724993322252,12.260896521284486,13.308310296840581,13.871316434480667,19.728115769696704,10.89815162389572,7.276553792195281,4.855238917777269,19.543494999916255,9.917760587580617,10.481226043282694,10.340234228026844,8.73215550638619,9.545833940301064,15.578421413012203,8.543014385260353,9.714289747932485,6.2451559763045825,2.7230524451053504,18.97170811976868,11.305286424869925,12.379916121095588,6.724371701601524,9.732885131461048,12.86540834152886,12.418837995305966,2.157932328509369,5.40558891360249,9.061018271905143,9.814649029222936,13.152962921506372,20.61747637605315,15.035064829610429,16.73109579529659,15.303739885425397,10.615838410301683
2018-01-08 00:00:00-05:00,10.761561756240146,14.527696657757364,5.530464667717105,5.70087496326896,14.519854082703496,15.605956341534519,3.7404821046714107,9.548342465146964,10.16404713413904,10.071203949821404,9.129679418221873,9.37897950609137,1.564695336896102,6.327384253783798,10.764657649513603,3.144781960184437,-3.146999515809066,0.02371138289717088,0.9047236485565456,4.4379044642457,1.7359306356275466,4.970365286005776,7.292742530634753,3.58461453033576,3.710642826865422,4.444876446422988,3.185268179556682,4.72713428529762,9.986566649766152,6.580677418908891,6.135742334263867,10.170670338327827,11.51071154320556,14.07754859171955,8.739576964151814,6.270752807065329,4.97253292241863,14.72158049706213,9.607806745525792,10.198795891025732,10.07597582911643,8.493011603003927,8.626219063540134,12.902430360325504,2.619808562471059,2.425773957702005,1.5938679841947023,-2.3543854574781564,8.610786654479627,9.291193313218416,7.944238942312367,3.6713243722550444,3.870477438014109,7.519519129188271,6.217170096904368,-1.9713469202404286,3.0257862280000265,5.447867739896661,3.331929758707929,5.144889223925719,11.51234840042233,10.447780816910763,7.750743364651003,9.356371020950505,7.105124794951809
2018-01-09 00:00:00-05:00,16.64215922833381,22.89944528175416,8.858531253415595,9.068852033219516,21.238676597816642,22.27293639506379,4.6152826021581825,14.265241624945412,14.710386713787956,14.551379219494743,14.10456893540103,13.651000628642871,7.286632115901482,15.133433972299676,20.943675042183486,7.114761814820926,2.257604520945066,2.456771056040648,1.9414763931579972,7.60836989835384,9.488321403030145,8.608461244671354,15.101085058266818,7.38287250161745,8.374499543516828,8.507225208404748,6.010096163359363,9.778900889392842,18.713969680637497,13.106239276106793,13.271658657007047,16.64756030995248,17.519774318083943,22.969102993614488,12.722120791801824,8.546525015897563,6.147043904825325,22.843414242096625,13.56347141316381,14.324651202537863,14.128960928008082,11.935005037343068,12.816556725036023,18.780789593576337,7.1196278406469355,7.593567031269133,4.647430194640092,0.5958471947199458,17.946917502546768,13.479895138482538,13.807814779751025,6.673569932138037,8.711817367486528,13.360726998493439,11.821018129777176,0.386083473899954,5.811070758239269,9.765594855219188,8.616523944170417,10.827494691262267,22.49900496482441,18.253596000680268,16.577090550735033,17.19693474977682,13.73214078554793
2018-01-10 00:00:00-05:00,18.250206460627545,24.760267655672113,9.71000255370056,9.650563023914758,23.970189457151456,24.087417056153143,5.036973896895407,14.590252847838801,14.74645182726199,14.590757718909167,14.35610964746205,13.78383355369036,8.467772818418807,17.130319582556744,23.422006797288493,7.955361460783436,3.434731912591241,3.0708704783708547,2.4218761616070354,8.86466525513989,12.2201583679462,9.360914629686478,17.012287475087522,8.514953456521166,9.664741716700336,9.767792230001898,6.562599047344995,10.873118615919848,21.187508589730427,14.52575840550182,14.680255681492989,18.699970921007463,19.008520256863747,25.184472919865367,13.84802796218268,9.189333944410473,6.737574964292398,25.609364903053248,13.610428697919401,14.29586669267167,14.075594366940214,11.917703359576416,13.477599424771288,20.591047245293222,7.794104711983883,8.991433918102858,4.922397334151518,0.7699975761763355,20.24800760135651,15.585957133495631,15.51508928263664,7.361741316282052,9.785285857669617,15.146093214452206,13.605752085799471,0.6492729424900975,6.39729700071773,11.051171786786691,9.603557970346085,12.344448339862277,25.534707547971877,20.413377918116048,18.691448578581745,19.242552844605605,15.213802783803413
2018-01-11 00:00:00-05:00,17.661186266816625,23.689521807952904,9.154531047514089,9.00201568649607,23.705847691875576,23.431941039668523,5.038883214089012,13.212179650407453,13.296104018288883,13.162996822643324,12.850698469876384,12.464053486559033,7.417119603157122,14.672485111311337,21.414121743426417,7.010836448664216,1.640778526636729,2.5171147223549193,2.2794485640668753,8.43080288345784,11.174487162111362,8.227577224245334,15.42391449327803,6.471683240222777,7.520754360265578,7.687828804609006,5.137616760466705,10.858183774509323,20.436164929485418,14.349235843470604,14.087465830651388,18.50203133991032,18.403800097755667,24.023446729953527,13.541222049120027,8.921315298783925,6.666075237647828,24.92320914887761,12.35284927796172,12.950210121848643,12.742743814364555,10.798021854195403,12.479337449070783,19.387033166514797,6.115822218347849,7.706984207811984,3.7336593586487,-0.2915176230849827,18.410069106596378,15.326461619510221,14.58002991235293,6.4288307892735235,8.25864509050582,13.675209803353797,11.225456833776088,-1.0083463867697706,4.870747258049661,9.02862824807882,7.202440205532948,9.703423576523509,24.67696711272391,19.893695894763198,17.333596296466553,18.368915012411982,15.003083229414695
2018-01-12 00:00:00-05:00,13.085087611947438,17.319465216573207,6.388721846004745,5.917531708047525,17.84723120255758,18.062909262675834,4.41657748608707,9.883039834822208,10.181936760341964,10.124570002420183,9.143577577205525,9.583472008842916,2.7293697666768426,6.57871355833165,12.325507876089743,3.484471240562118,-3.7117028784981034,-0.1805193349140863,1.3501159924351833,5.561659791027967,4.991278310864308,4.4788061598627635,7.839789932584262,2.4358367119958992,2.922925457922948,3.448190952603234,2.1929719526139455,7.559421013539922,13.721511912383908,10.201034909574975,9.10226573694788,13.43145473792488,13.821100766480518,17.0191830404819,10.18259365689145,6.805497325592569,5.706519369386526,18.107463996914817,10.017649427487715,10.498405813588835,10.329037294384966,8.753997435210525,9.829321642550825,14.43895065592229,1.9576233323000927,2.58046572950791,0.34332468200778,-2.961491163913509,10.19943949943181,11.55940692844885,9.377939790557388,3.2895393663789765,3.8782664958786186,7.619762657171051,5.70280440366897,-3.4422908005020307,2.0490980212685543,4.6135007328202216,2.117905758441681,3.6501140038173903,16.4676591980692,14.013357910647349,10.103585417874783,12.431423666318935,10.88311258069675
2018-01-15 00:00:00-05:00,7.1838130016969055,8.712519573660513,3.3766545575274205,2.0712698371367098,9.391308793206628,10.505949235908862,3.738131953142525,4.178259060869779,4.905029308330766,4.985641749868135,3.0874945242200083,4.706748121729322,-4.630249998162535,-6.2897713474902455,-0.6961649589178736,-0.9104927559740557,-12.814512950144158,-3.8220706429901643,0.40183750444476685,2.919631210425876,-5.321278358740361,0.7139623290761847,-2.8843561821387302,-4.543889357208462,-5.5529008185818105,-3.917911412319888,-3.054570177568124,0.858892100172899,2.3692729731518556,1.8237740518679448,-1.1174087168655904,6.6379239714784894,7.749284714330664,7.0096153901691824,4.576091948643949,4.0588118886210935,4.437704866509956,8.630167200795416,6.182738101656101,6.47425596012979,6.368139112102241,5.398944224219257,5.963978202659455,7.415066642253762,-5.34276130165576,-5.341454948960058,-4.526621150802452,-8.129759998693203,-2.2767388471547956,7.882496876794778,2.8320655922583016,0.029615117470388502,-1.8363432262160921,0.6816185164700372,-4.290850038644264,-8.61496808854607,-3.0267706187223773,-2.328108047877518,-6.84220402978559,-6.923863795644084,1.9512740345769048,4.79963155154387,-2.1007911323845097,2.918229275393002,2.4700913655279324
2018-01-16 00:00:00-05:00,10.227404416890863,13.106949502583564,5.207677666611803,3.9705778628092925,13.055996214616536,13.922134453289065,4.012860885309255,6.384474951869999,7.088409082018447,7.118912746896012,5.7012850953179735,6.694130620299189,-0.6864882477026933,-0.439015555399025,6.117436395180559,1.9071378725593453,-7.931602045704887,-1.723697440576142,1.2101047686615407,5.093594019815403,0.2513186711777616,3.4190162158612605,2.8028213813301996,-2.8480776793054092,-3.089271388553217,-2.0970536781556004,-1.665691708317958,3.504533199948307,7.386186145716813,5.077931376290644,2.8896407983246264,10.321315065274476,10.668970334314167,12.207327124588248,6.650451804358756,5.243519201374275,4.857971089132183,13.057168143245296,7.869295801505362,8.272945435604967,8.14782741362978,6.896085104611557,7.632963731928448,10.154396682821888,-2.3376986165137286,-1.5423490648075768,-1.7982758917491328,-5.596220717727381,3.8434163515602906,10.307673566325036,6.830875921173926,2.4050433750047677,1.7800348649733866,4.3142884796144925,-1.399542563833608,-7.185416080666137,-1.7638307547589038,-0.37794428495272087,-3.75329428873725,-3.19621480870777,8.272064753625118,9.113189947864994,3.577673374628362,7.446348305355792,5.673919126516765
2018-01-17 00:00:00-05:00,10.80582438915293,13.852538587852592,5.511179420336568,4.010208501796138,12.530604885345094,13.651275767170755,3.842503759183699,6.108825289515021,6.6534711296710425,6.7030866539722025,5.412844529776854,6.371988801711872,0.2484978085400766,-1.1865944239917288,6.3164103957843185,2.4538658596907252,-7.915700222444915,-1.555243481163944,1.3770046510414282,5.579260006544501,0.8707801559943995,3.790330430974239,2.877987811701448,-5.5525368247205575,-5.774953601719997,-4.939397070808542,-3.412205959515697,4.4471219787028335,7.961229904997449,6.257618748287177,3.5963943907358633,10.89227153200719,11.207423590119639,12.331286134554233,6.322791221240802,4.901969713509605,4.577267960581789,13.185688892292287,7.625289038920037,7.956920584884868,7.817534387079544,6.637751364456584,7.837466486071349,9.032248181952237,-3.536441628362879,-2.2354918528584267,-2.1042104670121153,-5.545802214954442,4.280574585535716,10.345542256298328,7.199156305784194,2.591974287665813,2.209332970054512,4.256575670224303,-4.5232239880291,-8.89362052952577,-3.676709282893372,-2.6775082880974614,-5.897212148346299,-6.145331401544867,9.123109333180828,9.915007542730628,4.0761257361562855,8.095187396687853,6.83702187512394
2018-01-18 00:00:00-05:00,14.169755404109669,18.655147935605726,7.569598902275323,6.632790886786859,17.851408206550378,18.200482772120395,4.410645784515162,9.024196365297453,9.411410042439872,9.383298373194387,8.542012364375507,8.886158062390413,3.5800587241941666,6.204976515095829,13.57480740596247,4.800701152563575,-3.119761022618378,0.374397295986873,1.902562582663938,7.1611968700377355,6.17813239528656,6.133865179019586,9.098506600032774,-0.3969934982218746,0.0892492274233146,0.5976940568446102,0.22190921747649972,7.123397549857269,13.649985370539827,9.609542784981745,8.057120942160871,14.82990228433111,14.720231486002676,18.09571249654474,9.518025772886762,6.862455175564955,5.464109567059387,18.7355039912836,9.569393115854448,10.021598209367614,9.857661492805489,8.35702055106583,9.886800251818789,13.602013762988614,0.7809321890668994,2.30307922724206,0.7057956689186454,-3.0082308894065735,10.875421972445283,12.995770023358983,11.01622810956043,4.711086987430155,5.1732904587292055,8.561952650724356,2.4290939953568684,-5.582970969073741,-0.01347666509466292,2.355097738714422,-0.12193982951090725,1.1181058654969325,16.14374910247974,14.507293334865816,10.243399603562935,12.845500380053384,10.168004810073725
2018-01-19 00:00:00-05:00,13.943128092685871,18.50096013931752,7.3841415928341485,6.942721678384946,18.691554158486372,19.121952190384363,4.639788331614665,10.42532431911839,10.91281255293277,10.833623548744843,9.953904663309004,10.175141945224132,2.7548765212183404,6.550940998358404,13.671687007506073,4.115607618334788,-3.2466560028039044,0.6715559774882338,1.8034964416148354,6.783936346296542,5.198204351162433,5.928839742632011,9.112863410005609,1.3804806800282021,1.7325109670989252,2.438823065681483,1.8335903155494035,6.569580043541556,13.3904002087348,8.97008550737896,7.943854422920045,14.337279698298412,14.5241387027956,18.34572914028822,10.48090342317988,7.561538143097654,5.866798320101537,19.07418019444292,10.542513500887296,11.115424677869566,10.957606559625663,9.262740267433124,10.190583804489249,14.928294651711482,1.8760848042391312,3.071073096933946,1.5261256952912663,-2.349778107581059,10.729837075980322,12.803931652572174,10.7937624203787,4.611856806052816,4.772373021447308,8.75547329233854,4.349325899730799,-4.634262958763973,1.5076085994489181,3.8384567900438036,1.4089799607071645,2.9738576065037523,15.665231859312291,14.33637150402091,9.962908356839812,12.61894205444987,9.586120096155643
2018-01-22 00:00:00-05:00,4.629440764134749,5.250541245267382,2.050534741781992,1.0601318815150433,7.7091993085106445,9.659926557804814,4.0932597984086545,3.849372285749502,5.333131401333688,5.381557433546584,2.5531118376047695,4.803899371121331,-10.942139408950833,-14.691773617509782,-8.427135649392424,-4.600667453448079,-19.55901664947685,-5.402171483864979,0.2249229492763284,1.798689490269455,-12.709544418383214,-1.4422452054642958,-8.849461561010983,-7.297507963011331,-9.502141548012304,-6.687270373485321,-3.942666841402562,-3.2703594149390343,-4.074371171598,-3.4582690887728953,-6.851716767325977,3.609256056416199,4.932726019351817,3.341157588890944,4.230880966330372,4.493003663335435,4.908893988062304,5.026308610105053,6.32620463008273,6.853951205306476,6.8153573124792475,5.695848291107314,4.4106889328057095,5.653569651859847,-8.664363838162235,-9.242077551490215,-6.043300435356909,-9.885744590191326,-10.545606890599203,6.431902292083645,-0.15092830935591167,-1.5487982642952298,-6.0788433433575415,-2.9644972226071067,-8.677603377740951,-11.73722717854074,-4.172876651769701,-5.3864441304566695,-11.00733357080307,-12.081776033830455,-6.5888543947985765,0.6363597463143806,-9.56771587122289,-2.133644549567716,-2.8140491170103883
2018-01-23 00:00:00-05:00,11.206468791599955,14.601591847091134,5.3197902923394755,5.416891112399626,17.864238317720442,18.90905455705874,5.24133561571462,9.381046490593322,10.653443222894763,10.570531832114247,8.798345086731812,9.671861826628408,-3.083634473209225,0.09112099733834841,6.739055356313425,0.2676951890504255,-9.71247958888875,-1.598028296036856,0.7655421744145092,4.2856469582965,-1.6847955931316947,2.5729957449033565,3.0358569510318825,1.5245387261213772,1.099290414736152,2.6749079619406055,2.2262043908416698,3.31715347914348,7.989499271044019,4.665613663391413,3.407240692565675,11.49552479512873,12.020141711914125,14.822788818958093,10.572639988106278,7.943560829765758,6.803023559307606,16.094062057159263,10.308940734686502,11.077571594438046,10.98681472012191,9.213401042177129,8.376940157492223,14.372628997354276,0.1942296095955453,0.12934694150485515,-0.71288705813836,-4.747360798599824,3.2423253868538198,11.085312552884446,6.833121709033431,1.809774599705126,-0.3849436411677049,4.64079672422202,4.0176508132447655,-5.624612097115552,2.0075215981260706,3.4713718542851044,-0.14765463691647068,1.4747819852950885,8.621318478113393,10.101411405792124,3.082308341228859,7.820372238755154,5.301883612128313
2018-01-24 00:00:00-05:00,14.841322573967071,19.668678843634435,7.274786263536285,7.50521267487106,22.839298205848777,22.95846522699311,5.5390784525377095,11.944385277679801,12.816771824835897,12.674458839124163,11.743339015725079,11.733796398840683,2.442676715900222,8.902719233970437,15.865331446612517,3.760587489951726,-2.648983607181079,1.184788503661777,1.6394246428495602,6.638847166556428,6.115421709429425,5.649274798755164,10.502242419340243,5.4475927988992705,6.074296096700246,6.766248158261996,4.9120296107736525,7.164634927620468,15.121590511200413,9.462144827813715,9.337773014310647,15.84022438095678,15.55162101678965,20.976302481658294,13.401220793954401,9.264508742164098,7.4318550941941295,22.02485963642731,11.823472373311086,12.614319375217883,12.482563939984106,10.499139109670311,10.361009381451105,18.286818792922997,4.782249579201827,5.689097318005876,2.6897748498870593,-1.433460049951927,11.947423711418637,14.016916872010627,11.608683239285542,4.481314540861932,4.290582161728366,9.612370274107125,9.897665071816384,-2.4761556389684958,4.636600139706871,7.530705231105375,5.275119134276504,8.2257887402056,17.714542341311162,15.722043146143509,11.107409777077772,13.87249650349267,10.098114906684769
2018-01-25 00:00:00-05:00,14.405203626918013,19.068516219179784,7.158680308123015,7.2158097416171705,21.354090872775053,21.492573897676657,5.152656191587404,11.205652285326769,11.81400303534392,11.698232181532548,10.850551148202312,10.915152664298827,3.0263459759047673,8.408134584271426,15.312161020056125,4.063638955592328,-2.3685526444249554,0.9162798129882603,1.542315967282884,6.38855075704713,6.404398910396668,5.342147670713463,10.14641869053476,3.849059126973187,4.729325662276713,5.082547381023041,3.693311371816397,7.34338053264755,15.051350250417205,9.771013660775663,9.569184633009067,15.360971520172987,15.16335499237554,20.182094156768013,12.417455439950958,8.531684358697618,6.844635184952171,20.97580735950671,11.062131312618986,11.728002928658228,11.58214641763866,9.767689500211313,10.210403839346535,16.874483821321515,3.9908817608819356,5.051082857492528,2.0307533462017755,-1.6784802949033617,11.866753092792008,13.283736942790606,11.029684545760677,4.159675714886135,4.40899189209129,8.856508377900452,8.168752690155182,-2.990423850447534,3.398766806677641,6.015932512829575,4.110896743082751,6.575294298386241,17.791376504184093,15.407124936332133,11.146370201031072,13.815010222771,10.404227459071654
2018-01-26 00:00:00-05:00,17.57610860839221,23.66556737881464,9.157232267396395,9.86119598564426,25.88650033864536,25.424439649283148,5.46455313917937,14.227389192787973,14.52079323708257,14.320783258685958,14.26690932707883,13.412613796914142,7.438375417757835,16.24396926665178,23.46753240894356,6.86799320207752,3.5772275577193398,3.5670392404392595,2.0452814481143218,7.94906505073557,12.017846601004415,7.947948902113557,16.806372549046127,8.031339463573879,9.735828432171324,9.439678135354493,6.7894655010314375,10.088096256027166,20.863369280032664,13.252147051856769,14.379939753772007,18.874965147325344,18.478716451031566,25.696875106667566,15.284295459190814,10.233707330926539,7.413612258875167,26.262074819085715,12.858073313662157,13.607654921973165,13.430678332508439,11.335232672115637,12.278301977367354,20.978194840386088,8.576297274480403,10.291561721237613,5.48464912822949,1.5779983137027893,19.42256025720456,15.466919191808278,14.745883806584033,6.415469782841205,7.933387642395434,13.442334420411193,13.969389672661759,0.1225837377105502,6.344659868665209,10.177456707445836,9.50896783709362,13.165495049079189,25.006775964124657,19.9319552057156,17.723847259103454,18.73110006688655,13.857566104374992
2018-01-29 00:00:00-05:00,15.720861576759894,20.91392311605544,8.16223863711182,8.23425657470955,22.592409102915198,22.71732094785578,5.241465507049722,11.684164188206557,12.26231680251921,12.139963831880442,11.419356538269325,11.340427463302197,4.371317884447039,9.793238123810852,17.627733468843005,5.3275278670885005,-1.266824152211286,1.4237232594820552,1.7782852302596883,7.337007428405298,8.117468236605632,6.322212250081661,12.228473542886329,3.3702442897544382,4.530498411783372,4.5720542867507445,3.399145763918662,8.070039671390974,16.789476377898637,10.682531924611462,10.64068818988302,17.10496459501599,16.53610407157025,22.37531771810656,12.877936323157838,8.986715686189818,6.85556241140252,22.60172848928532,11.450096636062094,12.129360352275436,11.975350386175542,10.102806621508284,10.889348540995885,17.79355843055466,4.367375070752121,6.123123845724819,2.5058854620558257,-1.3842985885959878,13.773917802304975,14.415545184070675,12.392047339075145,4.959751441051419,5.492080960877761,10.240963625399207,7.901541566190143,-3.254095037297835,2.9871678082612414,5.788862943101489,4.116500280500498,6.478086159080501,19.876192268306234,16.997748881443325,12.813847032301796,15.47149748748345,11.261135897798683
2018-01-30 00:00:00-05:00,15.328249483285841,20.045353215009246,8.022840423945048,7.96989814399138,22.154463600783263,21.84744152969574,5.252475192710068,11.300353332130546,11.382652290333198,11.27259696010574,10.61046896618907,10.676852190802089,3.5308177593692553,8.46789465703544,15.869654058053197,4.630715686421579,-2.3457658764383447,1.115813227238771,1.8143000199655854,7.154832832293637,7.40581731272036,5.602329171287235,10.742706038672491,3.5019787091975805,4.362525913584508,4.692894178642903,3.4696899593600032,7.510714874790311,16.058757632965882,10.198214256221133,9.958379951994033,16.29284133093819,16.091948946636133,21.087425270162743,12.622338091695154,8.84061510634269,6.859787140089455,22.084384224763163,10.62287015681066,11.133716508503685,10.954434190343553,9.28365555640774,10.84682782708463,17.40276609382541,3.513969958509441,5.396725517211221,1.5104050234811355,-1.8281864179685672,12.58696331330166,14.221493647264694,11.458185728306486,4.342247559342887,4.750769239773061,9.902646712718708,7.712978678985066,-3.4170525974019963,3.0757144842287527,5.834471201525815,3.708853058276839,5.552317856416183,18.913916830439835,16.46167967311231,11.659388113334224,14.855440120826275,10.889623787687716
2018-01-31 00:00:00-05:00,16.819042407211352,22.40730333728518,8.808171804275789,8.596200700103951,23.4548998233164,23.38837504563593,5.366063135025071,12.776796323981998,13.007929954785212,12.894674753086454,12.427826337287456,12.190105901945792,5.9479426386136955,11.613634489382731,19.494874748382262,5.967799000476261,0.1061288115462028,1.9333627031091665,2.002081836290081,7.83697878755099,10.359410678038955,6.59633077933911,12.949491120704996,4.414500797734086,5.670368062683496,5.61099270412816,3.9288183254309796,9.223027427311566,18.690094291585588,12.433396979705138,12.303955024404917,17.94183876810886,17.67082903884659,23.598467832465555,13.313256099086969,9.05278244049266,7.035162502783741,24.139099165652027,12.303882920502321,12.912511860577895,12.710026854552979,10.765417684263532,12.299636138286408,19.04828774275648,5.2872844924925495,7.1214149593917115,2.715743261548948,-0.4732184936249665,15.861466830248578,15.09745998397369,13.04662940530145,5.132877198076894,6.458074863562529,11.269303358736384,9.25199081652014,-2.5150355450607815,3.6089672740976826,6.9096214277087205,5.29934684037772,7.468703649540169,22.366255176636493,18.545614158932217,14.560331031871357,17.154314995833943,13.169558188100796
2018-02-01 00:00:00-05:00,22.17233777958548,29.87415486663872,11.494856457112563,12.02653384618743,31.537569145358972,30.82398252959612,6.353297283330411,18.14595004644555,18.020994844309477,17.783958970005575,18.395466350799737,16.825621437637924,12.844446148247286,23.991738114260826,32.602151361343296,10.537219304077029,8.87047127786925,5.810532411767451,2.8100394986512387,10.606065173698733,19.2010302029538,10.75844391873847,22.965419185086894,11.313733310037442,14.046169440670804,12.932636680405913,9.001067809943702,13.671793458483682,28.197258449765588,18.117780976156386,20.073001621728693,23.480694801360524,23.15058515298572,32.72772869105709,18.4644930877254,11.94593973296422,8.801576082481402,33.29643348597045,16.039719693949106,16.83501629762599,16.571620727143667,14.035527220094158,15.978709951019043,26.319766892658556,12.832304880086976,15.250925612995303,7.8103338521962185,4.049842575838148,27.95006620541898,19.373099544497173,19.00599222077011,8.510876338786233,12.426946676103995,18.49135114203763,19.423067068976845,2.2264724006768866,8.557530377302301,14.119982245999518,14.39818673306759,18.555749456961824,34.16664291492553,25.923673671051287,24.823310246638766,25.291100590421507,18.967039417720247
2018-02-02 00:00:00-05:00,19.86297462738335,26.599535914589023,10.42836699318329,10.440223068381137,28.152568181812946,27.395508621737612,5.846427674088671,16.08104051910057,15.934455243965136,15.751061414974318,16.04721620688202,14.954295699774546,10.730272153464167,19.624957490632422,28.14846704941134,9.29197457199561,6.601787943812615,4.558781642203677,2.731061573274469,10.00158833379658,16.834688590944157,9.498921077611648,19.650978213529967,8.127588787855924,10.55094530520468,9.56928692815124,6.604458581268945,11.515603263757585,24.712810693364208,15.507218146213642,16.92042094516705,21.00614847628082,20.607603984668955,29.205053247001896,16.03536109555873,10.532422826431052,8.00022755631303,29.64013088648871,14.492256396164105,15.164450714516127,14.912322781141807,12.646737070242274,14.637495970181474,23.41924158439517,9.917150196277959,12.446427237427185,6.041385771776141,2.474865168183455,23.98584794014499,18.075433454375876,16.947031663381047,7.516695867221054,11.080214308043207,15.995872414859258,15.222045166206085,0.293411562057491,6.165989020015734,10.907826365285883,10.687336090254409,14.253240674894318,29.81251706503169,22.95734465512232,21.2684513259268,22.38296238002134,16.36973212208951
2018-02-05 00:00:00-05:00,10.410822442895974,12.90289602594605,5.156735283901983,4.227144526521396,14.98372236014936,15.415101584378977,4.624426651819308,7.255008214101125,7.539642978368639,7.549789274897067,6.082733655753197,7.208593239623888,-2.0078134858506664,-2.619020074646862,5.228901566498337,1.1778563197685004,-9.300831893266974,-2.130489353740509,1.0001823906826692,4.955630967933315,0.1369204380326411,2.1818810466737397,1.6658895348646767,-3.9210466552648375,-4.04956077450149,-3.1370568181464633,-2.0201763150096967,2.6513059895815236,7.544398217210108,4.28262641874741,2.4848002399526887,10.319429937538303,11.002261105759784,12.731953224791253,7.869697933561907,6.168065934493502,5.814087040540615,14.337397104449174,8.054415727430388,8.383001047602834,8.229149402130849,6.995065348816669,8.222893905695406,11.650022813976133,-3.1949112504649566,-1.6736616568712397,-3.0449873040710136,-5.7101912591225075,2.8538309563389057,11.175070917433741,5.643496831189266,1.1880698473860773,0.35912575860549484,3.9429104485466784,-2.0214323141313373,-8.694981999102104,-2.439351455860814,-1.2646558908111187,-5.062864418980729,-4.826336967262442,8.141107116164074,9.284877498142126,2.1709562901474992,7.595131050261967,5.0778477543588965
2018-02-06 00:00:00-05:00,12.646844981652542,16.11864773796658,6.208407987108966,4.38359220968234,15.961564493320662,16.600269305833105,4.5175699355207986,7.783663781695712,8.162660119955675,8.203697027296087,6.728062797614267,7.857498973657884,0.9135220906765099,-0.008712418321719406,8.563748814996096,3.32434297854081,-7.48007785913024,-1.6231927313034935,1.8647696286953697,7.273420281424804,4.288259572816248,4.213625317037971,4.582879648052521,-4.456322545715797,-4.492763630165364,-3.7899308100056004,-2.7280648853931733,5.60466492643141,11.090505624217139,7.915271674445426,5.364593438269415,13.385325742989677,12.905424707245611,15.825279422325199,7.812914310357834,5.744806181396525,5.513544667814186,16.45677625224133,9.087064198299487,9.436063250007306,9.255863833363534,7.8756549652868975,9.36167856904186,12.330119945538652,-3.0784944090624498,-0.9113814097714054,-2.615608412344237,-5.434084707124577,6.092174262754557,13.113193820324556,8.829216406377226,2.826825882685057,3.2482724900496205,6.246685846477272,-2.685015318263899,-8.758498089113084,-3.03209468198988,-1.261973783213672,-5.052194378793194,-5.483051436965497,12.896385362952266,12.883908962481971,5.946592059102458,10.941578022862085,8.698597090892449
2018-02-07 00:00:00-05:00,19.99386234327508,26.520637499560113,10.13329339966555,9.108735163983795,25.102485514882858,25.218546544727154,5.450875873902066,13.454961031082602,13.36086213603757,13.282813338569712,12.95085396336541,12.719670702149307,9.54791365695312,14.61691025747752,23.83047850878502,8.848566348073277,1.9984940036323011,2.35898066050912,2.740023115506329,10.388571174254457,14.63659420809687,9.326941506367799,16.81192639625699,2.429319528326077,4.016903555152327,3.5885874926700216,2.2906196346254717,12.878323505796802,23.393483986469544,17.02136001837771,16.083012448441014,21.467468506211883,20.672721332510722,27.099248459166713,13.675711135598439,8.925501275563459,6.961965509854012,27.360336667513543,13.060792712898307,13.568973291756912,13.311976136654419,11.324551103601493,13.918250343763951,19.779215080339142,4.6430191767179405,7.400443434905171,2.7967476604410453,-0.827104915222634,20.55216126965161,17.66886901760857,16.62031225029458,7.0468123146668304,10.06706757241656,14.249476164721292,7.418038429563656,-3.915921432417941,1.9060630155513576,6.035595589557521,4.343211588938845,5.8673385901391715,28.483919545651077,22.97004989384774,19.37743588554456,21.396700025413704,17.803644473010312
2018-02-08 00:00:00-05:00,21.153669601992817,28.19815805310712,10.733575233950619,9.93001518219804,27.624488205587184,27.221602782041195,5.675621876691894,14.711000752113058,14.548455576604532,14.433979997511276,14.435810878500446,13.79509451721663,11.616075584630398,18.419958199001485,27.673743088529164,10.074144313729011,5.209456152982629,3.5507096941386704,2.986253408605497,10.998791494257429,17.908242863434285,10.128262483602866,19.773834585228496,4.602223626518238,6.8782600510779455,5.904509645656756,3.846313879247482,14.072472181472195,26.218045176562562,18.501371116116378,18.45313757979962,22.993067239288226,21.82683887990335,29.76130724921399,15.24160615031759,9.670011205204824,7.516528551142804,29.88643540568772,13.862490658270627,14.424877153410591,14.159123757634022,12.036887132988571,14.628421175902703,21.748662498445256,7.204335575697195,10.211319980800004,4.386295816270062,0.8207913777438876,24.023314086103053,18.73043677965361,18.21613864017844,7.833710035981133,11.671849580641096,15.827384558105583,10.935635142894096,-2.14266112284921,3.4466359126337416,8.075365352945648,7.258466243967793,9.782740970234126,32.076907008314315,24.927034225412328,22.497503730570703,23.730864108195284,19.295852909000477
2018-02-09 00:00:00-05:00,15.189574637215982,19.721004862499136,7.2949489123047035,5.96316050837721,20.05580653475543,19.976507498332243,4.6673315005392135,9.661972558570247,9.722769525972584,9.698130920185777,8.921876992864822,9.29653745802863,5.33107914297403,7.804853545466337,16.041552954605724,5.863045869894582,-1.4439585382543567,0.5468530361397058,2.2574473283326437,8.435752891585057,9.965179367321335,6.585662878022587,11.107389587812301,-0.9670628019627833,0.05162918340145817,-0.14491694396118698,-0.16167145934610963,9.234871484516406,17.03132583095765,12.259751780734971,10.928769790358938,16.683892886711295,15.493514068527796,20.526544122861814,10.576950902884791,6.849900372595795,6.085254900921683,21.015875603019214,9.902866704807513,10.279202537306752,10.081607027187953,8.579713654669769,10.387758603188963,15.070829491224163,1.0299966676465289,3.77320417026589,0.5864966515684367,-2.785339766242107,13.386807718838956,14.630208469908347,12.682622614202092,4.934187981734712,6.921921735762092,9.607045577463177,2.721796118692128,-5.700179457536792,-0.5607431906846817,2.148127695648487,-0.11437584392497771,1.2844219202644618,20.61533809250025,17.37279808130337,13.073894077175275,15.781019240692968,12.980262491698053
2018-02-12 00:00:00-05:00,11.227965874883788,13.80134905908203,5.185152218045562,3.595669609606684,15.944987160045534,16.253683987232613,4.621082177558093,6.047455789914359,6.574492996074146,6.619551443180514,5.147677098975367,6.289877404314607,-0.37457644876827323,-0.14314062215581813,7.6554824504225705,2.7120302658930595,-7.434817621587919,-1.8742664913882479,1.5232842906304556,6.617349659341397,3.122700697705149,3.951087990897817,4.2424277117393245,-3.348598423426179,-3.2562549918281474,-2.5919490234197773,-2.0696108901433146,3.92942406891864,9.242055118694765,5.533990067733256,3.480720642333374,12.32810521588404,11.448962973388072,14.512050281125298,7.7791679113182965,5.766941719145985,5.957413833741026,15.480955505779322,7.486114725630522,7.814239542444061,7.67817392386371,6.518505596502425,7.542550378276883,11.71750198135388,-2.6486770410817737,-0.5569856327068782,-2.3921802238500076,-6.049299638532775,4.821469547048766,12.805019750115024,8.346321382388936,2.7094814596619323,2.726848782601551,5.347319279073445,-0.9588679566904564,-7.9641313362785,-2.242882282176044,-0.40798373797525483,-4.080794357696695,-3.0236548875494966,10.43684083672093,10.936245162375803,4.436087623073793,9.2184436752833,6.223089000700022
2018-02-13 00:00:00-05:00,8.001325676341686,9.46715642145213,3.520573920827528,2.279603751861681,12.139447562074748,12.597676089869468,4.074695328453197,4.25207136312151,4.802995441113381,4.8622913471308715,3.086231457309696,4.609588192348707,-3.5587191068509996,-4.661713443518708,1.7677307014420718,0.275209458424422,-10.425171510770289,-3.3251566600008173,0.718413862913289,4.127255675472171,-1.4362822509799147,1.2710195756146023,-0.334829099666478,-4.32431424996323,-4.634574918754942,-3.693911611451661,-2.720054224769217,1.4808522513089584,4.742491146613845,2.4504600939575267,0.3509623535976765,8.51327351091759,8.381540089898195,9.680695600524322,5.935002946096162,4.728898735014724,5.169515567527775,10.884894095740359,5.80214566059192,6.062595923633185,5.959009031628708,5.056785135276892,5.723413252995411,8.854283009581788,-4.45097364017716,-3.1724879866651423,-4.19478859297706,-7.131325769096561,-0.35637071413081983,9.65385232999023,4.363667712294249,0.5105895344169282,-0.6002089712932276,1.9171880788566094,-2.87304276564114,-8.279007480901232,-2.872952721758814,-1.967927390476949,-5.935903994516237,-5.485352587455226,4.851120881126344,6.707645647071139,-0.209325948013044,5.063658199961417,3.094592409357229
2018-02-14 00:00:00-05:00,14.362811766961029,18.555910441118108,7.246473023860994,6.189219136280827,20.569246626618177,20.086896025646936,4.960869459290292,9.417048337098553,9.873912024555793,9.829085935672719,8.856902643513685,9.268730786627199,4.048597474815297,8.661288104601855,15.84314163499142,5.889801143326797,-0.836495616907373,0.4593939292530878,2.2231960229458587,8.116718188622544,9.258817841421314,6.587958249159637,11.267071703105797,2.0448986940824687,3.361183601851239,3.111747726237833,1.7367538562807596,6.629067684573474,15.346419910200458,8.944113602770884,8.65152428975522,15.564147140468986,14.607554735789849,20.263623309469676,10.70215859226293,7.499549612363492,6.531890698063614,20.513560489426265,9.861520621330456,10.361683197624767,10.203158384453825,8.63768186559813,9.716646990135201,16.065062556079965,2.7017779709348257,4.8658761285260805,1.1221470213409293,-2.8954416907981315,12.648606636160086,14.976797998302255,12.206826781287544,5.17279736654614,6.828186218591837,9.995079982001167,6.651143553553773,-3.726014364165156,1.556224032885164,4.738114115521863,2.564062842510373,5.211060756840933,18.143734522810586,15.189651680091544,11.800748615992239,14.290159473059946,9.604118293091307
2018-02-15 00:00:00-05:00,15.841460189372699,20.844638028001444,8.23268193584202,7.519877823728403,22.189171779289037,21.776195157211788,5.023516668151422,11.262994076429024,11.650427318392572,11.559434172112852,10.884630426236937,10.888056344749268,6.463225200066857,12.65750076789504,19.812905253582095,7.708364220797478,2.4140439800205717,1.6434720909356664,2.4478296236053105,8.77260922438262,11.843462172002797,8.05878515231823,14.590214498384064,3.7865742306152246,5.751817614691705,4.965373042727848,3.1408274942143435,7.8226857849378275,18.03829429763253,10.501437683134455,11.101550093635726,16.783939319537158,16.164382396944422,22.839294376618167,11.96203210736747,8.238916302429589,6.748780388717776,22.648565702128707,11.163858836707666,11.746668905251868,11.572270187037587,9.790808547156466,10.946969509004306,17.686251821385063,5.115852157656052,7.233612590805986,2.8425685983425586,-1.2012542701765847,16.503695416917033,15.649982408790237,13.822589326713857,6.379292265281032,9.006075674775738,12.166950999238411,9.413167945547523,-2.097735940545195,2.880022037630086,6.551981264114403,5.383186886313342,8.425523052878134,21.517445613644323,17.047325982326907,15.148156459234091,16.666201476711443,11.150453175893745
2018-02-16 00:00:00-05:00,11.904783354995475,15.63570909034731,6.251187973262052,5.637786446250751,16.725853540453613,16.743528196148088,4.101655124165003,8.948691053169298,9.41126549600421,9.352649357193473,8.462236294314247,8.786228370038497,3.3647925060712134,7.0669158974000466,13.37075101918914,5.194670644363911,-0.5715258933903674,0.3393243761975319,1.6945703952697722,6.427413739041495,6.8983108949627585,5.595333549375935,9.458371990223329,0.924899324458072,2.2966756385093823,1.874361061746412,1.1501378348460825,4.887271781779019,12.467025802281608,6.8306065221713075,7.001926717905176,12.219054474181894,12.252429834551384,16.89997497748197,8.939414752337147,6.442988382060512,5.430231223240548,16.81902438629272,9.21216510595477,9.709049842626987,9.570008566566498,8.091094221544394,8.807921660993609,13.502911310002448,2.351696846013641,3.7698145602770956,1.1559540779536865,-2.2097984419314867,10.76382085915614,12.051366382470759,9.625316572111403,4.307594898244299,5.873005977712149,8.210940823929851,4.9956762929320835,-3.5255280321125855,0.8570086126418507,3.2923419647510626,1.8496188137274538,3.9835871324659915,14.592935971309002,12.08040565398007,9.68559036575925,11.706839415497134,7.415255545552811
2018-02-19 00:00:00-05:00,2.106062011697841,1.7697454459923363,0.9422962412532756,-0.0953378536158378,4.880627117206087,5.720118905131684,2.8817227940668344,1.0701112999370705,2.166962245645995,2.24627289685219,-0.31760580046746206,1.9478065289391817,-8.698966090095702,-13.345773615434137,-7.795974305281702,-2.3134010904342124,-14.328470746586373,-5.57216993805489,0.017445109286689218,1.2406759175725564,-8.634301630956607,-1.8509171342315358,-6.847946969576759,-9.86163882931266,-10.161789221097411,-9.4193066261635,-6.256297933085457,-4.430856027353449,-3.8655593899876997,-5.051621795820832,-6.656298973716309,1.4626211321855855,2.2449640027882976,1.7710133605939775,1.8632042736861694,2.6489910333612063,3.6315776907705284,2.160345161323341,3.33621033571216,3.628090034578063,3.611874373082947,3.0139293507380653,2.2254846140309645,2.6044570289484383,-8.595837124061235,-8.187125771038906,-6.661302605676631,-9.222631712036442,-9.087679496409065,5.074204385304911,-1.5771249456304848,-1.9135087926525876,-4.3100968200682335,-3.6976100047269163,-9.571334000034751,-10.999095446022904,-6.660284206833816,-8.006544728215484,-11.738835122757127,-12.066343728159675,-6.054905496760697,-1.5842929079538377,-8.277809391299042,-2.413641337123648,-4.59001999268799
2018-02-20 00:00:00-05:00,6.89910962854017,8.643480929741843,3.727655242132338,2.4153249143697573,9.561920825790489,10.300740215064085,3.3035219721899933,4.266195043768068,5.268013512046452,5.308292665580681,3.2481751595900175,4.87039921175759,-3.148270749021273,-5.455196484801443,1.131151990392676,1.5700423022452994,-8.742984612156446,-3.2383339515115814,1.163534380760828,4.314696292755174,-1.4143176318993942,1.9365166465920534,0.3386899024160588,-7.484084539107386,-7.049016305453155,-6.96234561328864,-4.591845527342475,0.029235099267865397,3.402739528159641,0.5904103238188158,-0.6621828177358187,6.819919148751041,6.933288740957836,8.812879295735463,4.432483223894945,4.004092797912971,4.134804735496772,8.343031261384315,6.10959602427762,6.517975576904944,6.449808096273041,5.42505913825957,5.260850124512213,6.5107846690300875,-5.093268443722507,-3.8319606053623656,-3.645538885169743,-6.6325114514507835,-0.6937168356278626,8.49730121471923,4.033024733400666,1.3086800437200887,0.7615329465392339,1.529120966442404,-5.988191799162399,-9.168107197735104,-5.028419564506515,-5.127184495280665,-7.909698399355815,-7.799028439724619,3.230073798395735,4.857759720653804,-0.1927679221877107,4.1456906913164016,1.0598126874380973
2018-02-21 00:00:00-05:00,9.389630939779051,12.195806678088443,5.04239289838827,4.000772718093017,12.527900815037418,13.143525740069846,3.5111691217822583,6.028755276444208,6.861216350792606,6.861198448615964,5.299505719814515,6.3586670443562285,0.008345503589640786,-0.13937782172376567,6.500421301518898,3.406831140372798,-5.353784670467885,-1.6283535027327147,1.4848970673653503,5.512116466090702,2.364314898470558,3.773569986966941,4.616863350437093,-4.441295980021289,-3.6601781752683906,-3.7575270205667177,-2.457883412005166,2.740732853653485,7.630821662272117,3.9313710444586603,3.054171877916185,9.79803664518533,9.544857016962014,12.665459734932565,6.313525094909358,4.960877355848151,4.480175107849261,12.060365779966935,7.27948521800274,7.73354554371926,7.642407481601175,6.439549606108021,6.659142902098829,8.998571181745975,-2.1800099978759633,-0.7470213486120864,-1.6087713291051415,-4.730891052863907,4.280048656433556,10.001925220133511,6.861067906631041,2.81592287496273,3.0465425616695208,4.519080899781472,-2.076445083728285,-7.023331795607081,-2.8456009625529965,-2.00958442333145,-4.1112996045272645,-3.545731425790683,8.602746334937548,8.540418381090383,4.392522151403946,7.764995517478345,4.367433027930652
2018-02-22 00:00:00-05:00,10.686213356486029,13.631538108053546,5.475246640825262,4.600232097563843,14.954061339063866,15.078333283281898,3.9806338539295,6.33100855631347,6.826403218644969,6.814941384514439,5.371029399755229,6.401137314741463,0.24891652119284668,1.1075305865370317,7.654846972059362,3.2846948145205945,-5.299308650816517,-1.498919741502966,1.5185826718850568,5.7384190336317245,3.457386243135372,3.8664789189233972,5.608352276663916,-3.131016451772879,-2.347368055545288,-2.3160649029544986,-1.440374841146064,4.210326568020242,9.557549496726386,5.724332617858656,4.786152840075387,11.517587734246195,10.97030309544046,14.198362991740124,7.909190366894791,5.806921801542115,5.1371889684492436,14.251305354966863,7.070477605150046,7.446198016088396,7.3377596431063745,6.205815531999951,7.018529164169473,10.268910310913434,-1.7116981618509592,0.016547450919222807,-1.5691017572298545,-4.640893710767549,5.470335366515787,10.915519193773564,7.9236926768143165,2.938903812140635,2.995118396146682,5.07325915582568,-0.34883627225183067,-6.650022629366629,-1.8222573841249072,-0.7457018428038018,-3.029994283398871,-2.0129794864574286,11.062278291171102,10.481731352149428,5.928493299519275,9.303081643457588,6.203953224636543
2018-02-23 00:00:00-05:00,8.49660575626216,10.231067805670396,4.265021465543107,3.177633558207187,11.855590601285273,12.038439608627623,3.6723507990569177,3.5344892011401923,3.849090964692771,3.896494967175698,2.287989734144767,3.733226492473057,-2.4145627422308764,-3.5724679926665086,2.5222936358444943,1.3093519937110945,-8.728629015075178,-2.884154921995147,1.0176654728382433,4.4080661748601155,-0.27155423763851216,2.122131026093645,1.492424263585314,-5.537261919628559,-5.3768404393881735,-4.879747945029225,-3.2693987632470045,2.3485112874821836,5.65628754895593,3.3560859008698056,1.5841730611734455,9.221690207393427,8.827459057414504,10.114168598432949,5.969922467258384,4.724626701121137,4.586412713979644,10.79280362778887,4.6350297055986385,4.811236329350987,4.718771077449238,4.01577591259139,5.230817247809818,7.179168659208734,-4.62482901203515,-2.9455570361104155,-3.6524424424915733,-6.581144305549434,0.8395833008704824,9.175710098431413,5.387576490184241,1.4553667408128979,0.43503913834891084,2.114892050032769,-3.974068133278213,-8.40717977936158,-3.571192665243274,-3.25831036101798,-6.28964991411623,-5.847509561120218,6.1809124276490675,7.403594019106586,1.6456575894404282,5.918397494576656,3.8090464018295
2018-02-26 00:00:00-05:00,8.499322809314409,9.976112323012096,4.623851786852131,3.22516388425732,11.505131240044719,12.563014868403725,4.2022545015097705,3.3440271005980593,3.8294163757522,3.9190501743690853,1.4556435220688093,3.766941772600808,-6.276203251825806,-9.84349433414621,-2.1265416136314834,-0.2655529853286255,-15.361322612703132,-5.1573268684208875,0.8164324220053994,4.675173929990328,-4.817885382811586,1.0371207727700225,-2.2478717860590605,-8.637429606049876,-9.465165388859678,-8.114455226621134,-5.247149160244614,0.18133791799213092,2.753508002677376,0.9525902070329813,-2.0210265668373326,9.393197724658837,9.011802787077904,9.684505749047654,5.345737601356068,5.021310567040279,5.029622912465038,9.943605628767997,5.137772318796592,5.322129424639862,5.216291519904292,4.443151774069847,5.889046845367711,7.373178990168038,-8.526328719394158,-6.471206623864557,-6.665311813364191,-9.992345944815142,-4.370334358167694,9.921996424501751,4.053475907715186,0.35564513108087215,-2.16163434211976,0.5834044011601751,-8.492838664663866,-11.810501233841071,-5.602586769979277,-5.920541693996683,-10.782478145577826,-11.825510531432766,2.0242824201167227,6.3605486530434705,-3.1905153223372458,4.104807263410062,1.5299973111279668
2018-02-27 00:00:00-05:00,10.04379922605526,12.125512214526479,5.516435836803235,4.821974817912098,13.862850543280953,14.436075844946467,4.423188347891195,4.708619724505188,4.75950808566777,4.803235984016495,2.879886915163406,4.683988246648304,-4.531288101901395,-5.832831810420951,1.1704717632339647,0.19082483676875,-12.975085902160941,-4.004360174951391,0.6154913009812948,4.258593884185482,-3.060550651313742,1.5072240318400947,0.17364545522260544,-5.351788166757753,-5.975164962753772,-4.649490678474537,-2.8928597094900708,2.0778967878874943,5.54622762346769,3.363081930249838,0.8899696900918818,10.764180908856432,10.962551875219445,11.478762840530159,7.28191237623264,6.094035477625829,5.395638804515196,12.59880943272525,5.517495649139171,5.660845231280081,5.530522270272848,4.7306748713240445,6.896841079157702,9.323773621242097,-6.040439246604644,-4.198932494383022,-5.20813716724025,-8.222852950219707,-0.898750994049381,10.067886001209608,5.003037819085156,0.7746359782143869,-1.6819997752394487,2.211526244044436,-4.453690140589278,-9.705733675886881,-3.2535724867258264,-2.9117349081223156,-7.355912034196096,-7.572915919232681,5.5840347318807595,8.407614895471264,-0.07653953430940424,6.112868771903039,3.9368163052376737
2018-02-28 00:00:00-05:00,11.145989233798673,13.799485381496991,5.774875053691727,5.038582640377785,15.845565722864977,16.344098429533254,4.641975504553323,6.265530092478687,6.359266386765483,6.382763687576477,4.499969773832321,6.162907820356661,-3.2610638188496166,-3.404236379106995,3.6250170673903597,0.7173062454637797,-11.706830422525519,-3.5232391764976234,0.8139052794943377,4.895023166306585,-0.9367586743928235,2.0343910931562017,1.8525312498676676,-3.3914373359610175,-3.9393108593366755,-2.6792668578587064,-1.5948502014529513,3.7193198702401973,7.99155587520455,5.463303627952244,3.0847044817575067,12.20218348407982,12.03614561930886,13.628192248473345,8.521260730615445,6.446830471564665,5.9234262982531565,14.710749784647518,6.9567763406422065,7.183914076003525,7.033745393964953,5.999407451507978,7.955958834932963,11.430898714232265,-4.540763553962497,-2.6845069993524504,-4.421591983988302,-7.402715925687109,1.3453288957984377,11.022311466947567,6.352920398992731,1.186464407246902,-0.6165875070157703,3.581593304343601,-1.903848999886203,-8.412433755186466,-1.9037793021802079,-0.9640367955722867,-5.3904303027556475,-5.193279947071301,8.766300984851318,10.570720646927718,2.2564368162944284,8.161402017765388,6.128401943411718
2018-03-01 00:00:00-05:00,12.383820028038203,15.855071046294784,6.505226043418839,5.706964095976282,17.362772382532082,17.715150392021123,4.736808183745279,8.05440244440776,8.127691346988007,8.134174860548018,6.356122082666027,7.832213519000698,-1.7989467047477736,-1.1636087874804275,6.045829111562559,1.1420282395707693,-10.375490846035339,-2.9134666295875777,1.0533244831942294,5.3311800521410335,1.1211498350797142,2.3885124028002154,3.307055381172034,-2.1472924409392387,-2.5661789658699643,-1.3578282555042358,-0.7780647175458277,5.409219568575753,10.420607905812288,7.757537069502328,5.358429186452691,13.594361170452899,13.332488406100069,15.665877127098636,9.44955987927625,6.742316517453822,6.079921595261537,16.622555831235076,8.60466497320817,8.902557936840791,8.721988237623933,7.433197991212308,9.474671988659974,13.165478256099126,-3.2730900832588854,-1.5560423368575433,-3.5571126733300575,-6.314169188868851,3.6861106578328755,11.646693624637203,7.516623383015578,1.566890905911711,0.2471372363707542,4.4900749770772945,-0.28940759818943745,-7.588577038634113,-1.0528565752285741,0.19090494271914665,-4.067798857090967,-3.627516831919839,11.966369914119891,12.696872954443416,4.716732887973153,10.17649742769492,8.514194221397606
2018-03-02 00:00:00-05:00,0.949044569087219,-0.06226784172463814,0.12191155957154785,-1.7487720022253077,2.9574004571193155,4.089907949718845,3.0125896271443686,-0.5393726951837141,0.15985662566762726,0.35542634497644066,-3.0135164375519468,0.4266720841638978,-13.630737237822057,-21.751203253151612,-16.42283725313559,-7.184801605247491,-23.94651492299137,-9.03410025179511,-0.7143961748522533,-0.44590862241833723,-14.050218856791524,-6.239604925569017,-15.100964211147588,-11.581471825953637,-14.008308406980309,-11.485948645318977,-7.967240496761694,-4.124877302482263,-6.982041470458973,-4.19880307468467,-8.88259998466737,1.2168577676674852,1.5366071607156822,-1.5432016609074626,0.4650186318712775,1.364371158714074,3.538541553495514,-0.14951787044906778,2.5816299540449354,2.6045928988610316,2.530161576129298,2.1804857455533035,2.6661031827006694,1.5955965486828978,-13.879177733837926,-13.694677484415262,-11.859559452799203,-13.171906755552618,-17.149132595782596,3.552650757398845,-4.978712606998998,-5.625308824433198,-10.31680169269274,-8.48776787947805,-14.044101071937078,-13.523182883361311,-7.958667448466149,-10.132147476971035,-16.921271577067337,-19.309135205619487,-9.700262127747592,-2.1759220769126015,-14.260532480550578,-5.0063062306260315,-3.4389402841921264
2018-03-05 00:00:00-05:00,-0.7215942968540183,-2.839212318047142,-1.247842812759778,-3.5065437582007033,1.203122853085661,2.64916904227614,3.3280454373988984,-2.787283804618342,-1.8647482243841802,-1.5940706449316606,-5.958930691195942,-1.4072545163718493,-18.11851664754787,-28.759140794823168,-23.243362131197998,-9.640876035936552,-30.512755190640696,-12.263192259296869,-1.4137953826626775,-1.8750105326142905,-19.16266205244687,-8.726759288049026,-20.486250893224593,-15.366255849157618,-18.307107087802077,-15.290878491398278,-10.801774716291554,-5.924376487619599,-10.782893048418797,-6.477665038242978,-12.336404079320566,-0.5416011018381802,0.03914513399088358,-4.894319487199678,-0.8305601432945355,0.7240856045927598,3.808357820305503,-3.0264587704875527,1.3818057683631666,1.3289617066757693,1.2692568986239166,1.118378306204482,1.4625215527893107,-0.46409157734664197,-18.426821733342514,-18.658261355444523,-15.854641788887326,-17.35446057315931,-23.509248698095874,2.7370242465768406,-7.967679487573877,-7.898010311840576,-13.903351506423402,-12.347419390788303,-18.64004217320746,-17.017571238749014,-10.720547419438397,-13.66324263765722,-22.12384810785959,-25.013298257528064,-14.527876088974226,-5.086949149452826,-19.484681771753337,-8.396975814325844,-5.638010213339543
2018-03-06 00:00:00-05:00,2.4904005292532245,1.665156015826994,0.7491530798248183,-1.160531511349847,4.458331222962722,5.6295553188183804,3.463804488271372,-1.2167137968320836,-0.4457387173695974,-0.23045213122222333,-3.82035228414215,-0.13030977933975588,-13.156367870330847,-20.92612279115424,-15.431683220210807,-5.931334912916815,-23.92538944658774,-9.683654723457986,-0.7547534588755146,0.007934094535863915,-13.041559489847268,-5.415854291150029,-13.736839464215834,-12.078956271345088,-14.045798046474387,-11.836628812424069,-8.467610546762568,-3.1706310481830156,-5.57754783781268,-3.238155580953824,-7.947715314346156,2.8560239590058965,3.2469571399456227,-0.05843625550317021,1.1825587451723105,2.006966103253243,3.996570002915129,1.311181137834044,2.1903651828326556,2.1942070193518997,2.1262859134183056,1.8383188664968093,2.650941681468372,1.8602138119120382,-14.217604946957216,-13.938249954396568,-12.625162808067817,-14.183433573523356,-16.098213368837406,4.777180991895076,-3.9616962508841875,-5.1054268078435365,-9.67714965341018,-7.637455092115498,-13.863713727559277,-14.149823895922378,-8.416785492955054,-10.149488601418048,-17.064822882325505,-19.22795053266043,-7.962021539564102,-1.178807014795144,-12.98219010717626,-3.8776671981148643,-2.5689514260003756
2018-03-07 00:00:00-05:00,1.2577330785309664,0.4265766575073151,0.21975394326982012,-2.6088800922513116,2.729739592832474,4.474458802578436,3.306295906561444,0.48019161802130145,1.371290852462559,1.632140198413839,-2.236206318795075,1.6988959089321172,-14.03765953997958,-24.496397778186076,-17.04970017587961,-7.217405650137253,-26.06582792707307,-10.335289347448633,-0.6710188227300009,0.34934316506631247,-13.643320924429952,-6.739779862526003,-16.88556184028844,-15.013751424896476,-17.451478036486822,-14.993226580073443,-10.711051330119956,-4.589807956049232,-7.005881910947921,-4.2430891718745825,-9.815593370691252,1.5921769912860233,1.8560505848110995,-0.6814509402377302,-0.5263338195882256,0.7210272730704138,3.873079324520639,0.11860076952148053,4.652855119121972,4.713339673144385,4.585017541013817,3.9441600382792044,4.5515806483190016,2.566608960210925,-16.02823596712916,-15.653421058506357,-13.651219449411512,-14.600787830612163,-18.184699499268405,4.88151298884738,-5.341086362134312,-6.341802590610437,-10.308173945826939,-9.551822340855429,-17.60792332732659,-16.331186492133746,-10.659110679191564,-12.85138891811637,-20.471976250021047,-23.474509131123014,-9.8465484886838,-1.8230701258124424,-15.611204086236027,-4.631735932830047,-3.1784247427197108
2018-03-08 00:00:00-05:00,3.7999771676112664,3.970752833142119,1.4480855384708275,-0.8160837257420026,6.33753851324137,7.524881554912381,3.4213016628491144,2.155989939002942,2.93191696149052,3.1047795530751583,-0.023930372021646863,3.019501650853063,-9.950678442270187,-17.05991695747333,-9.933435229147872,-4.299966743459134,-20.013273123394463,-7.568778828799401,0.06400020602929597,2.204408598300977,-8.375445489035275,-3.6410760240972087,-10.247685799403628,-10.97127434798397,-12.67496577603305,-10.720577156845934,-7.608648996663729,-1.8984798171103259,-2.105655442300326,-1.2581407797156245,-5.561080892238025,4.526434407636435,4.166172370599648,3.598553795569132,1.8854502853044983,2.083714481538944,4.157833959062934,4.220023615925976,5.223640355938776,5.382172120731055,5.265749008803857,4.495790279218111,4.9548082237459345,4.933785127327654,-11.769697610002375,-10.918501780665549,-10.06826196274044,-11.479558101187305,-11.44970182776046,6.807408252910539,-1.3799022084695325,-3.6692381406309775,-6.477209207151156,-4.908577787222722,-12.191170606220085,-13.196168745205542,-7.67800312188994,-8.772852024534098,-14.999855110499924,-17.105582748776126,-3.674341306299919,2.0092922155683333,-9.444089809968744,-0.5390204240581498,-0.3724785688457878
2018-03-09 00:00:00-05:00,4.39673672145034,4.988025973842959,1.839975750474327,-0.14749322885346686,6.4694887598053485,7.6849711265274685,3.1806098752877228,2.5143009438029114,3.3711029279946367,3.5139858418995864,0.6727527137075606,3.342885076953298,-7.609393441663293,-12.88114247933943,-6.688593197133389,-2.340225543335588,-16.13178054284729,-6.533250421717237,0.21607984950293388,2.5577777756851954,-5.870310647806879,-2.062013671768374,-7.020666641353663,-8.844016300140735,-9.884010075446207,-8.540680320462483,-6.21818539463605,-1.1066987665400623,-0.4045050685816605,-0.46446858278126907,-3.8365409190694897,4.896098736249336,4.725967214777493,4.8049047132787415,2.100546900710148,2.2483469964782814,3.805273701865322,4.81169368601433,5.333775011224004,5.55334290133447,5.4520613865496195,4.633730294784339,4.884954269095578,5.27429359696507,-9.34261742829885,-8.705499304225299,-8.375751358160759,-9.930690211907375,-8.111898196078124,6.868041780471625,-0.05582640870724728,-2.3479010130978533,-4.179293560753313,-2.8393291906687717,-9.274433570411434,-10.896872019263675,-6.243273933789855,-6.6772085176662594,-11.854755992477477,-13.47863449518815,-1.4438004924134213,2.6411012397252773,-6.4806537210301025,0.8037027200938992,0.2781491762309321
2018-03-12 00:00:00-04:00,2.0546433497569123,1.2247743814112502,0.20451275720668116,-1.9329802435511765,3.9475814075562803,5.531793697169061,3.327879770641702,0.1446489142857889,1.2811599575014152,1.4624982520375136,-2.0995470862526187,1.3366474209802357,-11.686806615893836,-18.012221044473318,-12.736751357051903,-4.019235770290125,-20.734063326861477,-8.691098433851417,-0.21851191132858608,1.4717174997931615,-11.104255248513267,-3.4405813085844654,-11.305277116483726,-10.109294941746663,-11.6127256182189,-9.800129580985415,-7.159240330749169,-4.294688254405643,-5.238396934039117,-4.621094934882743,-8.290115962826857,1.8589889648906182,2.237556313556384,0.7460250762610932,0.5876666675833739,1.74509613796156,3.921577472188034,1.1283432181615687,3.632817092294315,3.8192070028002174,3.761461376380644,3.183575092389885,2.794045701403226,2.9709886745668315,-12.003270651713354,-12.022851835902731,-10.871623571020189,-13.150989065071402,-13.76578945435086,5.851266549838465,-2.7525132643148904,-3.6420536275771926,-6.442444035119233,-5.162619179304139,-11.15854590530466,-12.234262622953036,-7.050878320233518,-7.873981891058537,-14.07566298937273,-16.1271985735748,-7.7382507332610935,-1.5216981393090918,-11.754852816934761,-3.29638174253477,-3.8867738055156913
2018-03-13 00:00:00-04:00,2.9968802731263446,2.0961481164073703,0.6516506979961769,-1.0973115544934744,6.136095114541598,6.741869045127045,3.446388342968888,0.24719672214235328,0.8500282621049372,0.9936398047481528,-1.918201406587351,0.9921505555948943,-10.182414926801473,-14.257169609430592,-9.527454290446846,-3.067582558538155,-17.559015312592873,-7.183915673303761,0.015458614203291872,2.2634987002080047,-8.376251841741714,-2.0525731266682765,-8.239815521197931,-6.86883781745274,-8.351637561143628,-6.410870928998733,-4.988802110147886,-3.6590588682323864,-3.264389696263955,-3.929505134811618,-7.038774664713195,2.884850455461679,3.10707493126486,1.9531394840471883,1.8238518166152762,2.5045239081900434,4.259024618837042,3.4134666112608194,2.673130971428111,2.738599693529683,2.6742460927499527,2.2889519098548607,2.580479653057128,4.474854633694071,-10.01982232676847,-9.491934836683166,-9.321462772135002,-11.486527143323476,-10.563761299330068,7.112488272825308,-1.1780895577947232,-2.5027087470824676,-4.995003395981685,-2.3257996631027567,-7.279213406867721,-10.304371316385543,-4.900650887574899,-4.677727719868587,-10.812392060060853,-11.942287503031011,-5.458864978043161,-0.08619823609891598,-9.379368796860383,-1.8593824368353598,-3.240964429910547
2018-03-14 00:00:00-04:00,2.907340655817684,1.6795009955846947,0.5843876021004301,-1.5458675739671053,6.544087413834944,6.733693838632544,3.574143647823122,0.05840643123506464,0.4513064059823393,0.609530688262806,-2.1050167121048746,0.7094027635429169,-10.098417845434419,-14.5896613887142,-9.244916258338556,-3.1293749775796083,-17.21567930182291,-6.752676072715205,0.33560945774192397,3.0208683189894465,-7.3328011621484075,-1.9674975049726688,-8.475643938246684,-7.0860709128391415,-8.707734546932333,-6.673524304530568,-5.230807746619417,-4.25734811396036,-3.375395521022704,-4.530734211537273,-7.749708397126839,2.941062116507903,2.76629569796427,2.0012976172202497,1.667012344306308,2.397480925534279,4.506449217964799,3.859845193542208,2.4079021535201477,2.393340043324023,2.3129438519346794,2.006841833813186,2.6082317915175324,4.853782865293728,-10.18655094348194,-9.032542221803054,-9.272929288735751,-11.242533656791652,-10.51059754358642,8.039508580942098,-0.8805674389910711,-2.4089861150711784,-4.645621744070595,-2.015693744709111,-7.5219505108323785,-10.69358322054752,-5.140689574719811,-4.79388308754647,-11.14992214297428,-12.257107009093568,-5.718357648545277,0.021710946791806532,-9.841743264313562,-1.7791030838536135,-3.7347908209292
2018-03-15 00:00:00-04:00,0.3097910655318518,-2.005067938344549,-0.6674906417441797,-3.4394441450237188,2.0404230212893135,2.9368680538812506,3.1738150652642307,-2.492260418365043,-1.7786226899322557,-1.5450631293760089,-4.842990010966959,-1.352243678238516,-13.016806117340415,-21.174849247550082,-15.412593684131032,-4.475341406844452,-21.070398527743574,-8.662239830073762,0.0650136529296231,2.079126291809759,-11.301517848175932,-3.6403149654821156,-13.542971934491062,-12.117360146613304,-14.10734947284328,-12.01398930623754,-8.838928311776808,-7.265333322649012,-8.478330112981755,-8.258473728149191,-12.247882862868671,-0.24986664506619788,-0.0019653290918185047,-2.4088485634665533,-1.3068114438513794,0.8668895602641449,3.776222662808194,-0.9031671089875395,1.0058638707288903,0.9331584956356215,0.8792548014054332,0.7884978038712991,1.0567669552472831,1.023548509981923,-14.105661760571188,-13.037375137097552,-11.950121196513402,-13.536028400244756,-16.289135825984363,6.310086098269795,-3.975850806640469,-3.8979921921711886,-6.783215985340865,-5.389516177603889,-13.889471735649481,-13.894842393559289,-8.767318346250903,-9.59088063413921,-16.558522978658402,-18.996341157169127,-12.144318695267408,-4.25928319721457,-15.321848726236091,-5.873609003770984,-7.475330581910829
2018-03-16 00:00:00-04:00,-3.663723079728001,-7.469804773049269,-2.781521407768179,-5.598733664700793,-2.3408887308556734,-1.405244797049924,2.623543300829515,-5.069135773132042,-4.099083322877189,-3.8318980823574735,-7.536843955863127,-3.5856614115127132,-16.94750203444864,-27.325026402570565,-22.275400295382543,-7.238305487463549,-24.686106825672503,-10.175960059907405,-0.5017909862452961,0.009605286351756689,-16.306431111944082,-6.3650101473339795,-19.01610433792204,-14.643600293896283,-17.132188519925112,-14.689405242290437,-10.619163081735689,-10.8478814230496,-14.330822487364623,-12.816936120378044,-17.05901714159007,-4.63339470984632,-4.122579046626344,-8.037202731069195,-3.8964673382440074,-0.5477628939209266,2.9844078179119453,-6.338261056877374,-0.9969726193304108,-1.1129008953520734,-1.1168098941363807,-0.9221335078991807,-1.4498456585791208,-2.5828058020829836,-16.84833715106555,-16.316909938081295,-13.88116567590644,-15.146977643563005,-22.75008665412983,3.5379193396166104,-8.056663158279632,-6.054668186644429,-10.190556121202755,-9.48504023074241,-17.57904643291396,-15.431742110139826,-10.543058680755008,-12.58049955660544,-20.042375105161582,-22.965806605061225,-19.5116557184202,-9.49047881430974,-21.37630468339701,-11.06886753326842,-12.076858374218759
2018-03-19 00:00:00-04:00,-11.337119990538781,-18.883503817823208,-7.520515153376901,-11.06754455492136,-11.563523815140975,-10.129803584854587,1.9266419033332638,-13.259884625758584,-11.715045366033616,-11.290934086228091,-16.654665989416134,-10.716477295025808,-28.331749970978578,-46.53527216186518,-41.936098838220126,-14.299900542371027,-38.907015847962185,-16.02873365568154,-1.8929784334400697,-4.0012873941399585,-30.05865803287289,-12.893454708691445,-34.068318850547044,-24.340632618759056,-28.975214910728443,-24.857020285045873,-17.589250422030773,-17.820611643077417,-28.286910467646045,-22.023917966032354,-28.99662331908094,-12.663607262467206,-12.035805309802925,-21.315609246708974,-9.733297491868443,-3.7535336492387135,1.8058142847677727,-18.207847010750427,-7.041420589961244,-7.406417564587764,-7.295625176460449,-6.173446358864577,-7.811013963629918,-12.07552210122855,-28.01329040843466,-28.054128742942147,-22.055022226979073,-22.606289122390056,-41.17050196395974,-1.4177907752585577,-17.324972687406127,-11.666358123861567,-19.99262146888714,-19.443091889419552,-31.180526692896926,-23.144200348164624,-17.506294395467147,-22.39672264953566,-33.25052712020969,-38.64799987633653,-37.12838672062004,-20.469073615396052,-37.56457550243811,-23.33787752423082,-21.43148093466356
2018-03-20 00:00:00-04:00,-4.487524087012736,-8.741723592736266,-3.22777304268858,-6.300312019830116,-4.191619953114222,-3.4680292649454074,2.204360274743171,-8.09835174064608,-7.05141058830671,-6.731333712949103,-10.93972121974807,-6.324476488042223,-19.503491125293557,-32.89956723878125,-27.767856421213395,-8.966307392491004,-29.37315533512106,-11.900741614912228,-0.6464394190844445,-0.8302108292075553,-19.906069428490635,-7.792477207028406,-22.329118916315675,-19.3078211313394,-22.5485168606845,-19.505242512427735,-13.866066513002623,-10.432230126674169,-16.67345407459287,-12.712873681477511,-18.538697318911122,-5.040791398328337,-4.947731942504253,-11.142462748509807,-5.000450166249195,-1.4441548704304887,2.354466426869186,-8.747756800306146,-3.4505259791903997,-3.693915672224754,-3.659304854417544,-3.073454142634181,-3.384186422379631,-6.470428754731494,-21.48383681241423,-20.73462695598274,-16.534855687071104,-17.80218431338172,-27.379197224601562,2.1328544147575883,-9.540944238509436,-7.154157522815266,-13.100178912757855,-12.127847378230125,-23.771829572827915,-19.05048319588399,-13.92525003823713,-17.17977641689498,-25.843883105103536,-29.60271088167421,-22.185262742104683,-10.748497083413756,-24.114766643691787,-13.402810423167674,-12.205521878006726
2018-03-21 00:00:00-04:00,-2.092779656325833,-5.069564165500958,-1.5702648687277025,-3.9618622694516876,-1.322051379525771,-1.0424551771654065,2.1114252247840373,-5.931940977877165,-5.203623450659045,-4.954443480478455,-8.346299585482514,-4.6209297679018695,-15.159066476170631,-25.328740032742186,-20.64979314878121,-6.442673497262918,-23.546397604015297,-9.475077044573544,-0.35324151324474734,0.014434582704214613,-15.299738810857603,-5.452351145428551,-16.283745627183293,-15.460190724224432,-17.896699874315413,-15.489808845772645,-11.089095908211787,-7.689857114001804,-11.759432214239846,-9.312906315701442,-13.963840429998656,-2.40306910961158,-2.3399195550131626,-7.054233127302639,-2.9604711813826374,-0.367842341225074,2.356526153049799,-4.970523312535384,-2.3957095034217026,-2.5974700478190074,-2.583435682692075,-2.158420740671603,-1.9271891639282432,-3.9541274909204014,-17.215395695385556,-16.258202099628587,-13.17869725241824,-14.771406518234029,-20.47908632815306,3.030139365506626,-6.440900333199087,-5.076252400171625,-9.887289563437099,-8.517500854571535,-18.588449311328443,-15.731804831589026,-11.209995664448414,-13.51781656296412,-20.69026939732643,-23.26456420835948,-15.919617057795104,-7.146316667881167,-17.89225822085659,-9.366638819758288,-8.91365046739788
2018-03-22 00:00:00-04:00,-0.7961690222112289,-3.2735104994252637,-0.6636666329095677,-3.1591934691214174,-0.17188444813335177,0.19757398635749093,2.2766958126311607,-4.544120839043124,-3.956432685064419,-3.722517157286571,-7.312971148975035,-3.4126163084912555,-14.546886912960591,-23.538756985650522,-19.071097743148393,-5.200826368605845,-22.724784112445054,-9.60599933062137,0.03350836013957939,1.1993952141807582,-13.822583719288573,-4.055332447480326,-14.285147675322543,-14.081413327875358,-16.454995252870347,-14.04843707328777,-10.137653412614481,-7.284663156171385,-10.150205950636451,-8.596208488867324,-13.052087946657192,-1.3081612149893371,-1.1151169627980355,-5.121525296038011,-2.429273731489361,0.08718909182456251,2.5681953660420564,-3.5678169141881297,-1.2859225893054669,-1.4675057593384215,-1.4823245068660904,-1.213368728144628,-0.6498551371451778,-2.3333464581671644,-16.77285545372277,-15.736927166008508,-13.040552471623316,-14.783359269866251,-18.800324656268877,4.323440398386034,-4.931318121573452,-3.9839985737227717,-8.096556322016616,-6.4196457404846425,-16.9206534407792,-14.89321975893524,-10.226829108980471,-11.909830103603765,-19.30156716017576,-21.961817410475128,-14.063026898233181,-5.647667610447038,-16.14340625312327,-7.700808369565498,-8.11908885476967
2018-03-23 00:00:00-04:00,-7.326449803936517,-12.643878500486235,-4.503490849382739,-7.705914723934159,-7.083903781761649,-6.64290288272231,1.639613200459635,-8.216672088360522,-7.54894352099974,-7.222918208335993,-11.884980122757176,-6.671634805202855,-21.76633835799183,-34.59832579772089,-31.274096500151753,-9.68916121413619,-30.152126734414942,-13.403052474968925,-0.798647299918161,-1.2657793584411057,-21.26917414988378,-8.799302157835202,-24.10093701278692,-17.485859002730802,-20.882628898269687,-17.720463851012084,-12.94924836463331,-13.64701998319932,-19.34618824598259,-16.24716199727524,-21.44541086534441,-8.418364707619606,-8.027632246229714,-13.857474523103281,-7.177197770245497,-2.6465591126031542,1.6766706511068032,-12.187164767062786,-3.9408740305676977,-4.304063450601277,-4.290523360287529,-3.5739505124831346,-3.768880825958375,-6.680004420844638,-22.24705309565724,-21.873908474269037,-18.141764624460553,-18.927675389727085,-30.196427340292413,1.1820635263022046,-11.800961801623332,-8.081132782577072,-13.264834608502518,-12.609369149668375,-22.136065076917255,-17.259688035827757,-12.832986033907705,-15.727938829720541,-24.959458994655876,-29.078125486260948,-25.815606663087372,-13.66352537119796,-26.889399091018035,-15.58246123057227,-15.537703520507263
2018-03-26 00:00:00-04:00,-11.892633103425172,-19.482989994304738,-7.100797520826484,-10.519506851221818,-12.866201749567557,-11.56708374514998,1.4155525895102214,-11.648880036768903,-10.9198394267759,-10.521467338342582,-16.0117180301506,-9.760584973175481,-28.35408135540798,-45.21572177531839,-42.39421312203631,-13.56654895859169,-38.186734174088315,-16.593590780117168,-1.7467902560272637,-3.758208185132017,-30.1415834564194,-12.454931956601186,-33.17243172353944,-21.93680481786803,-26.410420310612338,-22.347179168153865,-15.878670868712538,-18.96917002074966,-28.076809680675982,-22.786170290824103,-28.942093935266954,-14.120245309883536,-12.615651362566826,-21.56629642185236,-10.41780352637296,-4.141601561301118,1.286963004891952,-19.19956260360065,-6.6020009602244825,-7.127450673097495,-7.07945653475677,-5.925237555418179,-6.436270446526584,-11.53209348376833,-27.63424696194341,-28.07630835571322,-22.56099270963631,-22.890778471867606,-40.60714159104059,-1.9720730220730953,-17.758815561507593,-11.366928249830853,-18.453513667931436,-18.27685178437963,-28.492481198688882,-20.803252332232667,-15.713531515683908,-20.22171428342966,-30.841812390252542,-36.76750183692779,-37.05667482067454,-20.69188783852926,-36.945109072613675,-22.799154591214776,-21.988728314358482
2018-03-27 00:00:00-04:00,-4.805487042962325,-9.07195208279415,-2.559664916989677,-4.784682943348172,-4.884847765417531,-3.9673599272592948,1.8711195419561475,-6.2681280849819165,-6.016115298237957,-5.757446194933958,-9.61027201190864,-5.232825120405746,-18.97672675943551,-30.336811520951215,-26.685484036713063,-8.022038925726902,-27.540261420595975,-11.361062955981321,-0.8812710050579277,-1.038918176400034,-20.194700401294593,-7.194730274771278,-20.732647075395445,-15.497614400864029,-18.515705125451746,-15.538227190954292,-10.907280401531638,-12.093734744727275,-16.679542924505526,-14.240983239868905,-18.663947108464118,-6.371984785727905,-4.993206609684237,-10.886721922779252,-4.92102134193032,-0.9871666812682678,2.0577979053047386,-8.992421919493566,-3.184071092545211,-3.5445434538015372,-3.55404725549045,-2.9377453118334325,-2.1941151729868276,-5.295625679202463,-19.31690110859581,-19.006793466867595,-15.856934094220243,-16.65378577020404,-25.949308603308456,1.3642243701979309,-10.239158798983958,-6.82663093114094,-12.017063341859286,-10.305877605406101,-19.46131116027143,-15.812255501403202,-10.951762619995408,-13.670193549826335,-21.497777248665663,-25.797569215722127,-22.623941896114683,-11.241545642773797,-23.79606595725973,-13.021348677461939,-13.631446094118553
2018-03-28 00:00:00-04:00,0.2795058999841207,-1.6221174591869192,0.3030550024908066,-1.989158708854434,0.23636632352812273,0.9099814654626102,2.218767701689021,-2.9424304282161042,-2.7388456765382245,-2.531965283216158,-5.730762585242366,-2.186698576593738,-13.130041146433799,-22.14569498645788,-17.414597975202398,-4.595348161609375,-22.015077491804007,-8.612557023544095,0.18487527180309304,1.6499689407806561,-13.151948240087643,-3.640257587633434,-13.445599397643747,-13.066957641850056,-15.532194574128917,-13.011640685861186,-9.146540595301357,-6.516617080790518,-8.821143304296559,-7.342717958591142,-11.699879924281376,-0.5614545433533997,0.09322092798176294,-3.826572692157193,-1.8507050231196163,0.47533503223221396,2.47698145934303,-2.3217257161907776,-0.3737153681416737,-0.5889560287684531,-0.6428147763396145,-0.47414635940920385,0.7873318550561182,-1.4670021708445116,-15.656741213222753,-14.620336214827377,-12.387297834867008,-13.588638860838344,-17.155451850278983,4.387833116660611,-4.543538093715712,-3.732442241565215,-7.557989650088874,-5.220599312610858,-16.036288946230528,-14.112975524347343,-9.282106359057742,-10.879669306954314,-17.800857404827582,-21.52310285465471,-12.449513111704197,-4.158710743983182,-15.04969974807638,-6.247859432775834,-6.793423772565648
2018-03-29 00:00:00-04:00,-0.029937968474986858,-1.8763599023862498,-0.16887970525713145,-2.5462278498156574,-0.3289354615270623,0.26412382445302646,1.9819029124570828,-3.789571422357831,-3.3463384042845257,-3.1294876734389345,-6.083196406999483,-2.822069580193879,-12.210710351630732,-21.365724110900445,-16.522549436452685,-4.858624620831741,-20.625825911839623,-7.985978532994435,0.1550660845705044,1.2292894474860439,-12.401619543416434,-3.533687831613997,-13.0262137225263,-14.15547681021499,-16.531765739226234,-14.22810595983135,-9.963265595620726,-5.344654722562711,-8.526543456344637,-6.184204986508478,-10.79089949351539,-0.4027217094344033,-0.27248795464324727,-4.2982353117368,-2.1343294993658164,0.002878454913873484,2.0499171982938775,-2.7167974538902935,-0.8658799379283268,-1.0490707225890012,-1.0776296025548362,-0.8625908408575425,-0.04981341762804234,-2.574624921860919,-15.442845812188146,-14.276712582043988,-11.23455099557547,-12.781419920730082,-16.31034304583715,3.6860383108788226,-3.931638822305688,-3.4487354378056634,-7.350418835716045,-6.103786606920542,-17.38305882140821,-14.488465034020255,-10.140389616776805,-12.103055508264516,-18.597554300346335,-21.54936045861577,-11.722090593449456,-4.006798730789885,-13.920275218632515,-6.298255540025411,-5.749956262768471
2018-03-30 00:00:00-04:00,-4.104545933082919,-7.680540037669366,-2.3932173176213,-4.509602042755534,-4.849470231414579,-4.088565566661503,1.3753638809701418,-6.739011957822819,-6.235797728977323,-6.0009162682467805,-9.023090378241857,-5.582289600162595,-15.274235287377277,-25.37437803071711,-22.43918017648045,-6.9017792961701465,-22.44997237877248,-8.86057034704675,-0.5173754230636073,-0.9581875505393971,-16.700860367851234,-5.778126881061764,-17.61038311462969,-14.018533183904651,-16.71476909012042,-14.201405838202671,-9.868851424972622,-9.134971278166574,-14.360335383993085,-11.105360551376306,-15.322085128005163,-5.132022603064024,-4.466878699576407,-10.029588383436272,-4.423277199804082,-1.2300796839006554,1.3702942943024496,-8.15342852770178,-3.6724813637791596,-3.9563441745650283,-3.9270760782034304,-3.28971596258466,-3.08160389999063,-6.275592384950565,-16.29799405475544,-15.934336491615275,-12.476261862237104,-13.399638510721639,-21.780351293350915,0.5219371588590099,-7.945073745350993,-5.2785321908223155,-10.060830368164037,-9.241821331547534,-17.883056958020912,-13.702027581215933,-9.87858648067613,-12.598818532403993,-18.873166152900026,-22.31812302440069,-19.081902098363912,-9.53605074471188,-19.52834984522826,-11.364839717802509,-10.774071461388067
2018-04-02 00:00:00-04:00,-11.315835187209743,-18.019808609062043,-6.293327974763785,-9.20955889130754,-14.355711226924496,-12.466518781346833,0.782559533023953,-12.102787172896175,-11.03068156726456,-10.666643728328168,-15.131329940933458,-10.060021613667912,-24.63020093277771,-40.20355015067331,-38.683393141236884,-12.347732649532952,-33.41880530962846,-13.67128242508931,-1.6263143105966849,-4.4231139575586225,-28.641983767429483,-11.173052885318477,-30.897815717979313,-19.43566526558052,-23.66590251795777,-19.946417013057463,-13.940015941341649,-17.116920223310068,-27.375358105270102,-20.970404600507255,-26.658569824427783,-13.701546399965713,-11.936456582705299,-21.42236165314794,-10.34405011687376,-4.112446911070173,0.18202079523407325,-19.457277622835996,-7.092836350230133,-7.505506670713304,-7.407632533290994,-6.252187573027723,-7.173769362935696,-13.31852350757319,-23.568105094534687,-24.705479168633584,-18.770454639190113,-19.15721524233218,-37.14015965295819,-4.095293930789754,-16.47346857238282,-9.892198136379001,-17.182333598100556,-17.449418184513657,-26.257873678614107,-17.66302763390643,-13.612076263572611,-18.378488126488534,-26.789482404029812,-32.75098144481445,-35.65497468686999,-20.37145028600503,-33.988102395484844,-22.22844022076201,-20.558026683123447
2018-04-03 00:00:00-04:00,-5.2674025641448505,-9.276655494722986,-3.256827692320053,-5.923370286306463,-5.719205744805219,-4.62236711331683,1.791024583693022,-6.214616684972416,-5.340104213129658,-5.078582173391124,-8.676943660012606,-4.767066243104272,-17.460000844351974,-27.730165733488725,-25.080331106496537,-8.292659417774686,-25.04114665048104,-10.04990618525561,-0.5146785176031453,-1.2644472719126973,-18.62490280719432,-7.119109863510831,-20.715194677435097,-13.296197519079376,-16.205127320156564,-13.423917371807786,-9.54475516848787,-10.952419146391577,-16.42108219743372,-13.078356967155816,-17.44797370025777,-6.616649166135577,-5.824004155948312,-11.061929936537652,-5.204336400992261,-1.4955386248423461,1.6943444946345134,-9.612341437733221,-2.375646957869714,-2.5548581897400204,-2.534579260766643,-2.1247435817631355,-2.6907851075500115,-5.537381972319141,-16.625200183484175,-17.027821120494153,-13.588615568668175,-14.782439510692592,-24.65567673187825,0.6061296298805458,-9.248782521834752,-6.326381971850092,-11.067514689305003,-10.965365588102166,-17.318741348782922,-13.560670161641031,-9.267300751799668,-12.063262314655008,-18.917360665093746,-22.643731716856735,-21.72593556600596,-11.205939358141748,-22.267267508414083,-12.878333857545151,-12.492101545294968
2018-04-04 00:00:00-04:00,-5.051274678765196,-9.049246568302964,-3.218777559176005,-6.335739313225594,-5.17644990189653,-4.5416309383230855,1.8966445324507735,-5.856857077034177,-5.148170328568285,-4.860866546288399,-8.532881525645106,-4.465890407338683,-17.43892669154314,-27.444204528638913,-24.793484380182953,-8.541020094797734,-25.010158792045157,-10.369887037109672,-0.36832411358649525,-0.8622004711760978,-17.255692898835512,-7.284069196827753,-20.86205104187133,-12.597337658710293,-15.679606720338429,-12.678110671726236,-9.500541689233849,-10.623601202564387,-15.630584608440468,-12.417420488592795,-17.215095866458988,-6.217786973612851,-5.66962958597796,-10.686269641346732,-5.42478288191028,-1.781973066105524,1.7856412113801945,-8.962731879812596,-1.8834495914599996,-2.1199565540217473,-2.132678374218246,-1.7551539479919152,-1.9405674238943933,-4.4178728266966205,-16.87826629892699,-17.229548132334227,-14.06465603139542,-14.940630046751014,-24.277345840065944,1.4760059776239778,-8.942724023656343,-6.4674106857241895,-10.84192940082874,-10.722172225109146,-16.605685379769383,-13.440723558742613,-9.06329404128112,-11.339747473116276,-18.89850526386759,-22.32720401489674,-20.723162822636237,-10.498528179047266,-21.84412574855095,-12.312084322626584,-11.671654715059642
2018-04-05 00:00:00-04:00,-0.7131374931127741,-2.6745850382831615,-0.5741831176211792,-3.3925125415520134,-0.09018300989862531,0.036465956956527656,2.19641011648802,-2.775737658232071,-2.1463239016235396,-1.9303441093735696,-4.717030374354947,-1.7247295794785418,-11.110350524242913,-17.984167255666005,-14.422109724650293,-4.4826955372793975,-17.50721956127123,-7.130093965257458,0.5175890648459193,1.4151967010483204,-9.798355021478987,-3.6547181265920017,-12.568213451272236,-9.853198634548335,-11.545131977736677,-9.6506493428991,-7.4128471636815805,-6.346410265303162,-8.127799177759604,-7.165356725338965,-10.728760540078989,-1.311645535116714,-1.2902672625657328,-3.691532802482217,-2.313293249041154,-0.121165640574281,2.3052468142895095,-2.620374118052975,0.40118776257293765,0.30856113697206783,0.26765546442564603,0.26690162195932793,0.48326237774209013,-0.858711905473473,-11.890969429879819,-11.602611892908039,-9.770620250245143,-11.326514306681178,-14.597384774806628,4.211589627943711,-3.6311729501396792,-3.246120725092649,-5.801671362610688,-5.9504754856525235,-11.730835724111323,-10.983665484261506,-7.111112359791386,-8.358245553352798,-13.886249534023568,-15.822479247943614,-11.121354650557384,-4.600539107968452,-12.947753169689962,-5.888300714925171,-6.524159241011041
2018-04-06 00:00:00-04:00,-3.187457266213499,-6.396604779579505,-1.9254325344371748,-4.7047528621030965,-2.692433869127126,-2.7140851346183927,1.9650305863907434,-5.043612465513843,-4.611213709585267,-4.349772519815864,-7.49343047689407,-3.9269600390135304,-14.961547619887549,-23.70385530635151,-20.4896541623038,-7.276695480020974,-21.960407245974743,-9.03854058267768,-0.22749758305391707,-0.31604902651207867,-14.093917538226304,-6.120094778453723,-17.321722025896648,-11.897612792153707,-14.456197250637551,-11.779558870761912,-9.01683826608526,-8.613368912054437,-12.294599658350116,-9.941074270962607,-14.410166557103333,-3.8458682765652585,-3.571537402694573,-7.9374923724524225,-4.028422071968059,-1.0078975628047535,1.8898024379868388,-5.992770529128934,-1.6592608046656907,-1.9265115064811444,-1.9556818058642207,-1.5902864013549525,-1.0558825678660615,-3.0795485502064306,-15.320287776215073,-15.211489743447329,-12.463769463330106,-13.376986615254948,-20.19636691975392,2.508691527230435,-6.9530417758755885,-5.392304504092825,-9.493896618717944,-9.109177857384186,-15.089949162863842,-12.989772235936721,-8.692398252549415,-10.59657067930977,-17.52931581846547,-19.94512681694448,-16.50148213998586,-7.870206040697368,-18.094381534474977,-9.719789210892753,-9.277624787363594
2018-04-09 00:00:00-04:00,-5.856998799401873,-10.419641539637261,-2.5561532525026434,-5.823962886776283,-6.490224578458305,-5.948266242629469,2.031784273099496,-7.4637982041600095,-6.919977609485211,-6.580969796699782,-11.186094825414578,-5.9940330483780375,-23.10867137602437,-35.598933209829426,-32.21565263213062,-11.394547699693263,-32.7429597049856,-13.266443800407778,-0.6245816521625773,-1.5338235486033054,-23.725905276075512,-8.84659970828406,-25.721607137217475,-16.99099018517858,-21.40189231991086,-16.996627583393682,-12.422958951340188,-13.665913606237037,-20.33852079978291,-15.891892390823314,-22.34849759768578,-7.195774172226456,-6.204007091827624,-13.609562540029598,-6.618654932480616,-1.7439813126359545,1.7368844572156488,-11.287812248170956,-3.13932254554678,-3.5231178079583776,-3.5411465138632505,-2.9176917566231526,-2.0978062065870517,-6.359544011731806,-22.926453474557423,-23.178265007113907,-17.67883987701804,-18.982115544436052,-31.384428887429472,1.0796548322109716,-11.127173804149704,-7.624438843599593,-14.776032754548247,-13.65936794854775,-22.9193758693146,-18.1378051121378,-12.08461901666803,-15.635812044045968,-25.61288430412061,-29.603046277444484,-27.184334221540855,-13.11811227361623,-27.79157443128923,-16.06510426177859,-15.138669419461317
2018-04-10 00:00:00-04:00,2.1886726416789664,1.095998558192822,2.3111291530150284,0.07740267414590021,3.7987687463138595,3.451693980612451,2.8822234614748092,-0.8686325765025111,-0.6814248899602129,-0.5082026737127362,-3.968861779575823,-0.28161206914111747,-13.69382933871333,-19.041079561593783,-14.792700400692917,-4.092373334886056,-20.980451593386704,-8.506868496621308,0.7790148412611884,2.887088846712236,-11.660772695264464,-1.9699728644426204,-10.553371918130777,-9.092348219306066,-11.650922797851,-8.598861400816846,-6.64223394798193,-7.253041673389298,-7.224393237775737,-7.889517337781914,-11.879985728265966,1.2822827992109072,2.0260851682568646,-0.8116205588242461,-0.34716151817428237,2.054924512575097,3.229575886721703,0.6831573340095898,1.3783505385551924,1.2588395855558914,1.1789107335366331,1.0656202601319253,2.7325436001730976,2.398830514955957,-14.28835751145294,-13.417371163282409,-11.197602071611255,-13.488765291108272,-15.008002049984665,6.971883752438962,-2.0982415795823997,-1.9168257667749982,-6.073289897283779,-2.576499911491316,-11.328518922549312,-12.540809946642119,-6.589499003556309,-7.158762818005498,-15.011352253308788,-16.74755697157161,-10.964933774482585,-2.7321970262668187,-12.993108775855493,-4.834200079450294,-7.24966362168498
2018-04-11 00:00:00-04:00,3.743506290763834,3.228022361588197,3.93356930371767,1.8117847223514294,5.017169003699531,4.484997125336304,2.9791032202170613,0.11643097901144027,0.06636877319736441,0.21518134006313314,-3.086008473755478,0.4521780434950683,-12.182079532421778,-16.343335243948122,-12.20984958000241,-2.050639562485585,-18.627061176033802,-7.780737450494315,1.2557182507085851,3.927709259244235,-10.026534492759696,-0.07513260945085716,-7.774009342014907,-8.243301828532681,-10.347767249919675,-7.6861210584242325,-5.928859838166961,-7.461827534342075,-5.874112748810656,-7.965446632146769,-11.212598551342673,2.092000534522379,3.5723935711719395,0.9764877716385889,0.44292458637516274,2.865745034830931,3.500085612500894,2.2941921733823682,1.8450406114610727,1.7109854789759265,1.6118994677578256,1.4458112235324154,3.828278111373822,3.301952888135502,-13.185832508407088,-12.01814217862503,-10.210663544709847,-12.785087818564053,-12.274946470611091,8.004120287934324,-0.5704404130388424,-0.26926089402324044,-3.802055508045366,-0.05932149923713823,-9.720293178726859,-11.745086999368727,-5.9620180603101876,-6.115289856824147,-13.46853429694326,-14.823515035505462,-9.503568049779643,-1.9365645293012224,-10.817226602300067,-3.3714341778239567,-7.361287752300288
2018-04-12 00:00:00-04:00,2.870208187137093,2.193075637084273,3.1070194724328606,0.5983112777892391,3.149476515833501,3.454599839310135,2.8514464914536948,0.3422909345679484,0.4276476892413435,0.6095039541839398,-2.904782603868522,0.841288410379681,-12.77169364881915,-18.926179870444734,-14.14583545711662,-2.9538996333274214,-20.614126013202686,-8.532783777359265,0.9916444664710774,3.424211013963186,-11.515106242853484,-1.17237608280057,-10.339946079159478,-10.464692998613865,-12.81757172344444,-10.111327205316995,-7.463125626737287,-7.555449481598024,-7.0370368432172095,-7.883289100656717,-11.774301322690214,1.052494796548047,2.7246005031179084,-0.255940783159142,-0.6019676080617679,1.9750340809585176,3.2871450788371512,0.7947727093011805,2.633436277706309,2.5193989301846416,2.401549092902935,2.121429835497127,4.22455038802984,2.4784114659400145,-14.514908632709348,-13.617040478639002,-11.25306338276813,-13.47608802456518,-14.125363940734955,7.0837496873468515,-1.8992903485895496,-1.3888669031218617,-4.708110936009583,-1.9412961815008822,-12.620700297798743,-13.121821900623766,-7.490159329904185,-8.149960460310446,-15.680911200532396,-18.02077210800034,-10.79165455495305,-2.6184796272268733,-12.576268716884718,-4.1833583508603525,-7.125541838219204
2018-04-13 00:00:00-04:00,3.2374794256359873,2.723795774376029,2.9995633708218836,1.0688030332707277,4.544127808850608,4.60686000782806,2.93076649965521,0.9293564737099655,1.0417679766666834,1.169736292689638,-1.949322759196409,1.2902399410881988,-11.282448876132333,-15.530504490726894,-11.440255042697046,-2.1596167666598225,-17.857838903299786,-7.240729335923633,0.9894824143778738,3.3880298435236598,-9.818922856119293,-0.6365576060188766,-8.042425435586278,-7.543504313633166,-9.397625167960411,-7.036141972816631,-5.242015999692172,-6.707455883143539,-5.396008705898726,-7.098712545098331,-9.975768656164458,1.5405191933492057,3.0775871381666966,0.9823155850633823,0.6462893521506651,2.6609891582012932,3.4918680916175298,2.051247511316656,2.635157793199881,2.5942914303889855,2.49870403809475,2.177599750344616,3.815861995512199,3.474271429281991,-11.691847050773124,-10.976408521133855,-9.561511279442454,-11.804529071439417,-11.641383776484332,7.1774409030714255,-1.1311755194134423,-0.9056883335232104,-3.825095986128752,-0.5904419892355253,-8.760942326350317,-10.766672026245057,-5.279912233305641,-5.492114981239517,-12.026664043388688,-13.865387297357465,-8.669372314597156,-1.7465341050737955,-10.459386103529008,-3.011397888048512,-6.43497370690674
2018-04-16 00:00:00-04:00,-10.963132437020008,-18.759225405273387,-4.088376242740485,-7.239589174394695,-11.701394598671042,-11.403351069284195,1.9710745713707871,-10.894036215635271,-10.926970922795428,-10.56446839187468,-17.041432158745067,-9.620590901491381,-34.608606569685335,-49.428614012731295,-48.16181213127288,-14.460118518035,-44.19682508327789,-18.662212466470905,-0.9008301690147041,-2.2795133371966974,-36.12686920401434,-11.063767953799378,-34.577224935105015,-18.936496478696643,-25.243172534133667,-19.031902544016397,-13.550027168867446,-24.681689126616362,-32.47028762934699,-29.121509411822707,-35.56801868014746,-15.10868452605448,-11.780873020017621,-22.71892735399851,-10.147456837918067,-2.123609307639328,1.9065310664881807,-19.42931461067085,-7.11912548406922,-7.810867190788003,-7.7972790293426755,-6.482944949364894,-5.060479890457765,-9.760448731304695,-31.19688532149836,-31.530834822489513,-24.998129110315897,-26.39835183627474,-45.69389497976938,0.08090630220591431,-18.03305264454034,-9.873945762790378,-19.55206328058163,-14.939328512000367,-26.957541783631775,-21.17520316253143,-13.36852829467656,-17.38999827470122,-31.307640427094398,-37.683200818784194,-44.04673254714097,-23.149880172921463,-41.73856460090993,-25.715992701347194,-28.257294796448168
2018-04-17 00:00:00-04:00,-5.419590039319856,-10.414117248785967,-1.7563319428466428,-4.021413674762777,-3.752273305050179,-3.683418220109569,2.8473516140350643,-5.778282281707808,-5.575610712507891,-5.321391025798309,-10.797817030368181,-4.803795428969066,-27.138613989193587,-36.5652238285019,-34.922948273441584,-11.066710541936198,-35.35654792803838,-15.00661113786608,-0.6494304143712794,-1.190457819574919,-26.93028440473036,-8.136616783583484,-25.339977984773427,-12.466652261053149,-17.21054347473893,-12.101672112303891,-8.903611945777289,-17.388627989926682,-21.983660308888375,-20.25902585006246,-25.359313444510196,-8.60331106546911,-5.69088262432902,-13.539636853741948,-4.564122387444279,0.4493160187261405,3.377366416875965,-10.351455692504144,-2.7807907663397122,-3.1348338602482215,-3.155097838993039,-2.595002547997988,-1.5487624322080806,-3.331755033343031,-23.184360558966368,-23.96594865446397,-19.48252145318692,-20.893644503505403,-33.518041081496186,2.6475541267087586,-12.19906153249369,-7.314256050526629,-15.148552050380975,-10.233026080496646,-17.334907198123865,-16.461930071183442,-8.679829250307334,-11.028045584427156,-22.640897708034345,-26.382536758741992,-30.337187417301887,-14.890221836878787,-30.144393008644673,-17.318160267262517,-19.42091265826786
2018-04-18 00:00:00-04:00,3.4727590821513923,2.513438989921362,2.644055443727169,1.6294649773753984,8.266485794295548,7.631709527551918,4.067911314200758,1.494829004206076,1.6871602237626477,1.757534808018704,-1.9236399956535362,1.7436515165941384,-15.306334983257317,-16.886848146102867,-13.932668440056712,-4.402922584672108,-21.57420399103562,-8.469252248897563,0.5154064631387245,2.3226571310166206,-13.253808970654758,-1.8692867472852799,-9.402527591920188,-3.5834989620990947,-6.014257648842887,-2.6720195738675647,-2.1875892229767735,-7.690150654670197,-6.280395443586362,-8.518242557001994,-11.116273085701792,1.5997112639585558,3.5776595101349953,0.950077254976598,3.4469012289376617,4.709936878784252,5.238094751615092,3.63758333240912,2.630892479122012,2.6809525971949513,2.613231827157015,2.242032929790847,3.3288517036202885,6.095406987348114,-11.524703891853155,-11.529535322825986,-10.520953668896876,-13.328769332678107,-14.258748661309761,7.9420123177504705,-2.0049989283731806,-1.867054378109416,-6.660291904942043,-0.6240137765314366,-4.183396487186037,-9.910795422149913,-2.1895874360158105,-1.9703987956560047,-10.011221349848341,-10.576704893276336,-10.211481185126928,-2.253562829739211,-12.43655877227792,-4.232586724714266,-7.80822765098972
2018-04-19 00:00:00-04:00,7.865228207625895,9.202515473411596,4.8785961566340585,4.34560215195789,13.281690749646303,12.794302082340838,4.514479586034988,5.360079365810762,5.705825781366652,5.700954446079182,2.998370876192086,5.383383926133999,-8.475118151859132,-7.626316260382775,-3.114525381377955,-0.8973824494233037,-14.219998327452902,-5.060413047214096,0.9639742689638574,3.6743512509851866,-6.071166867262655,0.8835047668985331,-2.010433461065305,-1.6660164022464883,-2.566666107582114,-0.5686649979760253,-0.48254511840879327,-2.3899198262959347,1.6313110765576044,-2.0078046863836376,-3.453223029118366,6.523875874997021,8.282255157992477,8.142761801194197,6.989154442507421,6.423882858464833,5.892252049182853,10.169723700091543,5.958973263178306,6.251550543354519,6.1528152476824856,5.212229906332026,6.228003870780987,9.872953273367091,-5.978827114184301,-5.681537494617893,-5.936811029513704,-8.980268493254975,-4.348158340410913,9.847049933221648,2.6477927457771906,0.5141031147527402,-2.4576977243590132,2.8732306531494767,-0.13461128810183573,-7.891772199469991,-0.6941353276359515,0.18677512823834122,-5.3755334772874726,-4.670736132378708,0.1399385761735485,3.969813473266646,-3.4386538745659974,2.4306088747093875,-1.3481253806194842
2018-04-20 00:00:00-04:00,5.897928660604503,6.583139045239869,3.718774244588434,2.5294406190418774,9.597193513188715,9.465760365297642,3.925690611917608,3.71981089793171,4.064419761118922,4.125197149576004,1.4379260744075824,3.965065445350544,-9.080307835305556,-11.581811339304071,-6.290601006185629,-2.1357571874886956,-15.871878274563834,-5.635184608423423,0.7715634657084034,2.884486965935387,-7.581365838160209,-0.6835290685739932,-5.5253560150443795,-6.080221073047785,-7.196338094316892,-5.275674944400069,-3.6996418167935876,-3.106938376684437,-0.842922317288527,-2.7915785809786167,-5.123602394778339,4.558120556735347,6.191870794183683,5.038680710778816,4.525178556153207,4.675019646146437,4.906266799052845,6.96676860280742,5.023933485305884,5.204287370193691,5.100819435432424,4.344764860762544,5.426124879856083,6.7777260420856305,-8.49441302117186,-8.038296335034861,-7.203492827267588,-9.668440746747756,-7.18048816178461,8.153296232748232,0.6379581231887871,-0.8296095274513874,-3.8129242195873747,-0.26724656508439376,-5.741107290273788,-10.406203186308495,-3.9494256327668973,-4.131621801408975,-9.685915276404948,-10.022375915234099,-2.6687423834384902,1.9875574979049941,-6.146677284895257,0.3648858845047498,-2.073118706795358
2018-04-23 00:00:00-04:00,-4.006533606126298,-7.681807638474004,-1.5969618521040114,-3.7778472712796334,-4.032145727079151,-2.919714548175658,2.8477159648517176,-3.996598929840301,-3.533414822091573,-3.2781403463808014,-7.755662957454224,-2.9124816511883496,-22.18925193172919,-33.95714487989677,-30.27477127728956,-10.849291499048274,-32.65906502322321,-12.643002098784843,-1.0838126128571093,-2.9421326345879555,-25.545796395133323,-9.215528670527544,-25.293847205262754,-16.441692369702032,-19.991878975920116,-16.290527899147786,-11.110879203543123,-12.696581779513545,-18.498107460217785,-14.44704248924709,-19.58233419592433,-7.40802543378054,-3.752323614002893,-12.03775469668053,-3.501144960566214,0.32204635136352233,3.025721096105659,-8.821940290329142,-0.6000699181940783,-0.8165719160209767,-0.8636752401338726,-0.6647665436869611,0.093504169121491,-4.347601728745235,-20.70137276002199,-21.85957405990021,-16.83225298329546,-18.193370863976618,-28.953087119961463,0.4357746242055034,-12.057306429734385,-8.115253403554382,-15.042684573642832,-13.205521593001956,-20.910039472956736,-17.950436687534683,-11.174883927705775,-15.002111839865274,-23.83882248883236,-27.857267175912618,-24.881040339699553,-12.40880961147134,-26.015771283246753,-14.641806048582694,-13.557517694378975
2018-04-24 00:00:00-04:00,1.9067124939799989,0.6209539112963911,1.1426527925206624,-0.5312878337568813,4.121947272814167,4.763295276573876,3.7533820875703627,0.3153099190924062,0.5979892184735648,0.7655455978428818,-2.860270915219672,0.9084750329146387,-15.161653291878073,-22.335234674837288,-17.611558277198398,-6.49751870004203,-24.697750426804614,-9.51897812966598,-0.3916055668078154,-0.21990645657518704,-15.838743697722808,-5.364088888493847,-15.369518023483561,-11.223985635757028,-13.365942190927706,-10.72469972084835,-7.367331865242745,-6.3583393507246155,-8.050578995758046,-6.666676923156773,-10.57739983129524,-0.21722403705480967,2.429717686907348,-2.286153517976852,1.51042185997882,2.839680564277748,4.503276371881555,0.48729288133772947,2.661692665975268,2.616193698111181,2.5183563711096832,2.1963700965572963,3.43531738778953,2.0604411266969587,-14.450776889783615,-14.817316636217692,-12.590587247672643,-14.15621378372784,-17.340789677964228,4.616489846939141,-5.47940478633956,-4.960326125562513,-9.69438883669598,-7.051985347546023,-12.846967386077448,-14.305368582375197,-7.494518416511413,-9.393746753371248,-16.582000099605605,-18.788629618936742,-11.572158843301485,-3.7314739862179267,-15.071738100612702,-5.813214517412758,-5.775907514342883
2018-04-25 00:00:00-04:00,4.511746894240651,4.008468580674907,2.3291205377796325,0.6810366782928863,7.115062437410182,7.396746364905922,4.053112660784839,1.3599945788883883,1.3781051136318259,1.521039668812699,-1.639600369512276,1.6813866877292623,-11.800989837157449,-16.94409255322114,-12.241954845527408,-4.096386319485657,-21.087823638929628,-8.073384008302178,0.10663814353713191,1.3647439958388354,-11.653134307153572,-3.1540673526419454,-10.793810093232235,-8.728575973612324,-10.309112530315868,-8.102411964661174,-5.716132334165718,-3.6842972036906434,-3.650432716668028,-3.4494122437439367,-6.892183311764226,2.730921196378036,4.989333943699143,1.401601896976862,3.2182546836688934,3.7204941053821834,4.920202859183441,4.184879106143511,3.1568424210502077,3.091091227959529,2.9714580873917575,2.5961399628195565,4.398031094197084,4.159454543489146,-11.91911631720889,-11.78661771575772,-10.913315740691942,-12.941620817935735,-12.088639265289148,6.633779276771769,-2.34512923281191,-3.1840844993740225,-6.725635818379078,-3.6785226016718133,-9.275722535128358,-12.473411514801638,-5.809042436551138,-6.612945342902558,-13.15745701841511,-14.86615609310579,-5.959484824633044,-0.15421309128910426,-10.178469102894894,-2.058089474432975,-2.590695495283654
2018-04-26 00:00:00-04:00,9.817007806110231,12.02538562854203,5.27560799726551,4.069480058802004,13.524965670349909,13.7431179947474,4.56831588505017,6.326204828203399,6.314656559568471,6.374364570157053,4.204377854575973,6.243257333246674,-4.262063187761257,-5.773785446212921,0.5083555251461059,0.07003389010655549,-12.766324049416347,-4.535572748374408,0.7322203424240588,3.5283246094043657,-2.8716883191609033,0.48875382724194855,-1.5660365260838303,-5.302243423599241,-5.368926126444615,-4.409345713394851,-3.1366003542887766,2.0938464961823393,5.87245362819814,3.879997517306653,1.6340314498562891,8.854146624081006,10.655304602242548,10.388967682521189,7.300009107995845,5.692417111441258,5.8231040697109675,12.321108653255386,7.33221863611689,7.500684500807964,7.320778274590663,6.270131365589268,8.429510511464247,9.69220909781305,-5.732566494369309,-5.124701080981516,-5.915749491113072,-8.348795539858036,-0.43337163659641037,9.638219617618216,3.5858989414279545,-0.07927712874766095,-1.3514409379686967,1.303182495114456,-3.342985304733967,-9.582645462449356,-3.3687571003012327,-2.8868169545632316,-7.2070063986923545,-7.098573140877392,6.270371752985879,7.574497938035814,0.4163423987501737,6.083928837169524,4.763787606912628
2018-04-27 00:00:00-04:00,14.616356102127238,19.02010747495383,8.035281738369305,7.41377247639189,18.709689017927186,18.81872708936998,4.8590949435776425,9.114547134085171,9.105174276812866,9.08248132945346,7.598553659361248,8.727566499584514,1.6565372017911617,3.967014854774784,10.371747863667906,4.210082878151348,-6.042713997526381,-1.7582236258645434,1.476084942815676,5.771555408446132,4.003909847540278,4.451792014957297,7.185264903560621,-1.1967172774338768,-0.24057728956674568,-0.10379049094032783,-0.05918714590472229,7.121160168305423,13.592450667346728,9.824756127754274,8.604373135906464,14.488371562045147,15.620498044620092,17.70207499307862,10.714053725883291,7.611017838130379,6.211254483533849,18.67583652584695,9.271387944165658,9.606462901364312,9.416202407024901,8.019697123523954,10.484086945703888,13.35302693461573,-0.7701870239094717,0.3631403744835496,-1.9703260591223417,-5.0926417255368515,8.818420815445743,12.183979720329896,9.26897613047122,3.3352577751078596,3.409829354341251,6.880662928323519,2.4177372004397415,-6.2348946910186624,-0.3683596986101709,1.4036725848967002,-1.2753764959562426,-0.178880992054589,16.161071602416833,14.031396509020176,9.517568323721797,12.701531178953305,10.477541806748361
2018-04-30 00:00:00-04:00,15.163063619837796,19.809508260058863,8.379557997042742,7.994089038888028,20.253118744729615,20.23078376965827,5.109981934727087,9.942956646716551,10.01142796727381,9.961689758177982,8.32908017178721,9.509702004884248,1.1875258316460677,4.027719739408248,10.892431126196486,4.181461169920509,-6.856161980637251,-1.797258925674938,1.5420563339474147,6.142234185026265,3.5355801847099277,4.619594929817952,7.957432195956168,-0.8045514719155659,0.1608087962171346,0.42923308996878456,0.4050255148778557,7.1366869736083425,14.252131462086552,9.840534700691949,8.790119819311858,15.33696491704765,16.19804898684215,18.98597881407767,11.600538375214812,8.26885375985365,6.607558770507422,19.823780150288723,9.90589186574129,10.315134269958342,10.127479657845106,8.606860698354613,10.867767194805865,14.550804446300132,-0.6790022135594399,0.564205115150294,-1.8636837869036504,-5.6094387061865145,8.978824346215356,12.981051361360752,9.772708780060766,3.4950111935979797,3.2893639748939365,7.390907710247633,3.0778902193775792,-6.413514275619062,0.0022547468509713383,1.819196515441257,-1.0547723295381142,0.2696216517517151,16.803217784396292,14.824333500621247,9.790382670751631,13.283724286275108,10.496778470432783
2018-05-01 00:00:00-04:00,13.60330202673402,17.892543442563284,7.502436875192431,6.932179981175573,18.533825075020786,18.524951170098117,4.777069504495243,10.207052911554944,10.221499105787608,10.17824026834914,8.611743635556163,9.745310370065884,0.876091219967252,3.33426511427796,9.884642814779799,3.3080964271290525,-6.558689402522302,-1.7613926537074858,1.4549865635308425,5.605469093711089,3.4053275050544936,3.6478559077026596,6.48883217630079,-0.5472083264605977,0.3113409047716144,0.5596327598668899,0.4794852152383302,6.247731050632445,13.121543934781235,8.975368645007881,8.022308534435535,13.665513437395926,14.510633997059362,17.562900570105462,10.510770322298049,7.417844945125349,6.169223304051238,18.173841128218832,10.19791909722073,10.595251969069162,10.394753312587351,8.842661180998219,10.867259292576136,14.283114824957735,-0.4661481123102127,0.5896128861725553,-1.794811057457467,-5.005394758635562,8.05219746326969,11.98946516905814,8.598213787015306,2.7432586410679023,2.937068741549885,6.239174725260844,3.0225236916368243,-5.788879193176168,0.14032582583803993,1.7581213696684215,-0.968880889693158,0.18588639860055306,15.481720750339619,13.667738498887433,8.676495648375509,12.332760737317505,9.769162192661716
2018-05-02 00:00:00-04:00,13.897936406902096,18.47075674274897,7.6532794935269886,7.270928643352809,19.096164378369146,19.135569671819958,4.826459302286104,11.29352301091027,11.395057436342793,11.322260946211884,9.793995305768071,10.776135363361,1.3840803423214507,5.267957894770764,11.259106561044351,3.7329667843046646,-5.202273030894747,-1.3055660274647867,1.5448714224660842,5.776805535328631,4.188306484445431,4.283623193785302,7.67675777721882,1.6385952207064534,2.5077262128057365,2.782861617630093,1.9933432246523028,6.37149994614659,13.797489324009634,9.16217151239568,8.610700224727603,13.67235376669855,14.774762081249387,18.26631626825915,10.995404231740247,7.742490253619568,6.281562578291825,18.779163908851462,11.0837589900455,11.56905822973799,11.367445912608824,9.65075578489242,11.342072232126887,15.525079052952787,0.9907359769385148,1.7267312183882704,-0.8461750124989967,-4.093899926003453,9.367908730706116,12.214938742657559,9.159982346665336,3.2799829811017958,3.7960002357550464,7.5300199454376155,5.481316655536946,-4.2470549279036485,1.7000717198119752,3.8239777670391994,1.187752807052479,2.664496536070444,16.275178172747793,14.03748981858571,9.75592135630738,12.876741695801002,9.974808840382803
2018-05-03 00:00:00-04:00,14.014482628411235,18.50293226710351,7.591563826788716,7.328770990606454,19.853029290518297,19.69866155682604,4.964872704821411,11.713815472002292,11.789746379429957,11.69217260175851,10.212185433230792,11.10270487639385,1.09340931377813,5.347905124270175,11.635063985579048,3.722099406469577,-5.094007086480753,-0.919368907153135,1.7261630807476185,6.263811195029523,4.202832740583283,4.740987409711307,8.218876116280212,2.060770668342543,2.726771052888387,3.205375107076501,2.441249050717337,6.057593352232483,13.86478261727871,8.731961793966681,8.311872037693618,13.698931275835504,14.730029910225177,18.492633249684623,11.416777551340973,8.113125114215784,6.499068695092088,19.337662950284862,11.19826886172974,11.711366040161636,11.514619844071541,9.767501973321234,11.24357426108812,16.245615232949305,1.0745271305113886,2.1154835221512673,-0.4157408890890073,-3.8696437227723566,9.611392945771959,12.880370038621729,9.556479972382556,3.6265259033657418,4.059856470751488,8.519489697967838,5.8065820382835,-4.354306286935587,2.014682592125464,4.334927147676194,1.3922715447459462,2.933196635952756,16.173958122537595,14.238929872106292,9.738646520330539,12.925130956486687,9.55840371091226
2018-05-04 00:00:00-04:00,8.322821182733263,10.298456476669982,4.475763413279316,3.826284132443724,12.633693041652133,12.461298111849159,4.059061752900131,6.733526097234607,6.728439995062293,6.731704537397982,4.808549988948208,6.498991834397584,-4.452292999329473,-4.380301941853194,0.9950145536900057,-0.4453871495133467,-11.166180031689763,-3.6372077182429976,0.6850195852244956,3.109882504304122,-3.3433761186217197,0.6746113462483514,-0.4648977609540628,-3.1097720347185422,-3.3984029757902925,-2.2943645552633605,-1.515062698732399,1.3256697244991298,5.284834997322394,2.8119685607698153,1.25842863475975,7.423047473374979,8.986248452217119,9.369823510955687,6.862995068162548,5.463259811746856,5.0980974250251085,11.14281219114056,7.091195737087641,7.322650643469192,7.169558551546671,6.11527493428168,7.551484531207419,10.018075907716446,-4.4361743123174415,-3.818086728015889,-4.255808617622289,-7.239483727260031,0.03226470083709169,8.74482876996606,3.4096496576008817,0.2255614170529725,-1.0904159784417207,2.058366319495313,-1.5485864213924931,-7.731444596915694,-1.8793612538484368,-1.2175345349232811,-5.39499437593106,-4.708720304546232,5.449770967541751,6.709130184361626,0.6788160364676417,5.250634162473319,3.6234976996257133
2018-05-07 00:00:00-04:00,2.4082492118322776,1.6808912794155748,1.0581650010072907,-0.19932814972349577,4.562156583563615,5.254357231816899,3.512903388444637,1.8837632216662754,2.0399134706438176,2.170941305486191,-0.6645598179079079,2.246975024572958,-11.932693684708207,-17.323814984851026,-12.477764599903278,-5.6374638664371615,-21.163576493058684,-7.603710878390684,-0.6237544221136286,-0.3946553466377348,-14.130596823484087,-4.347876336663213,-12.121020138059412,-9.336723489007754,-10.975055914979524,-8.726075009585093,-6.1357473910064755,-4.360638353780188,-5.170666508733331,-4.153226010565103,-7.520794940363377,0.4937550681825648,3.133249950394675,-0.6747691914073702,1.8621746053572978,2.8170535567999715,3.9758242019207044,2.0014522975378632,3.72262926708055,3.7253951405301002,3.608812157530524,3.1214950239583197,4.264396263243187,3.466678940535708,-11.39762354484172,-12.009502184101873,-9.756879032071469,-12.526526793534362,-12.496199025016288,4.470070278347963,-4.104298590770465,-4.197727484088743,-7.836418894542236,-5.937600368971087,-10.474071137458672,-12.513120760367931,-6.288509710677748,-7.563489920971121,-13.60453161830569,-14.8935465453332,-7.759498836427228,-1.8633045131441655,-11.279249639292196,-3.7413368605966792,-3.23685839310976
2018-05-08 00:00:00-04:00,7.2714704835942054,8.57293816569245,3.950591286164476,3.189655349044254,10.53964850600434,10.801511031899855,4.124502613162969,5.304206389138566,5.0742670350017285,5.131992321118429,3.0128092886106184,5.109837557192321,-7.109077043697824,-9.135332302057511,-3.7265706963100462,-2.8078275903831145,-16.112073750620404,-5.117747009353816,0.03459829617122054,1.5750576313370261,-8.073109697742764,-1.3903766645397175,-5.075891151574464,-5.3520720248977565,-6.402588729170043,-4.558882549041623,-3.0801132175736687,0.3144304533612284,2.227745702002941,1.7288984460369563,-1.0234764499825284,6.044674401828291,8.290756247676624,6.373616780094831,5.778995286718367,4.988043600751828,4.901139591361963,8.984327474257542,5.985282681344352,6.05586244164504,5.888589217858252,5.068235885098649,7.209582788044682,8.03989472590596,-7.217080242154072,-7.09129745746927,-6.511668130464269,-9.533461855616025,-4.297273224316267,7.212776366331969,0.8941785637830161,-1.5900318296207943,-4.2979360816204,-1.1658227896470374,-5.072457692704311,-9.925416765850086,-3.333843315452409,-3.4947327778654587,-8.581126677733772,-8.841737227672718,1.6177464358190374,4.758099736656352,-3.3416810622371194,2.6709551015338535,2.6235668544677306
2018-05-09 00:00:00-04:00,2.3019459227360946,0.8695986224816412,0.7951594310125375,-0.35672394758465314,5.08250285149949,5.010157893067706,3.826543102005692,1.023042274214465,0.28675014645915287,0.44282196096646864,-2.242674077788087,0.8960604861896946,-14.447820094176922,-20.180896880921583,-15.7113006796781,-8.554807102094514,-25.089729801847778,-8.420805999886138,-1.0542025338221745,-1.395125935743568,-16.87662463518262,-6.034591583512694,-15.12916038033673,-8.919304340018803,-11.850476877496986,-8.299487282184923,-5.893356671217412,-3.9707106172646647,-6.068323722224765,-3.434796984796275,-8.175870528486481,0.4998617616630344,3.3402664999627425,-2.6452812769754965,2.254814719706138,3.0122871842529966,4.194050578484141,2.221996135242106,2.0904847996193188,1.7817685821593727,1.6216696117284657,1.5208487856247388,4.210225322455892,3.536216747191158,-13.678449148537545,-14.033064188630659,-11.420311236152212,-13.85738808366245,-15.075445827173624,4.132986882624117,-5.2711178229215845,-5.612385312166064,-10.837459626899644,-7.35811727019563,-11.428490029234391,-13.695482380972212,-6.009457335338538,-7.395747992591843,-15.237657643237181,-16.685511243033698,-8.95163025588564,-1.6028635842275682,-13.3725431365896,-4.825071218538018,-2.3469474415579197
2018-05-10 00:00:00-04:00,3.6981423919681364,2.760511144238835,1.3280505419228081,0.3534968382914577,6.939334336394701,6.700778185757843,4.011769551795579,1.570647198423599,0.9645821220368366,1.091692370716878,-1.3692532299490425,1.43682521505903,-12.186874570857544,-16.195578559675447,-11.81253103259717,-6.613589650337582,-21.760506226622365,-7.408143281928912,-0.7841071869605096,-0.5300137755590402,-13.827558465675695,-4.3724224324625425,-11.561930388836739,-7.3503984494428245,-9.55875850895113,-6.598173158349386,-4.819988455151634,-2.6023249384102582,-3.4201324617728144,-1.9873754405168467,-5.957710813227775,2.064262032540127,4.667389912653821,-0.23909769782181783,3.345759815651481,3.6821703661129024,4.438121236622559,4.285068402392073,2.4681570118744443,2.2406662459404556,2.0934273057547608,1.8980757888195932,4.332632482870047,4.732514354722801,-11.520288517511196,-11.7278182246008,-9.87440392521249,-12.699310914562917,-11.403561794900943,5.337516553286092,-3.2274883230948017,-4.242761819208567,-8.589336064197491,-5.152243615600564,-8.769462252228909,-12.316925929419982,-4.955269253703431,-5.643074080006035,-12.685241685752667,-13.393016400973853,-5.579599077200384,0.10981941094811447,-10.003774422240076,-2.6793460248156875,-1.0034264568820923
2018-05-11 00:00:00-04:00,3.088324136905678,2.4752898405634904,1.2950445851474075,0.6129916207424138,6.233549590754335,6.045645693518065,3.5525187668019957,1.5610322456354926,1.311086298920011,1.420238818046003,-0.8082008775621139,1.6154267678296192,-11.032522609828995,-14.620113020152827,-10.487167706641959,-6.216977660449766,-19.49273146099878,-6.581956666201729,-0.9177702455010721,-1.1034758208959292,-12.909593584165966,-4.360373796980354,-10.611095623284054,-6.843791042702259,-8.693079377728486,-6.125871913456706,-4.538377099347597,-2.5785329085388615,-3.4399044674456984,-2.1218524010735536,-5.578649646818306,1.65675338048197,4.132750113861872,-0.2670513406514635,3.072736949405795,3.3734795528333357,3.9821583023309195,3.700925871558231,2.6540528025950336,2.5451092734144867,2.4281626954113147,2.1425155840925454,3.9440427002645677,4.274695425361488,-10.008065779923815,-10.506384812603946,-8.524052372794353,-11.133092790434064,-10.396482876012081,4.303713021617392,-3.384843413454777,-4.0693839800506035,-8.360134716839381,-5.292221933721315,-7.920871569435026,-11.169269126684103,-4.668565207353856,-5.4802719208383,-11.62441659383728,-11.74556166126493,-5.461920432452098,-0.4610210699339802,-9.224475486166599,-2.8969193458772313,-1.2998558977474453
2018-05-14 00:00:00-04:00,1.3164065922213155,0.32079249728582937,0.3575387129263812,-0.8335334491311229,2.474533973909427,3.738705822679878,3.311618455642715,0.5699054767587729,0.989041807833802,1.1524667212964474,-1.8120692216672127,1.2328936350137742,-13.603006436475019,-20.657953945289627,-15.618741414795071,-7.539252327653893,-24.111593115296532,-8.398395717879133,-1.2357905476682238,-1.9421644700740068,-17.59124647502578,-5.7371312432196575,-15.215845383474052,-11.769123769299679,-14.00389633139144,-11.246637985108132,-7.814462845975926,-4.540208345804945,-7.62029328084584,-4.531283294058228,-8.937953632138981,-0.5908903835878841,2.3265296232952033,-3.223514590731699,0.876073288076343,2.207653900992487,3.493969838132449,-0.1042103672228246,3.0365517759416827,3.043234292624801,2.949487481918437,2.5495167416509887,3.4293162671485895,1.3075810987274683,-13.358483279883249,-14.529270057922147,-10.60991638707755,-13.478481794549865,-15.536076470184568,2.6438554806420216,-5.815590645975077,-5.362278775859761,-10.3559678933122,-8.729601441730352,-14.11152411173474,-14.466756191756271,-7.956741236167078,-10.079409847425213,-16.604172368862674,-18.189288940637265,-10.671151848772201,-3.516490193360701,-13.88623825171897,-6.055419400558269,-3.6992106829914415
2018-05-15 00:00:00-04:00,5.637739221142618,6.428504863531081,2.745687420348851,1.3769860000153402,7.558547586527592,8.403550585041442,3.845995996451986,3.4347145458443253,3.7766560093333594,3.8997510011044265,1.5813760471112457,3.844400270244622,-8.004468526492392,-12.014799827834644,-6.322783559412909,-3.8164493027092488,-17.642607741382896,-5.8312667585514575,-0.23671295999543482,0.823018228819267,-9.531758456463486,-2.483414695815978,-8.116319721773767,-7.774532301613373,-9.062744851589393,-7.077086299867558,-5.201337571134199,-0.5310326098199274,-0.43202536596141133,0.49788168448009573,-3.145188232866073,4.515042337319979,6.55656804260317,3.783453685671304,3.5915884313449102,3.6499180073443585,4.210034840688325,6.174040720557776,5.4677416616014,5.585616466359739,5.449093277173505,4.669929310896703,6.023693796369445,5.717586223115838,-8.682004419851472,-9.129974757059658,-7.420662626169984,-10.308534122475603,-7.048986311049398,6.131797203822227,-0.6283573225025302,-2.552723318617193,-5.614062740135224,-3.663068061086582,-8.357244034993224,-11.444727469132435,-5.238209860805905,-5.817014067041235,-11.153812248808428,-11.892741500020925,-1.5061633097283291,2.4813196783900913,-6.067440369630091,0.29245035946997494,1.3476937452197655
2018-05-16 00:00:00-04:00,1.9122120857988758,0.7639788860234032,0.48726646208886054,-1.2354833358138513,3.568089033541776,4.2441311203120735,3.5165125448701713,0.33829752611979785,0.4573636063213289,0.6454255092988297,-2.09569140914171,0.8750155597300031,-12.994121620382861,-19.870557402743916,-14.448764249408198,-7.440101197139974,-23.19273322601126,-7.9672934632460475,-0.8198921037304154,-0.7957311808068077,-14.976025693363221,-5.344750182844893,-14.660324743439153,-10.890680242666868,-13.45250750842111,-10.480473407442885,-7.536709308346878,-3.9955099499049744,-6.466171184097614,-3.7459093715861753,-8.585487035164705,0.6025901496092694,2.6791184521772244,-2.299034460597778,0.8959767965415016,2.1226640412686137,3.6730556693776544,1.2100423099605702,2.7424012112869582,2.632915887500528,2.5130172043003633,2.216143070418506,3.6677091498549013,2.4974361508100453,-13.280844158324918,-13.569640628176884,-10.561365416702632,-12.947245565191686,-14.587082819951135,4.177150572856725,-4.609162576984297,-5.00928354893631,-9.634420569475148,-7.609860774779666,-13.469361399750522,-14.219825224552265,-7.577887924113653,-9.11489289003309,-16.26296648804419,-17.806479694405283,-9.246282902483522,-2.132030507031117,-13.162444785164112,-4.977016677193248,-2.7986337156629113
2018-05-17 00:00:00-04:00,0.5936055266907247,-1.0065878156687784,-0.16846681457078583,-1.9053411761171328,2.134107563328031,2.8475772115145324,3.335632243207068,-0.33666184516591513,-0.22464996399938056,-0.02389618816200444,-2.775119447240505,0.2512191323435355,-13.883565424162946,-22.60387792033347,-16.596361335846744,-8.40777685646312,-24.260451100612958,-8.270996346842237,-1.0503939988648252,-1.65447820664081,-16.24361934192663,-6.814868678606937,-16.873534672930198,-13.41096719123808,-15.849728859885701,-13.126291634045304,-9.07958202054254,-4.981538472269541,-8.11838663990848,-4.923324130225633,-9.718300862813647,-0.7523419199875183,1.3721314356749899,-3.914955113465655,0.15707547991368997,1.6363515973661964,3.437637346538515,-0.4628101665019001,2.1786551125612803,2.0329548290999697,1.9197935802052708,1.7166580484367702,3.074887181517975,0.9947721922768041,-14.420779671123325,-14.517980662469395,-11.301707642133394,-13.10078533340484,-16.673119731409816,3.0114911545373353,-6.342950059459987,-6.180065829968881,-11.084398497595261,-9.827662239140873,-16.25371626801433,-15.648028150010013,-9.278197514600281,-11.753428636586095,-18.584299128407913,-20.580709696257536,-11.239824584333917,-3.6439422015231107,-15.192106777056816,-6.374940843695192,-3.9520867373001654
2018-05-18 00:00:00-04:00,1.6675351837055066,0.5792432215297229,0.619714163266299,-1.1364219015501102,2.9699216761762104,3.463489224067761,3.11965873228083,-0.32526950926529025,-0.10405976935360019,0.07283625588082732,-2.3994453304558605,0.273864364237555,-11.432737496667514,-18.91657535116513,-13.183638116358043,-6.163522611261031,-20.452698418012897,-6.974994946870462,-0.43838239269952206,-0.2889377962412187,-12.784587057024249,-4.788338802401529,-13.229707040279001,-12.113120104835534,-14.043192811430586,-11.83371014451498,-8.212377575130546,-4.0394260492894905,-6.107893882636449,-4.017772963508033,-8.15347010889285,0.6059648186579397,2.160629858341881,-1.9674069743085731,0.5075193521642603,1.847031465548685,3.2006156688489087,0.7629575521875949,2.0310884960847866,1.9374719564977958,1.8448508024503378,1.6319580575653345,2.8449755151897698,1.2500144450922408,-12.58781231480249,-12.228150719064056,-9.628698523918109,-11.535355763836279,-13.440813850923233,3.9706341259430005,-4.102997569336142,-4.3758896995836665,-8.447063360140678,-7.223931416230612,-14.349521435396094,-14.067229342724621,-8.421590379993958,-10.380324458063514,-16.34282123480237,-18.067171232589477,-8.662034762042508,-2.2520786967385034,-12.117547576507885,-4.551545029647874,-3.2330433608273337
2018-05-21 00:00:00-04:00,-2.8652579403663707,-5.948485857506728,-1.5522923034513387,-3.2974853309745025,-2.5463084791245443,-1.5658911512537306,2.858030969180878,-4.640509957481566,-3.8733378726704983,-3.6242092528351666,-7.506999050036534,-3.350134784036659,-19.79104975459861,-30.801726151176823,-26.035663923052468,-10.597388745633102,-30.210095086331606,-11.304119946994076,-1.497735274927471,-3.4219220796716865,-23.62257158816199,-8.50233086712037,-22.355771908339825,-17.35323011011152,-20.567225419947622,-17.22385019382113,-11.853114901981682,-9.550686750884154,-15.71093828593758,-11.101386584223487,-16.520164568937002,-4.9066317694183095,-2.239987636036755,-10.219793955353822,-2.688439155436571,0.6240983325111321,2.6436610940066934,-6.84646515859098,-0.9978344174562621,-1.1430121650311547,-1.1558149074399284,-0.9447324495728164,-0.5301189648904747,-4.105074493261504,-19.503564989303158,-20.17135796951309,-14.616087521807286,-16.989504828187705,-25.399183975242998,0.5345333157164023,-10.097489643381325,-7.437651885316863,-14.74252934504863,-13.260564293520565,-21.82311368931892,-18.565040953590287,-12.074747583672632,-15.856729693615591,-24.130216125810005,-26.636903109375805,-21.02785713793464,-10.137090355564155,-22.52003051117356,-12.969944155656783,-10.458056266858327
2018-05-22 00:00:00-04:00,-1.1725658754760018,-3.306834016998691,-0.640617935303223,-1.9947516161523775,-0.43337887566470634,0.43011979764502145,2.8305187579094904,-2.2477360370777415,-1.6478139953029012,-1.4571636034998217,-4.750555361181809,-1.2982047287688054,-16.186824121633247,-24.485521508102188,-20.075256201772422,-8.380945244138099,-25.036140874768385,-9.369069457426928,-1.226854011824642,-2.525537683127528,-19.440304981465736,-6.4003487109870925,-17.611997971172194,-13.871240423847915,-16.42981485692672,-13.59537107683747,-9.419821455121202,-7.6371670911972,-11.847484188079527,-8.632066575734953,-13.02691195827619,-3.4123144912829133,-0.5025347537599,-7.083047624148046,-1.1816574180658055,1.2959838058436124,2.846063555008129,-3.891291840583149,0.6175042978554898,0.5557680273721401,0.5174602580753488,0.471270982935628,0.961602463815874,-1.599026344686689,-15.760525067277792,-16.55507437612468,-11.830007133420075,-14.212040950298851,-19.590456400611206,1.4904433723737873,-7.708754417319792,-5.747594947481706,-11.562654745663952,-9.983257909362948,-17.054513732967898,-15.658689016348044,-9.651460137411645,-12.346393677537714,-19.487559794585962,-21.057391411333878,-16.142465074885976,-7.469835022635715,-17.62616688541317,-9.754302469356194,-7.973030543593581
2018-05-23 00:00:00-04:00,-1.1875678501631022,-3.2163338407198667,-0.5805693475112325,-2.1423951289433383,-1.5423268980755884,-0.02655544438576377,2.82376088050351,-1.715247250103809,-1.2006794019131355,-0.986320943419998,-4.558459188346979,-0.781089513740676,-17.15980038170876,-27.18627460440809,-22.13175219147492,-9.211843678008684,-27.590279406934027,-10.3227613858202,-1.421685243616648,-2.88664472454516,-21.273733636358333,-7.152917569991933,-19.74105751903512,-16.12734594537671,-19.107626486272377,-16.002508913143238,-10.859858536643667,-7.613295995778474,-12.663455222433928,-8.307575610598821,-13.475442102321322,-3.7987130166926133,-0.34141011496468965,-7.811653518161448,-1.7123906744846735,0.95971960152176,2.711352014491599,-4.651213600459768,1.3608782726358948,1.273178229532004,1.2035026751915432,1.0747717275407747,1.8997952827702742,-2.0626711711819747,-17.688285108781827,-18.602386930005906,-13.140547208405485,-15.14492532473522,-21.345745362732433,0.8973721398009026,-8.684660827060696,-6.52972278624006,-12.607189679577338,-11.242597650790046,-20.181724917729753,-17.459582154086917,-11.167457541270334,-14.382634377726044,-22.0977360027913,-24.683821170672694,-17.138634676488874,-7.620895392363431,-19.071597811754998,-10.235787716676084,-7.516096017115173
2018-05-24 00:00:00-04:00,-4.691322968059292,-8.32681157274217,-2.4478287235867224,-4.907373072542391,-4.436995789000453,-3.3262222308965974,2.692275547781024,-2.913809305401554,-2.378800654461091,-2.112273911322856,-5.874535092282512,-1.793050427214799,-20.51122501191327,-33.48488756145935,-27.214443124341447,-11.686692473840427,-30.549523435811366,-11.022078307085028,-1.2680603558093433,-2.90143200242287,-23.446233102802534,-9.500778759255981,-25.139585373209396,-18.781963047089373,-22.411578061979235,-18.766448858574275,-12.923218123501044,-12.157136009668049,-17.684845644043676,-13.533888671374395,-19.139366565242494,-7.418156643839379,-4.450432940700001,-11.723373032155346,-4.421965233480252,-0.4695557445644633,2.537454055479942,-8.236955934235441,0.7524123042687134,0.5854360390430595,0.5107751133422478,0.5056059530151737,0.8679440972682031,-3.311528679664213,-20.27273525813795,-20.7862289149249,-14.900711692927523,-16.092262539689028,-26.87327361963234,0.7860987889248041,-11.804778358671252,-8.456225094478597,-14.807349820301525,-14.179261270294928,-23.82201902477234,-19.763977834892685,-13.19502405987209,-17.103668605265575,-25.78387781941943,-29.168865811500087,-23.811434826011325,-11.636229950557045,-25.474313646269014,-14.214172516115859,-12.448424953724333
2018-05-25 00:00:00-04:00,-9.277664413246102,-15.072828149907895,-5.0332220459451635,-8.225427365974362,-10.71761697587239,-9.536375653565868,1.8797370147137047,-7.433277536218569,-6.94455808115739,-6.579527922402287,-10.61202614701399,-5.935465475151803,-24.44235497330911,-40.86932987970636,-35.43505590711564,-14.536061278828676,-34.89562484308325,-12.871476688412985,-1.7406883185349753,-4.486006419336299,-28.32964826453922,-12.249201309169335,-31.890778307359746,-22.139869942522925,-26.7162995455203,-22.448796640759184,-15.741920964411674,-16.06986475363573,-24.60799862876102,-18.470026593179245,-25.172172931002855,-12.132382184490623,-9.375348004926096,-18.83748564263921,-8.749082291199093,-2.973706530766818,1.1755368685060175,-15.001804940354708,-2.8595078871488573,-3.279921615154835,-3.3179452211346145,-2.7106057068985354,-2.398558448399338,-8.410958581276551,-24.365666307799938,-24.976842551165525,-17.908707761950524,-18.609084031560016,-34.48717114628626,-1.9018184436618721,-16.08623979191984,-10.77455747086824,-18.15920937657565,-18.583802587951237,-29.235865063293424,-21.771238920990925,-15.790559372768168,-20.702570013313526,-30.39663258065246,-35.11368214637863,-32.46646569940584,-17.416522031400348,-32.84731105036794,-20.125991174411723,-17.397633581620607
2018-05-28 00:00:00-04:00,-14.370462959389403,-22.081467820449404,-7.978128939713283,-11.356855390350233,-18.23443154109814,-15.88618016455297,1.0910319870122587,-12.158449445626834,-11.112069001265173,-10.656847150514512,-16.07784624209157,-9.902205205150379,-31.74569772012137,-52.36281046857387,-48.91750772701138,-19.064218062525796,-44.35291543922404,-17.36137747395307,-2.9357888815574977,-8.16956347718323,-38.82171893937941,-16.498523247851995,-41.68116532365493,-27.36223026381228,-33.17939340972738,-27.990071366006536,-19.371769459848693,-19.774820528871636,-33.76653709241767,-23.42827540906039,-31.746101776975653,-17.892964860889215,-14.358241114908944,-27.839867426017765,-12.680130506452253,-5.28552092243147,-0.10103249803359725,-24.05089483850642,-6.0897123164673195,-6.587523492785012,-6.54725937754282,-5.47528661829933,-6.134619100070267,-15.449689479651823,-30.99751576224898,-33.15343638267696,-23.077528923650984,-23.700694750508003,-46.55788749471089,-7.041980314718484,-22.339755978436116,-14.320714045991863,-24.35352957258729,-25.850753292141203,-37.073949726248394,-25.21218985217086,-19.261996890573972,-26.36813158215959,-37.62597430971621,-44.08123179520627,-43.69443056525592,-24.80046838844127,-42.459283653609894,-28.117459061432548,-22.520353240441214
2018-05-29 00:00:00-04:00,-11.65218960967857,-17.609542079108692,-6.618117053584408,-10.572993157336587,-16.77195262597972,-13.759331367579058,0.9568573344657724,-10.329596911739628,-8.965064195491594,-8.49575028319336,-13.657393199238523,-7.895068223967345,-27.323107929503525,-49.64112549339714,-44.04527804919597,-17.121978866865785,-42.13295495905985,-16.10304644840848,-2.4057590725385096,-6.871672523685449,-34.75098993776241,-15.43581314025273,-38.933395789401864,-30.363607059703543,-35.541886904258746,-31.24097489864626,-21.355060475582512,-15.226604274454548,-28.938570417649785,-17.7642423430692,-26.66990109457738,-14.217709050013887,-11.5927359519994,-23.667631878807352,-11.773178673983614,-5.523388943211714,-0.26228695309320393,-21.063567519070876,-3.6370390144597535,-3.989649583916573,-3.9824671692636002,-3.311435628326071,-4.002785928061354,-14.835386336181305,-30.19115668353881,-31.690908133716846,-21.744617189091944,-22.34662204930194,-42.092205667332294,-6.270700998905148,-19.589104185627367,-13.402862314122231,-22.201602803964334,-25.247436969855787,-39.8179631312024,-26.440000289816055,-21.4112477338084,-28.93002724997607,-39.00718441751593,-46.03604681559272,-36.97864021614547,-20.23648636079197,-37.484957828763186,-23.772308000673664,-16.8694477611236
2018-05-30 00:00:00-04:00,-7.695590008463169,-11.894709972256965,-4.006177380825963,-8.346876082525318,-12.803862422970187,-9.90041669471427,1.3900053521091906,-7.203687409282348,-5.9824725731868895,-5.537558015448388,-10.528712589692432,-5.035087200132112,-23.41864253149653,-44.86870231188614,-37.62044894606691,-14.02414673464799,-39.075205779638125,-14.76182069451486,-1.3816088798592514,-4.151163346612222,-29.722796403167592,-12.78825483988792,-33.799388869163046,-30.081412621628466,-34.57243073418696,-30.951157536808754,-21.046088699073533,-12.266875934029766,-23.238164563829024,-13.74864943868282,-22.36306534231054,-9.888340089987361,-7.711191769212348,-17.607940255361214,-9.762015208795459,-4.3765194677083,0.32105898730924143,-16.002457922646833,-0.8178225485805241,-1.0826319088967409,-1.137599927683332,-0.8833661383726268,-0.8207899224341446,-11.369203687563749,-28.440929278958055,-28.882641008509168,-20.176700148787095,-21.314363371779283,-36.12115755829688,-3.146367806878516,-15.479154039706724,-11.144060095904122,-18.380731894359034,-21.43089776864742,-38.53105587525688,-26.177783955336164,-21.260813237756324,-28.109167270293224,-37.625357580433416,-44.631610284626625,-29.815342285591335,-15.083016547297442,-31.678975601557052,-18.40761805508121,-12.750370230493264
2018-05-31 00:00:00-04:00,-2.1906034927006766,-4.3117781948666405,-1.0676187729451452,-4.440205746688017,-4.7543390937342025,-2.5315811908445545,2.2980399356204293,-2.8164363928629275,-1.9787262054915402,-1.6573188539097503,-5.747668646389531,-1.3638072422025833,-16.899664757778442,-31.93139450109847,-24.984388323444907,-9.1294463734516,-30.117234669227685,-11.45571514605137,-0.6690563688985975,-1.5104364375571042,-20.72035855063629,-8.281809089127906,-22.97174005624033,-22.25659351201706,-25.180171695315025,-22.636125742335068,-15.361832905917861,-7.682346600319926,-13.733504773895417,-8.108943120266273,-14.498281118685908,-3.8363902793734947,-1.9704568047820716,-8.329891679133048,-4.579459144217376,-1.314427118033595,1.885163146643555,-7.175444133701328,1.8604380127160527,1.7397014187390496,1.644191793230194,1.4686751180336635,2.158872430692575,-4.6758575757235,-20.96589539014746,-20.91058334984401,-15.426249504648169,-17.10418641258359,-24.342935639022713,0.8978543216221537,-9.106142253848654,-7.390016290138699,-12.367625259888552,-14.04156516894943,-27.370887853672837,-20.58324654640627,-15.592908234858827,-20.128876049046013,-27.699742843570704,-32.53615291933313,-18.00429773824555,-7.714596538717878,-21.04870953406802,-10.274302551881876,-7.1510522815653115
2018-06-01 00:00:00-04:00,-1.2737400089833764,-2.9986141625145777,-0.6187496481014078,-3.7847001508944675,-3.2034508629719527,-1.3453445835841882,2.381200225029333,-2.2923829084757363,-1.5544897988122157,-1.2481748171950244,-5.182664257795815,-0.9614377497992425,-15.587555505389336,-28.63088992653759,-22.403644142633663,-8.376401066116374,-27.806073759285535,-11.053427813512279,-0.6817325502249235,-1.3731059238627834,-18.358542780329483,-7.544177245668026,-20.607290894414945,-19.876842347822734,-22.437115717442556,-20.06657401301623,-13.902141780121788,-6.37744108724248,-11.581124223390704,-6.529784930571351,-12.559083637272627,-2.573821742770676,-0.9088010314881106,-6.66507308502926,-3.6629603020431825,-0.9137636264154876,2.062288467953341,-5.552057091959354,2.113980745322373,1.9949662458424708,1.8919841017161951,1.6824226165069716,2.593105148854941,-3.4064053375394194,-19.276022197105018,-19.431876962356288,-14.492323915059107,-16.129175662292536,-21.786212607109235,1.4263034261097394,-7.784102268219859,-6.7072392603522974,-11.258328367689534,-12.931389957562024,-24.161567578603652,-18.832993908144996,-13.994908105374112,-17.896193963985123,-25.133743258326735,-28.934288619008854,-15.21661361719754,-6.214751151747201,-18.422097875150946,-8.659026274229465,-5.598799813191004
2018-06-04 00:00:00-04:00,-3.1523385269425703,-5.555762417440548,-1.6170199861432883,-5.033645565895403,-6.483473476289461,-3.52262799111243,2.4178616725141984,-3.253246513770454,-2.0797201824782334,-1.7175753775199547,-6.482321247434602,-1.4635188708227769,-19.58881969932589,-34.48786433956192,-28.593026711877137,-10.631455755170894,-33.80029610454221,-13.547997586703545,-1.395872174560446,-2.8500062683175025,-24.239547630229783,-9.559206858243272,-26.09670044205869,-21.395213252295605,-24.856409415203558,-21.558704473533307,-15.228843704361562,-9.024060305797239,-16.31149052752409,-9.646579703263617,-16.80673060828637,-5.223685409980071,-2.552938958679893,-10.277027951242044,-5.736645970276053,-1.6919301086627243,1.7589260481989093,-9.196181479050473,2.2775016186124795,2.205717589201761,2.1119823791710743,1.8547725460375664,2.280053392800971,-4.941110167783252,-22.2508688350437,-23.779739133663842,-17.421688040817696,-19.164270109383423,-27.81794161368107,-0.020641518857732934,-11.127007742497263,-8.65054120096481,-14.509782729919701,-15.863947828585221,-27.056166381696528,-20.616992531331913,-15.048157441291538,-19.324368533995,-28.043926069297452,-33.13159667317608,-21.36785203655811,-9.835126389053135,-24.197886139126357,-12.599668424000054,-8.626474320341504
2018-06-05 00:00:00-04:00,3.288342781008057,3.6460647699030906,2.253158841819732,-0.642560220625908,1.491980049173073,3.5624924170226864,2.967231160422438,0.7686740521967872,1.717753314833422,1.972867973928767,-1.6613483603981094,2.000672024887352,-11.820131740382777,-21.675948465361934,-14.966038055212634,-5.453606215503818,-24.444292821891068,-9.280944057071109,-0.07874882290274288,0.6970367972660686,-14.330421952065644,-4.170161267600134,-14.537382986928943,-16.042287104983874,-18.348790935634707,-15.908921721500247,-11.295228573553679,-2.992639371890166,-6.0695101762961405,-2.3346435029007493,-8.244493558134083,2.2094502400945166,3.91778432158924,-0.5504392644586782,-0.8601175754137055,0.9809484402913913,2.77372723752505,0.21429312324875385,4.953508148987488,5.045777190136452,4.917665357544969,4.219869033057997,5.39598407622371,0.7134313988143137,-15.820238886118197,-16.16110417578693,-11.783659463780403,-14.402600193447647,-15.13797921303323,4.316567541393665,-3.2660649529006416,-3.9044763181354174,-7.9646582486888535,-8.014694806306435,-19.32574418702955,-16.76969430572875,-11.275071313610429,-13.697737824062067,-20.66089896914818,-23.706261252799486,-8.424158682108484,-1.1685453537896453,-12.286804184752986,-3.823144377675867,-1.5009331565944202
2018-06-06 00:00:00-04:00,9.69261730220441,12.485869677905113,5.532765896970394,3.375307520467433,10.488963124133901,11.782526264742978,3.994809572499886,5.7949623965796935,6.405977209891064,6.53594700312406,3.9951787652601194,6.3138803048916445,-4.157899547785132,-7.512051348648932,-0.3485735119816772,-0.06580125308748948,-14.534095043026031,-5.2171195609230905,0.9506947761542645,4.188017629647604,-3.8109304188275903,1.115566384793446,-2.5375546627498267,-8.24090044187509,-9.03740079007545,-7.609241291998249,-5.702387269080173,2.5548873079462595,4.82482531129165,4.510902892343308,0.5753169869522025,9.354387228328928,10.428344161986582,9.962816602954911,4.623381733099374,4.170183714543981,4.395608018910094,10.41529606835367,8.334428349734976,8.607760976978382,8.428224849872532,7.188380041275534,8.946569553520987,8.307979244128376,-7.897051108161881,-7.448042722268699,-6.221944204096229,-9.60302180966958,-1.6500333175878283,9.406961756485167,4.352187459403821,0.48056970688892325,-1.0071872909423825,0.43192112408640215,-8.24562900831916,-11.460510803326379,-5.728455192138574,-5.5230253855621525,-10.63237895179274,-11.439884224620679,5.146792667592741,7.594488663635024,-0.25727886802597705,5.491372337066169,5.33754499257996
2018-06-07 00:00:00-04:00,12.51959493761789,16.33236591450428,6.802660739101991,5.182990825015851,14.352722746737037,15.366025826766364,4.327962778351259,7.729597702746506,8.169847992373084,8.225759927063622,6.230725546158268,7.882650625591096,-0.45391549398139985,-0.8746794240348544,6.318868669176545,2.7130913840438655,-9.534927795343672,-3.1753458737509597,1.4466301526592178,5.785027863441547,0.8856818665729985,3.9060787726888293,3.5459164397439222,-5.193293191319255,-5.156412182980276,-4.341475303540952,-3.254456290782947,5.391915627206845,9.8597467150151,7.804042525477457,4.993512256850618,12.471356935966982,13.221780730530694,14.492152825206649,7.259197002666587,5.647357681463636,4.99782065632333,14.766068442458907,9.279064314259248,9.6317099598928,9.446566285721213,8.039271421897258,9.890970893818439,10.902278613199888,-4.354343753447177,-3.4669016503508874,-3.4133703383731198,-7.257523872047807,4.7222183560429185,11.379036345971139,8.03047117904572,2.770723919862551,2.508395200739662,4.430608983495709,-3.6741054597067366,-9.156895223623437,-3.429071876005181,-2.2420344730346695,-6.125030202840146,-6.026084941676285,11.482656398606755,11.588653945822449,5.660960089757484,9.763390931245796,8.534069661456764
2018-06-08 00:00:00-04:00,3.672304297204811,3.8038821393875857,1.4810305329097389,-0.8380193187100977,3.961649347994847,5.419416296337352,3.1686842113051705,1.227009747389249,1.9369649916057374,2.1366850115917715,-0.8459313228626401,2.14766300243612,-9.655453898580664,-17.175760321775144,-10.665208988891598,-4.403066462022517,-20.116190754850255,-7.638810778003612,-0.15660058864295048,1.1391063608306367,-10.463454492602523,-3.2262656079514973,-10.984991981689571,-12.9521430273815,-14.610809862070237,-12.617820306941455,-9.062773815666244,-1.5867904616050263,-3.184110188937986,-0.917007684661626,-5.701290309127827,3.175223037422271,4.203057038482936,1.260609624065277,0.7409610371424896,1.622675340226822,3.300216890196059,2.568615448200465,4.495169302838651,4.579636385603267,4.463602831930535,3.8299625682508225,4.676871590700957,2.4775325648007556,-12.745440314438348,-12.733939631505002,-9.791441799341495,-12.07645409605481,-11.194210065772978,5.366953542305381,-1.8199282619319908,-3.3081370581555953,-6.3194421509169185,-6.003805559269775,-14.82863132370584,-14.51152742478007,-9.124462007990914,-10.577948331311639,-16.620967052024998,-18.558855187434965,-4.798527730821729,0.6464151769459097,-9.20716133071305,-1.7784938131757553,-0.10369804318355323
2018-06-11 00:00:00-04:00,-3.2304971842474632,-5.901954461988051,-2.073940677630745,-5.071838975134261,-4.325786037575719,-1.452507420973842,2.9957810089764023,-2.336175889774499,-1.2146410197090858,-0.8739709853307532,-5.691874185503023,-0.6668159158151178,-21.07905361796136,-35.38945715396726,-29.277163113674426,-11.922049945791674,-35.398738116207284,-13.858360530653052,-1.8712263793503066,-3.303642513607241,-24.700060853953303,-10.920949695623484,-27.47240317198537,-18.979991430123825,-22.795155330494733,-18.915779884002948,-13.50999429090692,-9.587402771323417,-16.481317904997066,-10.234994930711197,-17.35764805443834,-5.061640634432947,-2.379259047826848,-9.776474173717062,-4.2657488970453326,-0.9009183071398718,2.9722773600946293,-7.772183210880353,2.9218031175881594,2.8847567411513273,2.7812924881035297,2.4206550951803787,2.6709260346821324,-2.7540657658894325,-21.551161416485908,-23.471871759438862,-18.190409714558303,-18.869470476129578,-29.10953195439759,0.5670487743611348,-12.313321635351231,-10.023399450952454,-16.500143430035,-16.067710148393736,-24.032074587720576,-19.929978340331655,-13.22370754127976,-17.026337860451346,-26.397452491217713,-31.3818889485429,-21.884355556937287,-9.674003110848671,-25.995336017223302,-12.842007733142138,-9.066250203923959
2018-06-12 00:00:00-04:00,7.554442064815244,9.549674554330275,4.123222636141299,2.023862459322855,8.531049295112757,10.399453718216622,4.003329868584217,5.466977175765669,6.146353681170852,6.300428390155944,3.3497940225381106,6.102609234887471,-6.742939372126813,-12.136547905967955,-4.968180111585088,-2.067618441873916,-18.14886966454198,-6.816516312076363,0.18275081078448302,2.474068030998413,-7.029946761200034,-1.8388225388035853,-7.244511405491493,-9.496177824264636,-10.426828105450372,-8.908835106192502,-6.49819145032511,0.6671671828319393,1.8471587911026972,2.388834007822671,-1.6435305484341556,6.907026324560961,8.518158161486095,7.406103593407539,3.748946564234546,3.5448898989282336,4.5749075896314535,7.850699056588455,8.35795914253694,8.619766770992403,8.435973327598221,7.199477996949983,8.62914466597502,7.33681104041491,-9.29481759977377,-9.549110171739715,-8.646965577409862,-10.789716578526896,-6.183906153153093,7.676850215972156,0.6699881528642174,-2.20892146886213,-4.147065739876475,-2.881218648086964,-9.663004389231462,-12.285780321462767,-6.458152250134714,-6.962244574598798,-12.291590158976247,-14.215714803544035,1.3949512666843946,4.985620022772028,-4.708165591982934,2.9985064638201684,3.3830937717568874
2018-06-13 00:00:00-04:00,10.314202181410312,13.19340818178654,5.411430651356196,3.5171621086192877,12.524515611834186,13.608070126051645,4.3475252858,7.090384157124155,7.393680369849464,7.494708284480948,5.316237194472825,7.289585483420248,-2.539093957172018,-4.708192539221418,2.3416444398124963,0.5065540671021498,-12.509520093580798,-4.41316967468994,0.8567959385579231,4.243668847960381,-1.4240092423863435,0.831197933281118,-1.145568970116475,-5.773678632474147,-5.9114895716205735,-5.030061336800581,-3.84740134176169,3.651866949208615,7.264018260092169,5.991813555836526,2.9655949523756835,10.237084712193697,11.147003217512589,11.977565178694581,6.145625662527695,4.7712873361358445,5.117783768852664,12.461316751305585,8.99091881616944,9.243760910375803,9.037266958261954,7.723169246434479,9.669256731968593,10.256844558008073,-5.333129637831531,-4.803454886821104,-5.5098469866591095,-8.353450026664989,0.8017330268556045,9.945412493681813,4.761886289569279,0.15569472726306915,-0.30704431436852575,1.028852894246821,-4.4444292089009725,-9.437830328467554,-3.8338919786513475,-3.204278479131091,-7.352697879900153,-7.92802063694616,8.310693977176594,9.278915835715567,1.7095300282012864,7.581555063502339,6.966373990603774
2018-06-14 00:00:00-04:00,7.7173214325145105,9.553915060751155,4.15090309534706,2.2583780458108205,9.569477629993363,10.799058690808303,4.13922151223337,5.627242737155923,5.9839343489300445,6.112940653645313,3.725316793837823,5.983427679122777,-5.560878653677746,-9.53441102192931,-2.6981208782857613,-1.8109672928897989,-15.648184656697493,-5.479711993256065,0.3331140926291319,2.5232452515752604,-5.641022699512467,-1.3233787304849247,-5.727956156508603,-7.774520293366453,-8.437370096929534,-7.189288077985038,-5.191033608958872,0.8641695506546814,2.8070658980697103,2.624685726319881,-0.7223492659703564,7.0053945898590415,8.594862135115134,7.855233105643894,4.53810626634509,4.002489249305976,4.801126223836871,8.895003250772596,7.853677622833301,8.047683517241497,7.859117965711594,6.726197159942664,8.44366499718719,8.05659641188278,-7.4245800567545555,-7.248542547178032,-6.961984464867153,-9.48326538536487,-3.962305346404589,7.920280026788311,1.5362764874871204,-1.589651940854764,-3.1414944079058205,-2.083588495763002,-7.420628734438683,-10.927370967957541,-5.203073617472501,-5.500610487777378,-10.18753764172308,-11.129371735905574,2.6263388041515516,5.440072182593987,-3.100142168578837,3.718057676339558,3.6446207233908887
2018-06-15 00:00:00-04:00,4.201548428328346,4.593430579680494,1.997271174337007,-0.18479766291477723,5.748750691543037,6.927379438221207,3.582348105230246,3.47465635003805,3.920275277291736,4.081641530241284,1.2859801983200907,4.046538164950083,-9.096887735797088,-14.959779183318888,-8.7380514042227,-4.246874534692679,-18.68972181011871,-6.880854290201753,0.066930378549656,1.4397730804711744,-9.134656454616245,-3.2403504284622215,-10.19205500164587,-9.756307820452678,-11.204720233463748,-9.372300582789217,-6.6709535236574515,-1.9944825597451523,-1.9757794590544937,-0.9879216580437512,-4.88541072889326,3.348228995472275,4.720312802541202,2.9640716880619453,2.0277903248407,2.449080143749053,4.038276101864977,4.243679301371322,6.08719454248174,6.204974015872568,6.048881739184682,5.188936725522404,6.241226941707733,5.220699286062637,-10.355643394920184,-10.33886936467909,-8.780330294031334,-10.824963727354762,-9.54369797921116,6.083075576955258,-1.41656225058745,-3.18036062721564,-5.515186676317338,-4.922361141201129,-10.79953085367279,-12.300618644841888,-6.67991430909639,-7.738925984865128,-13.384856669987567,-14.943994211857893,-3.425002001964675,1.5012248166522844,-8.179012051784344,-0.47659344156027755,0.05881682171636845
2018-06-18 00:00:00-04:00,-7.668566683797416,-12.148755290756316,-4.55008390610865,-8.15341514219563,-8.958625471014685,-6.344380136351719,2.6221678085688724,-4.6238015659262075,-3.3819414587526864,-2.996811199355,-8.355806066844988,-2.6831167724598104,-25.392518458418703,-41.09231643610956,-36.62036201585024,-15.062039894729057,-38.69303440859638,-15.497812505113659,-1.950885413361743,-5.00975050289647,-29.38534084605674,-13.588678900004096,-33.486013551007794,-20.238083115499936,-24.58512357705878,-20.48250588125561,-14.425916568207738,-13.663146923029476,-22.61463753673077,-15.181839169133541,-22.349297629009314,-10.133564652063205,-7.367918463636758,-15.756200461704177,-7.039266968435272,-2.5388997396692212,2.360378036467683,-13.745661187886668,1.1947954343607796,1.0759211584513395,1.0019765487751269,0.9122840330501539,0.35139444690722826,-5.925844946508394,-23.855214322076804,-26.138610447952363,-19.8142831881449,-20.764275142898367,-35.74212899306248,-2.019569467868245,-15.786595612723952,-11.816760171935327,-18.83987924030055,-20.41380853028855,-26.467447277702487,-20.311442952985026,-13.993688380101768,-19.078305865357233,-28.940731371152008,-33.972316258250025,-29.444190383644877,-15.137165395847566,-31.79129957002401,-17.981744342615862,-13.858632484308869
2018-06-19 00:00:00-04:00,-10.297897055480144,-15.713855102423967,-6.180363826683482,-10.507573294720487,-12.114260994215185,-9.532635193524179,2.182642294624737,-5.94952774451243,-4.602668319314036,-4.1608312469146185,-9.86765518115568,-3.7510702622425334,-27.619906336044476,-45.943287447228144,-41.22156367231825,-17.087694439588624,-41.650545329909086,-16.717083059261924,-2.0568411500644195,-5.611098746953417,-31.31698229477797,-15.831974223449652,-37.848949374250445,-22.64596433953772,-27.531115933879114,-23.06089231673858,-16.441496813305168,-15.397933460011982,-25.724026653236326,-17.165421316848196,-25.174727165869268,-12.532141042346376,-10.299872804649091,-19.040310990065937,-9.524411458848073,-4.236386941554667,1.6218862383366326,-17.17969856105977,0.6049050849428143,0.42322660949037394,0.34873455583498986,0.3710039925489429,-0.5777991386264426,-7.7990587169846055,-26.402215885852772,-28.76409603911905,-21.853852885936224,-22.08492877416744,-40.164379543368305,-3.1093640041675386,-18.349434831644132,-13.700531608420377,-20.95078053881798,-23.347719718598906,-30.032372046450494,-21.92423603192153,-15.90177170851708,-21.625953111764247,-32.289999810359205,-38.39059226088033,-33.24168570709726,-17.576766631294028,-35.816175996776394,-20.6611078065042,-15.697172525633203
2018-06-20 00:00:00-04:00,-5.6544487292274,-9.15302945019782,-3.6466809344854205,-7.714059237800111,-7.2577012925426905,-4.6504866897502195,2.5619268286462216,-2.7913963508392845,-1.5212367677470238,-1.1510879512744305,-6.0985892438695375,-0.9348650161727645,-21.301484746554305,-36.724109372815114,-31.112517042634558,-12.248083751041175,-34.63918467490652,-13.748894626826132,-1.147429018331236,-2.6157789259506976,-23.61279443051693,-11.759112322966082,-29.50478809526419,-19.072102967682323,-22.74721154179836,-19.19351512912011,-13.837247307470506,-11.369994484133086,-18.24676728493024,-12.262744451094205,-19.08309541632551,-7.540323282325707,-5.694278298231138,-11.770251499583614,-6.6758883564270315,-2.5332377680923006,2.160851816670223,-10.800124667592108,2.9688751830022113,2.934825829905708,2.8307908120224825,2.462341340774617,1.8526861930585354,-3.8500268578999797,-21.443307631536108,-23.263732190235945,-18.403579350286307,-18.72700568383125,-30.792086057746992,0.31952280561946544,-13.19606023580524,-10.505724241039587,-15.606939507337765,-17.151398105730525,-24.485351857829084,-19.064646258512216,-13.362679831898774,-17.416914986111134,-26.389364843795537,-32.34495403310456,-23.87124771631597,-11.53729118173343,-27.606143941457955,-14.04547595424341,-10.890793817107369
2018-06-21 00:00:00-04:00,2.703385733673186,2.9134994939578807,1.1287592805027262,-2.368150851331025,2.5675257060506316,4.565598653657741,3.268277553952125,2.833779009534528,3.9251854002271203,4.166073591739415,0.48225156858521945,4.04979545290381,-10.759220263194582,-20.331386084437206,-13.358033714027128,-5.093995606249896,-22.726066683991498,-8.738584797818241,0.40811429378575165,1.859971503318735,-10.60314210108932,-5.07688599318124,-14.635610169564995,-13.264274518246404,-14.98674663071695,-13.059759118103162,-9.46210037822682,-3.0567149882995177,-4.3847827572474705,-2.1141769175053127,-7.140808207576979,2.1642249234755946,2.7774387973332346,1.388488492554394,-0.6060874251018721,0.6757548296480315,3.3677003067574445,1.0920214661359573,7.112092030256663,7.3299966232240665,7.172112607791361,6.122650466774867,6.297583976443167,3.3739756762078295,-13.205762867124857,-13.588820289987956,-11.640706494882002,-13.0459545742569,-14.221204810191699,5.699472280191216,-3.261988670643824,-4.750210219028826,-6.845755412938817,-7.658792469626807,-15.342296046856745,-14.370079754526298,-9.220288801041619,-11.076186041439707,-17.301928197863177,-21.147638509753843,-6.1981657291732075,-0.000894741935685442,-11.80896026764346,-2.047482151295029,-0.9264908629689755
2018-06-22 00:00:00-04:00,1.524749790876722,1.3330820240547097,0.4694782290768727,-3.042976998540457,1.7650546255311057,3.086800722711704,2.9322293757224536,2.047479795998153,3.230558822415135,3.464040667361856,0.046716737745119134,3.332842750703967,-9.769172008762055,-18.15541746369578,-11.910209847519662,-4.3876582749092945,-19.472646625482895,-7.957440903594874,0.5447827414110136,1.7595253002950086,-8.961558037949708,-4.575345616795848,-13.14347221522023,-12.397768678162555,-13.4821991018714,-12.17261118748905,-9.133224490053765,-3.8890074525183977,-4.537815557817991,-3.31082247913334,-7.406452299089879,0.9449341424961455,1.3181954037674612,0.6444529679986388,-1.398847442329586,0.19598685868579566,2.902949110398938,0.11886719431662754,6.305040480570609,6.528340989446238,6.397560320152904,5.4504067796002555,5.161247217380392,2.8801351811938902,-11.773167733431746,-12.065177920989326,-10.272655776435,-12.133133338703004,-12.718193756186675,5.482948997283694,-3.034249836672931,-4.137709581351855,-5.430828069369974,-7.315810194960188,-13.801397152941512,-13.014064561895792,-8.87145614590314,-10.451099421826708,-15.902787129721883,-18.514002767024028,-6.319701190523475,-1.2348500498239598,-10.757206190691514,-2.4968530196281855,-2.1986739958286985
2018-06-25 00:00:00-04:00,-4.148597499225775,-6.349499787766033,-2.2213743253006766,-6.246125024623588,-7.062694123684698,-4.18833915562486,2.252471422380945,-1.5701366627855275,0.08548390204226015,0.42358256580369824,-4.399938418585832,0.41475027325693054,-17.945696550121934,-32.625468935839095,-26.885795278695223,-9.614839530963055,-31.022642540326977,-12.506823116208228,-0.5706744935539639,-1.9967054720478825,-21.778603249184986,-9.721318606556784,-25.498997030193173,-20.244642252103137,-22.687743896766648,-20.43900731993943,-14.342017587053647,-9.649478402884451,-15.581455716029598,-10.252163956214504,-16.061241299351025,-6.267134656644387,-4.263314470806339,-9.223087000741712,-6.233498984868763,-2.263689764933222,1.5966473594784547,-9.899385652700573,4.310174839077887,4.458012689228547,4.36714233400783,3.722341410785651,2.7207214917106075,-4.199500287998112,-19.544225258688634,-21.25199279963591,-15.98747398503484,-17.93397360149706,-26.468327334735452,0.1668361839644222,-10.801501481808655,-8.442232114183845,-12.377332529063525,-15.926604812057827,-24.814103515176594,-18.46670056197695,-14.076155667506109,-18.583487079166343,-25.645991157974564,-30.961860174444105,-20.15409516541303,-10.029167542820195,-22.922652462905912,-11.62498064519983,-9.067755877289546
2018-06-26 00:00:00-04:00,-3.238995767779837,-5.194048844888975,-1.9709025923590973,-5.755820793629072,-5.704650173394075,-2.8806458499614314,2.398133374386811,-1.3793751868002018,0.04216591907411771,0.3770845149122022,-4.285439334783258,0.43772013651404107,-17.61548133292956,-32.08013702468491,-26.15316834246817,-10.006144391626119,-31.207081742036095,-12.443266710446565,-0.8159318550406294,-2.165555862305009,-21.05905117249907,-9.880940430174249,-25.063727412600038,-19.76856426681629,-22.488289368538762,-19.967574399735543,-13.976206874356272,-7.997906846368431,-14.161881016102308,-8.243055957357337,-14.515930476294235,-4.834385109070769,-3.0699129786662156,-8.297246850735736,-5.221193968228932,-1.9144152085056416,1.881222329187466,-8.404878421739062,4.202010781108281,4.290817930178488,4.185355460702326,3.587552615918071,3.0776238924564407,-3.497422793144934,-19.55716418464045,-21.07669371416907,-16.06361359115363,-17.464887660500537,-25.768348506583767,0.30820734481883455,-10.318620666463067,-8.663439060044931,-12.995626971355648,-15.771049098269106,-24.447321981943663,-18.515557965498527,-13.729931486675035,-18.100966499837472,-25.47762712743091,-30.69494187270577,-18.28796772930621,-8.357371742091853,-21.97313836786161,-10.569490368889596,-7.062104958965799
2018-06-27 00:00:00-04:00,-4.229723759899057,-6.733259899829218,-2.422301344805665,-5.788206487646716,-6.9434430960378455,-4.288347378577565,2.043937443778476,-2.53589702964254,-1.468170743892552,-1.1470192188018935,-5.3973861243577765,-0.943491460729496,-18.04154393701425,-32.651774307519815,-27.147485111922606,-10.743076323315435,-30.889088669688793,-11.8942772280329,-1.0410276141637953,-2.887302413628076,-22.34041666681217,-9.98306901480799,-25.49165038875522,-20.204592000474037,-23.240781108461377,-20.505137613953323,-14.002053646049793,-8.560615127241558,-15.584644606713548,-9.082155711491172,-15.31764856097532,-5.972902300966607,-4.027559533679133,-10.256792504392019,-5.568888368302196,-2.1031779367512464,1.4517624939128508,-9.650545505023768,2.4168103335950435,2.373263634700242,2.283746303463082,1.9926278902189556,1.845349078444707,-5.176678917086475,-19.94994234094154,-21.201949599159907,-15.5056275507927,-16.844539767599105,-26.45845919444622,-0.9939026928410591,-10.935281420805966,-8.688240340366626,-13.637557555079793,-16.338243389786147,-25.512585864151205,-18.674355633945844,-13.910493916767123,-18.744294672764045,-25.91344083335752,-31.01766929049398,-20.09429485860254,-9.472815066127156,-22.8660981025938,-11.886735068825322,-8.008093165630068
2018-06-28 00:00:00-04:00,-3.0914577649387414,-5.464208095105205,-1.8254266727930455,-5.522190115048986,-6.028901911537074,-3.6615699095486733,2.141653595476046,-3.324410479743054,-2.360863616569239,-2.020118483715031,-6.120674758421278,-1.7230264239889728,-17.019517436624618,-32.0200169655726,-25.9848610514728,-9.819730688110488,-30.142487842166627,-11.50461336252611,-0.636989649571877,-1.8085258685259178,-20.474384912504007,-9.073813528930406,-24.317002604041708,-20.94286468915404,-23.970524583761275,-21.277200189464832,-14.631816058964057,-7.589528662878511,-14.394669062412671,-8.029786815357307,-14.621059475664458,-4.439177012328625,-3.0426138377397267,-9.23188894634633,-5.362044551724618,-1.9877711506472138,1.5156852444960394,-8.438281691836172,1.7045714920977322,1.58674903736498,1.4970448594012797,1.340244305093961,1.6623923195635664,-5.365414172572671,-20.325402817090264,-20.87407995347277,-15.518036025132876,-16.761642242519297,-25.348484906364828,0.1811360617801476,-9.569211568114486,-7.932220222203244,-12.772075885325714,-15.223992032924516,-26.289587586175408,-19.32722439465795,-14.551270908813628,-19.17476747234107,-26.46779315730072,-31.750059468168146,-18.56626592071088,-8.178605532358914,-21.704724614241133,-10.78848583201049,-7.031562384569323
2018-06-29 00:00:00-04:00,-0.12146591152294765,-1.235761376420663,-0.3061665511602526,-3.5800018837605196,-1.9998245514096369,0.11821451212160289,2.476108787399486,-0.9330875676055366,-0.03334171033222947,0.23914524862470468,-3.3857654179359566,0.3706534112453413,-13.4653563527185,-25.977944100242574,-19.380190671508753,-7.294828306957265,-25.67673084742527,-9.5296099662783,-0.11236488427094253,-0.13571206113277837,-15.877077011359175,-6.459998371421757,-18.618619340542327,-18.4872577821186,-20.833995294193457,-18.59091887504108,-12.660092077954237,-4.77038696941569,-9.392217755521822,-4.6416515322409495,-10.415365126859818,-1.1238514696940844,-0.06312062610567536,-4.474807356640077,-2.7672204047787554,-0.5687471316152322,2.1685226745514687,-3.8410331021733852,3.3207100450856535,3.324600392312279,3.2210385012729117,2.7855425441761663,3.155164670994984,-2.437766199541983,-17.175103603933408,-17.33570539104265,-12.814103973205146,-14.417910680548093,-19.2168534622664,2.321038419601838,-5.970948283369902,-5.774132752913262,-9.57742429264719,-11.429454326221377,-22.448372158221588,-17.658336383582515,-12.734332800040569,-16.44670842990927,-22.788758687036253,-27.147991157993573,-12.310094307339401,-4.026112020415128,-16.061515878586658,-6.5338740715017645,-3.7058230073055105
2018-07-02 00:00:00-04:00,-2.553681837559173,-4.585275778992351,-1.4792721623485094,-4.913622300276201,-4.369750284090852,-1.845308626814553,2.492051600071113,-1.827981525544563,-0.6780096626613951,-0.3689539873541693,-4.805833105000748,-0.2372560612313408,-17.699141649184057,-31.79234593339947,-25.552807864170575,-9.712757632600137,-30.83705082503139,-11.888428963442509,-0.6513372214263332,-1.5956258256927278,-21.045418516918847,-8.823951489750975,-23.66923927807739,-20.131539440690602,-23.035688211645294,-20.30214454991229,-13.842398202239268,-7.921449316192503,-13.927700654271248,-8.334683697466748,-14.548531928594615,-4.000480027164771,-2.419201962033671,-7.851382461308044,-4.186229953453355,-1.2303022486186952,2.290407577133784,-7.282001384626165,3.108983236624572,3.1242643942748782,3.0308553449758064,2.6166428889688462,2.5323372059149407,-3.756403748882852,-19.950586875055862,-20.79324580012127,-15.463992065842994,-17.17335812733321,-25.222662938748854,0.8566442486859236,-9.237873092085733,-7.753306211056499,-12.620854949290043,-14.725394286906402,-24.78567445221569,-19.145382120020695,-13.812334496512051,-18.313325744617494,-25.733001355267366,-30.48803438624041,-18.20105364541323,-7.710413019617136,-21.51081785734226,-10.268941133922013,-7.273752307325859
2018-07-03 00:00:00-04:00,-2.138768014623265,-3.9280696558650665,-1.328511512117075,-4.3103041824502295,-2.8675504675429586,-0.773038986559315,2.5434195041300445,-1.1118387423510947,-0.16095551021774304,0.11673164209612621,-3.8721585844417135,0.24471292341390358,-16.80265908176725,-29.298547666318147,-23.405246493221643,-10.032564764858275,-29.049870394890277,-10.875853284876877,-0.8194075275723989,-1.9567775468512791,-19.76037769893137,-8.731380768607808,-22.29540777675458,-17.705660071541164,-20.724832960883692,-17.857989604397968,-12.153118522677294,-6.86465822005635,-12.509040344112993,-7.034180740035423,-13.034228527719028,-3.2556397514908433,-1.8080141584252094,-6.972559791846312,-3.0193068654968656,-0.7573159204005866,2.53889123279728,-5.752654259346162,3.2545716625949423,3.2628212508771575,3.1626751725165017,2.7333814550652473,2.8178142623655766,-2.340231739659482,-18.175869642444596,-18.947870320634742,-14.030451434772989,-15.54747552699965,-23.28226510090662,0.7991700519872428,-8.582208392298668,-7.572201780102725,-12.595572729875443,-13.987674317287848,-22.078172642752804,-17.57927602598455,-12.123654184888231,-16.24898455118003,-23.526227617990433,-27.291638121896376,-16.374055349330007,-6.535580166496488,-19.860455754479787,-9.348963911342068,-5.976434342491214
2018-07-04 00:00:00-04:00,-8.097436578504169,-12.314614479860102,-4.87943203028985,-7.990982083972759,-10.151633678869107,-7.983027616840123,1.4829975786981666,-6.330393974167014,-5.063168740589869,-4.713686907324354,-9.102631258377732,-4.401715517011871,-21.699211711053813,-37.19845389749242,-33.19789871516801,-13.665298849241792,-33.13490314987745,-13.001909467081848,-1.8005604253032161,-5.2080937196803525,-26.143871511212733,-12.346543062308408,-29.862384111003987,-20.907109499597297,-24.670994755768156,-21.33407306073945,-14.726783947245893,-11.193434052371824,-20.88398382308263,-12.853209957736413,-19.471108126410297,-9.720278802215597,-7.976925653895227,-16.07810921547082,-7.320023002970617,-3.3601854569342424,1.0049033284429443,-14.240712061641501,-0.9913540717492704,-1.132959163567788,-1.144876681517012,-0.9366300339375856,-1.8687503550593443,-8.806434552434915,-21.998148516909332,-23.686490734205933,-16.820634013897344,-17.57558415562759,-32.11036921827585,-3.7397590491371373,-14.355893988944459,-10.53376751649372,-17.18994641452829,-19.70678022347434,-27.08408893473664,-19.14935371142034,-14.547767784639037,-20.064913303356146,-27.98180772575618,-32.38617796336848,-26.695402792754727,-14.271827803661278,-28.012431103011398,-17.04134829841072,-11.978509814593114
2018-07-05 00:00:00-04:00,-7.505084451843047,-11.817891324453646,-4.670115659232718,-7.620862032375386,-8.434058648369192,-7.09664027136127,1.6015029899572146,-6.745997018855064,-5.645187174657576,-5.317787260347268,-9.570192378277172,-4.966642016830902,-21.174853860784314,-34.48487547190077,-31.438753780450813,-12.839769718362366,-31.274923317557366,-12.50879776672165,-1.5086960728003846,-4.406575182164187,-24.172080030365827,-11.23974559172017,-27.38303211273216,-17.88277728890607,-21.590286124275785,-18.185878563013784,-12.844397927287629,-10.819455790575896,-19.495513050288576,-12.6174646174588,-18.781922631216894,-8.719711325967994,-7.560584705918613,-14.994358516620172,-6.572238529436662,-2.8415288077382987,1.2056559478260993,-12.893400890503948,-1.883223997404337,-2.069635639997869,-2.067085778887929,-1.717496723088417,-2.5109723369956445,-7.634499449259225,-20.709211166872354,-22.041272584631304,-16.120806918102073,-17.211109370852796,-30.369800391360933,-2.499520414185284,-12.879254556611043,-9.534168102410417,-16.00704179410141,-17.464590629990152,-23.52464141189768,-17.232318678189618,-12.574751507957117,-17.16410813973921,-25.28850749040674,-28.8757390438202,-25.07236236464225,-13.321334538355279,-26.24499871125735,-16.068772871583253,-11.834945141473945
2018-07-06 00:00:00-04:00,-7.1059890592683645,-11.210939179736314,-4.527811578800318,-7.469887865429804,-7.692221656832412,-6.382928805107059,1.6901264805381973,-5.863720223300247,-4.823692999154697,-4.502907610054383,-8.739043893657188,-4.172034609103176,-20.6984470845424,-33.0895674980552,-30.32595525454693,-12.56726051700872,-30.866684709027073,-12.430367611109087,-1.5221543990634658,-4.14208319550775,-23.341078242078826,-11.090712317903442,-26.687078519291717,-15.885924412795209,-19.64388148599042,-16.13383790860385,-11.673092217400548,-10.453226062480153,-18.476957825821337,-12.02162090866597,-18.106855955939217,-8.254560446512405,-7.103025832442615,-14.037818951713056,-6.2650342083532715,-2.7205063843517547,1.3690071394475936,-11.995438535514669,-1.107711264833433,-1.2755035752298127,-1.2917376815384571,-1.053719491155188,-1.7756075668686844,-6.133001132657683,-19.720941680083182,-21.23992136954834,-16.01206563423221,-17.032732353035527,-29.37871643451808,-1.9460303835065578,-12.579002413102774,-9.514014436942952,-15.60013450510134,-16.45564408191217,-21.25884633603723,-15.959200903398736,-11.272112761666214,-15.197929299526857,-23.529948417281386,-27.09254482921608,-23.85095584695926,-12.515770031232522,-25.489501266001778,-15.227302897119952,-11.158350142507016
2018-07-09 00:00:00-04:00,-6.968783098876192,-11.378850661527581,-4.410993323055263,-7.078632804537638,-7.177970554413451,-5.715406770725075,2.1423087175227296,-6.466357874881314,-5.328639118674159,-5.008418735457467,-9.376764469948311,-4.690789448554288,-22.242855629981165,-34.236940696781055,-31.626097371544255,-13.065829857745916,-33.19287623969835,-12.881648400872615,-1.7798180406330986,-4.583474621920678,-26.508124134907593,-11.103847098912015,-27.67192943226452,-15.596976129220934,-19.58262258268175,-15.69180185815138,-11.3553621717755,-11.640017750971932,-20.03914216831956,-13.610024509414663,-19.750948532343816,-8.615655142617063,-6.795866195928404,-14.758377974457517,-5.726217773185508,-1.9632540323181733,1.9841317493509747,-11.974998817503362,-1.6334403562086688,-1.7933300973328066,-1.7905703732061664,-1.4883504908245593,-2.2181859783265074,-6.243238570494951,-20.139377499743983,-22.03040936291699,-16.424137969337533,-18.657888892248938,-30.804055951341848,-1.81862992291596,-13.092805820232313,-9.575151751545203,-16.601597951365658,-16.67925424340159,-20.915171146352908,-16.494310252898202,-10.912092828821487,-14.813186008646698,-23.58739989498328,-26.810096740348182,-26.088138207741466,-13.725650441398262,-27.208834372330525,-16.540249196926073,-12.795593931740916
2018-07-10 00:00:00-04:00,1.9798058244940657,1.6375083498520302,0.8162733918912632,-0.8968768377727133,3.7482182594901907,4.829898017180416,3.0767975571833936,1.513567663833136,2.310963905592956,2.4538099544156684,-0.45405863868037716,2.338795482150023,-11.030207335408242,-16.098807484343094,-11.646205668220768,-5.375341039079049,-19.943099139836136,-7.102324315389474,-0.22169934599564897,0.2334509404827812,-12.893439789897899,-3.7121411949874252,-11.400927551382715,-8.453856280706493,-10.293459942470728,-8.067217365518742,-5.742846731425035,-3.7182624480239435,-5.199477632107917,-3.612410123236236,-7.271393939577364,1.0735276644915173,2.364323979976966,-0.16994556939786418,1.2153150295465867,1.9839742812181835,3.5767351882804683,1.313405309748561,4.215839620133179,4.383070820906999,4.301091039775092,3.6577969898786287,3.723896156298207,3.0179330576327654,-10.40440009163017,-11.055220547746528,-8.50113197823908,-11.78514117987587,-12.289771569894071,4.178636748166982,-2.7605912636003134,-3.3745441052150795,-6.819077070621766,-5.878061885564803,-9.907010617081543,-11.104901192779122,-5.660374658163711,-7.00961176835124,-12.675367233208549,-13.646033291557666,-7.48470609241724,-1.4863837624540404,-10.483555360282406,-3.530760811000901,-2.828629359165707
2018-07-11 00:00:00-04:00,1.8239755245110356,1.5789965678914026,0.740579932983052,-1.2498204537022308,4.005124088079946,5.267279743218738,3.24686875792275,2.978485933816758,3.7118146463556734,3.8685650713909885,0.544921259903646,3.7445613324321085,-12.277147189696063,-18.299751247646345,-13.10307708828344,-6.296068929477461,-22.14998349056481,-8.192698918303496,-0.3390568687192247,0.32238980628082203,-13.151251691536444,-4.9333939033322745,-13.217942346302202,-8.778272675432229,-10.9773002273166,-8.427837799040683,-6.10119224447121,-4.162079969770473,-5.2645232085008065,-3.68487800228037,-7.800721400807859,1.0065515617204766,2.306306779488633,0.24724495248844225,1.0400633802433854,1.7822110147559536,3.8687804165543436,1.491422398081351,5.84381832978285,6.032069666935596,5.905147977064366,5.037704989741909,5.222612668648016,4.630470023793388,-11.525771682361922,-12.228115960357362,-10.090260388374995,-12.414172804387935,-13.886531170989347,4.658951350267183,-3.814184580525981,-4.574784113198843,-7.918153812206392,-6.4881015671083135,-10.481306921087265,-11.816904354219853,-5.989373239126871,-7.250784028157478,-13.860999425109735,-15.570529036166034,-7.715119887552598,-1.1424021867139385,-11.9688078008975,-3.4265295228005512,-2.63898164761886
2018-07-12 00:00:00-04:00,-0.2397929394893144,-1.4112980848753416,-0.39921406884996746,-2.4511991975165355,1.801289572931085,3.228306573680555,3.041141656865688,1.7812965507344314,2.495504023785498,2.672109098842127,-0.6920562257718583,2.6271461003088814,-14.340227500592142,-22.363557596583004,-16.637775001650155,-7.904722735630648,-24.1852738711446,-8.70274015833037,-0.6433472874292195,-0.4802031848543532,-15.525354820885122,-6.4364187579994105,-16.50722360467134,-11.057904115159873,-13.680622353061162,-10.858970617541276,-7.546091951134794,-6.353591772074891,-8.549439512785783,-6.355898906943252,-10.747418442330055,-1.2171146577510301,0.15748265664474295,-2.6199103156342525,-0.3097666345646666,1.0808002705415518,3.6116674966294995,-1.0597789099070738,4.804468094496981,4.92875994277073,4.815116207608168,4.1189300216662,4.113875437650493,2.871226533963071,-13.35179210236447,-13.898756095327148,-11.156056758672843,-12.816741092200427,-17.476477922376137,3.502232726115501,-6.088162969398293,-5.887494105843224,-9.901681591314514,-8.693330878394285,-13.602414184182562,-13.482696823152322,-7.539946988560588,-9.577295203441052,-16.506598486438833,-18.87544496844083,-11.977769579369449,-3.7298278678543615,-15.862363018440195,-6.1368501149304935,-5.266855229960017
2018-07-13 00:00:00-04:00,0.3781165864423157,-0.7529055922011503,0.1427595537382789,-1.6872053400911633,2.516438553756093,3.241938114335014,2.9582520907851317,0.7274924193313512,1.1687069847337732,1.340927440107776,-1.7940608194673715,1.421337071690604,-13.539100797248889,-20.416552832397205,-15.837264955946289,-7.279680534627345,-22.646114186013243,-8.355450356687449,-0.5572515638867453,-0.5826275345787777,-14.23291770696042,-6.021056637631794,-15.067731822252709,-9.57602348342296,-11.946405408844475,-9.249004639723449,-6.637063339056803,-5.471058011306225,-7.528618964068654,-5.484557792902478,-9.617852923993858,-0.47820485890861214,0.8429322062706677,-2.404792168032058,0.22835410535673897,1.3915878631104301,3.4944134443241337,-0.4446502281248759,3.33245607048691,3.343799733154221,3.2421405459459156,2.8009598978235273,3.4331597688690807,2.338330393698686,-12.606856915925263,-13.110523648385422,-10.886871713507546,-12.358112868122348,-16.23678321506628,3.440486225572429,-5.434438888058143,-5.369719430233335,-9.550721142025843,-7.914420791303168,-11.683832572972287,-12.256501411827704,-6.544641115075275,-8.335726498765581,-14.948832191356217,-16.829570217698656,-10.568449126250698,-3.2087946838122052,-14.240728797795715,-5.532866081797845,-4.558120232483544
2018-07-16 00:00:00-04:00,-4.382768670263424,-7.815709903468088,-2.8912574989513473,-5.425323864251761,-3.160258384262808,-1.2961122510993903,2.9810452494168573,-3.7096673193627048,-2.6222803279120708,-2.338779130449493,-7.388336511783055,-2.1569527495836325,-23.655129032176735,-36.55363920605803,-32.41602519609233,-13.228733779666214,-37.479607006221606,-13.918432892261189,-1.4634044258580081,-3.245902352890945,-27.245701919095477,-11.494449141585145,-28.03866829848975,-15.778107073142309,-20.210437102753104,-15.715058874440066,-10.821124867431909,-10.447385644222136,-17.98483065619681,-11.838952356892388,-18.48676518678095,-5.634038020512978,-4.043132616605873,-11.103553316612325,-2.990353298847374,-0.3547389259290771,3.5080481544377764,-8.491393856647601,0.7586213946159871,0.7109867483348181,0.6725285014797844,0.6000690548529116,0.1406927604055906,-3.3719129168389483,-21.420470582975092,-23.045278132830546,-18.375188259694745,-19.958062933864024,-32.025322430477935,0.20417935961846895,-12.478167599551004,-10.101547956389345,-17.834000684371095,-15.649390753113186,-20.878796289110472,-17.915207023894293,-10.555814380445813,-14.640993990436153,-24.412483513315657,-29.207375517566263,-23.81944943656463,-10.461807267541094,-27.481594657083487,-14.19805736829647,-10.861222927759552
2018-07-17 00:00:00-04:00,-0.8957848893523163,-3.2831589133084544,-1.6449876457377066,-3.542164186239708,2.723836861390597,4.053625989161186,3.9537733001141495,-1.9570759769707544,-0.9752918641578956,-0.7402638862244599,-5.462026991039295,-0.6570877177828311,-21.703236114416192,-31.605038003367753,-26.98085108948106,-12.405462101646133,-36.015901962446975,-12.889261635805937,-1.5381017608599112,-2.491044827198642,-24.26385618759705,-10.251719744745117,-23.829718116722212,-12.084845294756223,-16.370030935026467,-11.698945030841102,-8.24112900377201,-6.6949636784081035,-12.70787142601047,-7.424798473256498,-14.033171180667223,-1.1288815987652316,-0.12293207181039792,-6.199457697605196,0.6759284155500602,1.7154328775573109,4.850810225590439,-2.6622423102929553,1.8937770167678152,1.9168753178208051,1.8641829002621513,1.6041915370966298,1.45223046026015,0.8180370742483566,-18.837780479237562,-20.198134785574815,-16.907311915320793,-19.10491456662044,-27.27461245201242,2.7405875165396303,-9.398330281190631,-9.160691277005082,-17.08565839673247,-12.799018296768624,-15.997825358869205,-16.53266653529459,-7.975333926867787,-10.806491290664617,-20.85689308629742,-24.279355655584574,-17.22000736322467,-5.636884395759432,-22.765042875085626,-10.14672221579516,-6.473930766636677
2018-07-18 00:00:00-04:00,1.0261291301087603,-0.6856694120736488,-0.7400985912520722,-2.0998525615537105,5.266042335606924,6.477739365784207,4.231714650415854,-0.7592101523267372,0.1263219945224291,0.3029064178313003,-3.8423024188237114,0.28892151210621886,-18.712495172717233,-26.54622079225595,-21.822915281374982,-10.342106120793922,-32.20952228356635,-11.015011754586299,-1.2749355790016346,-1.6104009664341457,-21.228279786515035,-8.48353635108464,-19.513106541542154,-9.701416747322892,-13.21350996460428,-9.188595830149469,-6.263879399424106,-4.863623363763676,-9.249141001893667,-5.373205515003736,-10.87072146508031,1.0175604711431863,1.8345145323782903,-2.9178236229544408,2.5107794156612275,2.9417357847568257,5.135776370501579,0.2993242571147601,2.338955159639261,2.42437851414777,2.3766522032167607,2.023849702840149,1.8944913486094284,2.583040544821544,-15.592362264736503,-16.55957806937395,-14.543868790105178,-17.27600390338573,-22.53871623487883,3.897334784638104,-7.0255504106904825,-7.674635232968529,-14.781297791496742,-10.12205025722236,-12.52121067210965,-14.53262779432976,-6.11940802748633,-8.36570780064704,-17.095155895802502,-20.104447939788553,-12.855520223392313,-3.059016451644761,-18.667804912240445,-7.18999036967481,-4.527487142329124
2018-07-19 00:00:00-04:00,-2.1930005817246347,-5.050117735714148,-2.3797379551325757,-3.6649335564101024,0.44524952248651345,2.353675399041585,3.62470790159058,-2.927363045419144,-2.0065258315799217,-1.7854885405349117,-6.097603277908218,-1.6677607199938809,-21.43283959675658,-32.55992228225784,-27.782736014088215,-12.646589183680833,-35.853018220929265,-12.378284858412108,-2.152274732864482,-3.930225666085479,-26.162483794068354,-11.255153452463459,-24.899474661564454,-13.675252381758613,-17.553815222205817,-13.429662630217273,-8.915677141445023,-7.412549165698192,-14.217653114997526,-8.503157690078906,-14.464116848011638,-2.700667920632454,-1.1748051857224753,-7.890891488782049,-0.11605433366297434,1.509149201879536,4.101479800579143,-4.690676197640979,0.638999270051456,0.6219579195660515,0.5966038183160195,0.5227120004611971,0.2625173841512515,-1.2422133422341939,-18.46623936081669,-19.82310060977714,-16.649275072102757,-18.659031357766448,-28.066439619194792,0.6847630898721091,-11.263007861536703,-10.099546287926135,-18.236793310320778,-14.454406278228904,-17.905383777684204,-16.804905972270127,-8.862866461131352,-12.526593751340494,-21.33240194261324,-25.689051199947507,-19.02245666994091,-7.3899761831534025,-24.142553013707815,-11.477338342024305,-7.67864348313788
2018-07-20 00:00:00-04:00,-11.098843142688052,-17.888200335028767,-7.858981279427869,-9.526532411175848,-9.936421471055159,-7.476649567734467,2.6943394014552973,-10.13393931065648,-8.912364784834523,-8.551304673439727,-14.080446303818167,-8.070897556607626,-31.824943328098595,-49.1667490318844,-45.939001355766656,-20.164068855746322,-47.573290385160334,-17.590014302049507,-4.055023061713696,-9.375404618982923,-39.74474699389871,-18.266855205482646,-39.678626022627824,-21.420012762580708,-26.906269635980703,-21.556332520879458,-14.534664526083185,-14.645924868168377,-28.117102797793144,-17.727080538026467,-25.54893981511783,-12.427210694059532,-10.082984197753536,-21.961566421798747,-6.206578251793712,-2.068082190295937,2.648375034427681,-17.403381485160146,-4.892300872080629,-5.189955375095687,-5.126415701676539,-4.3221951462286645,-5.616323310731906,-10.456719898457004,-27.329574316282237,-30.054195046117442,-23.23393913750042,-24.72844142201036,-44.77826918876225,-5.900755158206277,-21.214687202611675,-16.016314601883128,-27.445520188359282,-25.675089378147977,-28.879337691552433,-22.362761920008737,-14.354352458335775,-20.8906108178085,-31.88483601063968,-37.51200501162197,-36.37773220077251,-19.195586658045354,-39.318096190747816,-23.873292734207073,-16.891561726562347
2018-07-23 00:00:00-04:00,-32.240121741769926,-49.11009169746941,-21.345707690561532,-25.107040811179672,-35.38965177988264,-30.34277580373482,1.4569551899639164,-30.12593167810391,-27.059189533864384,-26.27593887949305,-36.99522402734101,-25.088596979057858,-63.63831382269357,-99.11578931398307,-99.38462306351238,-39.709337895370396,-87.07224570737466,-34.934368265869296,-8.155381254960266,-21.27500607829741,-79.59486402326215,-35.9624698005332,-81.13890074969855,-44.03038663312321,-54.773213538579654,-45.2981250001281,-30.739399575793975,-34.107597384671834,-66.27839369350471,-42.963070177449076,-57.33317567189875,-35.4467356275061,-31.72684996539852,-57.4498245400496,-21.545700814480586,-10.428739776785415,0.18776933456705325,-50.414836635940134,-18.66672098436831,-19.4756887773939,-19.13359675707432,-16.24708282022614,-21.28980560285273,-34.46790372098339,-55.357234011401054,-61.458751831123074,-44.949107187109355,-46.71205275171995,-94.64272812262826,-20.170549899499814,-46.07391082266591,-31.079125153081613,-52.62398080529369,-54.2388797696477,-61.05382454207291,-40.18223887751684,-30.064546715880045,-44.23678041310506,-63.676829543893426,-74.84533144146049,-84.32769372253826,-49.656621346647675,-82.57034962853533,-56.90803972104881,-42.18372544958359
2018-07-24 00:00:00-04:00,-23.383762832306214,-36.07545578455902,-16.407531625592785,-19.255130352286145,-23.774798494198333,-19.082623053216906,2.683353646559571,-21.276195414724384,-17.998390095890908,-17.416850885303518,-27.161341839658846,-16.92055253242658,-53.214750463225734,-79.53222538444359,-79.14817979783257,-31.763372983298467,-73.84936585835197,-29.52984797835328,-6.369022084412613,-15.982656131272908,-65.93965534511084,-28.144135623875034,-64.18363858882303,-33.02962595588834,-41.69431923501419,-33.67911504682288,-22.740714428300926,-26.88758896133294,-51.424070613303805,-33.94694950571615,-45.36470260324011,-25.899025213407143,-22.91134477738298,-42.07585775093035,-14.473489475788009,-6.1051506432464,1.9697241768389366,-37.07691676820489,-11.56079630665869,-11.83101076231908,-11.548751109780401,-9.889625451210447,-15.346288218322243,-23.161064472004995,-44.02073583425281,-49.60208391284286,-36.76602537557763,-40.30994888923714,-76.20551771670323,-13.211022095673963,-35.256623356872986,-24.473906086020026,-42.20526304909051,-41.90096169423881,-45.87075626343764,-32.36363345596002,-22.15459431020915,-32.803094966296364,-49.640024447709656,-58.32514329089293,-65.85255025769534,-37.69552093525443,-65.71987235874029,-43.95016862732698,-33.18016647486991
2018-07-25 00:00:00-04:00,-18.769655072083836,-29.449351740714704,-13.436000351395577,-16.48697303226964,-18.84962928083092,-14.851229625617862,2.8093397291498805,-18.82951535936448,-15.516680166993252,-14.98418787962486,-24.182016900019633,-14.66076150207885,-46.709727836404866,-69.02853518619911,-68.63547276334928,-26.18088387912321,-65.65027912148545,-26.8265636032762,-4.986189369200677,-12.319098190338135,-57.170442146750965,-22.99510780051148,-54.50976365203452,-28.764121537710288,-36.20143939422711,-29.191117161714605,-20.182057972478365,-23.233597993202974,-43.8919433579254,-29.520262965235037,-39.77734280910969,-20.854898119176752,-18.59927439813337,-34.85095024914822,-12.111367967945924,-4.850084502920148,2.4392568259795837,-30.85930040856781,-9.542718883919651,-9.676371892768934,-9.416119951585205,-8.096411368411763,-13.13818358029861,-19.269179642966897,-39.26035899557496,-44.08121544117848,-33.03850967332954,-37.5433965548826,-66.16240548505937,-9.202127131425799,-28.92566891773833,-20.095214825239804,-35.359863775049945,-34.61993451649008,-39.337609736518246,-28.757826444150687,-19.51183720685368,-28.031120075630987,-43.61770924093405,-50.763630807036535,-56.39195315375492,-31.97287983110919,-56.37647288081688,-37.372502956585976,-28.920318485394017
2018-07-26 00:00:00-04:00,-12.639474754047761,-20.342061246427928,-10.042189976800236,-12.931506001103513,-10.657466584053717,-6.595937839220922,4.003384534724614,-11.907899329688021,-8.241890979387668,-7.815359796473062,-16.687071794668213,-8.019622249623309,-40.7287134090122,-58.49460304435829,-56.18077615381244,-21.75405799656347,-58.50158861487067,-23.943705148229572,-3.8324307248767737,-8.756777514899998,-48.088240049872276,-18.641898446317974,-45.27431014319059,-23.627612620557855,-29.883380948546588,-23.619795971385038,-16.41992689093517,-18.785171630262155,-34.47025051307226,-23.623179900142013,-32.60780763752337,-14.435637898699465,-12.420196189256385,-24.38783416553484,-7.357245720872965,-1.9989830988535549,4.210804862476478,-21.51831800000176,-3.1480788152781867,-2.8484345126473114,-2.6577416973705494,-2.4138588766787126,-7.85915348007734,-10.969356447010432,-33.11340504360222,-37.74196639804502,-28.576917038214383,-33.36599862313153,-55.217121534451756,-3.985640922853,-22.37380518590994,-16.494916802498945,-29.394296213489078,-27.704971737153866,-31.51605594347546,-25.76115526231523,-15.826641916854918,-22.307167647086853,-36.83299225881954,-42.45895183565596,-44.76051469318242,-24.002564389484355,-46.61820876291854,-28.995720843712878,-22.822942871682976
2018-07-27 00:00:00-04:00,-9.716459218671732,-16.023682595975355,-7.974499405847007,-10.343755909200093,-7.715851195749467,-4.411257926644256,3.8084643919746157,-9.308598426403195,-6.378408631545423,-6.01886199939155,-13.463240665872007,-6.161551468310168,-33.75263903825821,-48.33734853747567,-46.31161297592376,-17.843331667156303,-49.64708007809955,-20.245618597449848,-3.3311225336924104,-7.609128692988199,-41.057781356331205,-15.777209464333835,-37.856658810658,-19.646411457183724,-24.446589908283684,-19.537475264220646,-13.64484498998936,-15.451794806698363,-27.957177703181923,-19.271183004237635,-26.483071169802106,-11.815303919421522,-9.320700548786649,-19.67875603118973,-5.249527740752603,-1.0500853674850934,4.166668384553417,-16.825019355603725,-2.074024302404052,-1.8426602615939183,-1.7066725098503928,-1.5649101146371496,-5.7142435884246785,-8.284893371476265,-27.264612207528995,-31.318168642712028,-24.244353683518998,-29.02261221241953,-45.28419989997911,-2.9169592978632055,-18.877702155478957,-14.020440207588088,-24.49876513752294,-23.131857472763446,-25.446811543171847,-21.661673909876374,-13.154226692572514,-18.403819114916292,-30.42046907025945,-34.81259752120655,-36.34631235749369,-19.765956635727434,-38.3352167905482,-23.56799283081288,-18.495955645548737
2018-07-30 00:00:00-04:00,-32.664507359523704,-48.495954924156656,-21.240646032227534,-25.326664667043556,-39.593157836752965,-32.743273308319,0.581476458768637,-28.761063771281755,-24.36493227186029,-23.596146742724304,-35.058711389689954,-22.939282372878104,-62.13377121221799,-98.56098586699885,-98.77588110489381,-36.74275200587524,-86.52461380107147,-35.23141740012658,-7.756177082965007,-20.75282220214499,-82.41873470131942,-33.41934598380196,-79.54429947222863,-47.35602431111828,-57.44245982052796,-48.844099762090465,-33.11553807476625,-34.96908586863994,-67.52147658473932,-44.20675962511177,-58.093305540511615,-37.89961200507808,-32.52622395356145,-58.3981942973391,-24.000040765188995,-11.591294422019345,-1.2317634348460906,-53.568334495407356,-15.875427153459086,-16.23647084934541,-15.84581296844102,-13.573061935932461,-20.83277422948508,-36.40900498879886,-55.734049835250666,-63.131067887342205,-43.95758916473717,-48.40395528871883,-93.45908103676929,-21.196403666076392,-45.93260578846425,-29.22621051055525,-49.28288300145414,-52.52267902495095,-64.67215652461314,-41.143366628686636,-32.65309499334921,-46.77719011066467,-65.52000486909,-77.50825910980052,-85.80366522230955,-51.95730277725983,-81.50326427415231,-57.8764217447506,-43.64070336121519
2018-07-31 00:00:00-04:00,-25.60075869162409,-38.55301442689273,-17.11786303357903,-20.428290681773248,-29.299920751769623,-23.66519316261781,1.7747856054688673,-22.518810544883856,-18.65029761169455,-18.01802947376578,-27.75590823484372,-17.605749389826663,-53.312537822662485,-83.32787427508352,-81.87575029303741,-31.824930922092552,-74.82361963156713,-29.585940521654525,-6.590105313203541,-17.114067302399754,-69.59145665492954,-28.551935427668987,-67.36555501680373,-38.91536205181396,-47.60859493025719,-39.85396262330967,-27.045930934286144,-29.18883390900367,-55.65191657976866,-36.760055975205724,-48.7236890426082,-29.79690398861631,-25.22367284053057,-46.56451424391846,-17.90714447548388,-7.937350684838121,0.5142519175581817,-41.595512758702235,-11.574729979727163,-11.758062242394768,-11.448864474628964,-9.836318876723086,-16.037329781766697,-27.25351748749252,-46.38706263127853,-52.61349033600189,-37.02549652644653,-41.01579278776033,-78.44614863245394,-15.574642748889664,-38.015324520501366,-24.98236863348686,-42.74941457737411,-44.00155866137589,-53.00415254635447,-35.73463361952435,-26.655750430937633,-38.227567059062416,-54.83674317985133,-64.42661475166467,-71.08835071626268,-42.07670043046084,-68.9503904257543,-47.68384637568515,-36.097347616973465
2018-08-01 00:00:00-04:00,-21.17452741089018,-32.24592635766881,-14.415785922297548,-17.574464411319614,-22.218223413171348,-17.297885952390537,2.7095355251506255,-18.08410255949537,-14.22407535352385,-13.682017819845738,-23.531702947463142,-13.56012980196537,-50.826686071590835,-76.85621657959994,-74.96481322765332,-29.196662189206535,-71.14025466702232,-28.23053220747322,-5.390998643822132,-13.922239223274028,-63.154694851840205,-25.63976026624144,-60.88315368885454,-33.442921955312016,-41.80251515219052,-34.057280634976514,-23.033431410256377,-26.483529597012463,-49.15271822196796,-33.18736917654614,-44.29742602326591,-24.600994005841642,-20.98055965916791,-38.90239861168632,-13.89063590963563,-5.505219307048585,2.0906566724898044,-34.666437571421554,-8.015614271237864,-7.971351399422078,-7.705007055787664,-6.683683885343917,-12.830839721532836,-20.842385051544472,-42.82048484056091,-48.40760775682673,-34.92708121799606,-38.732709531919944,-72.4366741118291,-11.167556127761554,-33.036574735703844,-22.37031568891645,-39.146931117762115,-38.265124275708715,-45.81477042199848,-32.75736517082063,-22.65454299785598,-32.681586493282104,-49.415852346309855,-58.109692956495465,-63.24056801777386,-35.99204201706434,-62.720114652009435,-41.767529279385,-32.41673966117433
2018-08-02 00:00:00-04:00,-17.991154390414245,-28.001118556825347,-12.639054425778205,-15.606597232733753,-18.062064064292382,-13.883996091714396,2.9419004970212628,-16.762915384152606,-13.23112097182616,-12.729773180549259,-21.826360433080893,-12.602453963817789,-45.925818557066606,-68.87102324865484,-66.78621147836083,-25.537134925926928,-64.22509610443583,-25.952911098547478,-4.757258558237099,-11.667621363585495,-55.38445214707149,-22.57794023923169,-53.77723890688612,-29.705379281059063,-37.04110071922218,-30.106121007028275,-20.6654771148506,-23.61383465869087,-43.17730804756738,-29.744970393048767,-39.7631626022544,-20.563986146788153,-17.81967060542864,-33.41074719341491,-11.83016343470385,-4.337891396763672,2.4963570594822673,-29.628722914245895,-7.496604073032769,-7.468152540555558,-7.223002218126976,-6.2605983392736,-11.652299856503088,-17.652704986507125,-38.77793325232568,-43.43887354787598,-32.25719606081429,-35.608736295759584,-64.84835362558088,-8.257121886533675,-28.815523003707277,-19.853779985801243,-34.92710973690201,-33.3946218008628,-40.26112000286842,-29.76340527274055,-20.249896795603462,-28.66864365707841,-44.23061321051634,-51.86606072107678,-55.77258021037666,-31.43051716359663,-56.047566214992855,-36.68065097364478,-29.07423862046494
2018-08-03 00:00:00-04:00,-14.487791767886351,-23.099467606388426,-10.393283777033517,-13.002782942497923,-12.754237115434089,-9.631239322365355,3.3647583868702613,-13.206397245525904,-10.290421436015512,-9.871743165513918,-17.708411946495886,-9.782011133056953,-40.1455649916519,-59.01102274762831,-56.489512514588604,-22.281466119686968,-55.82943566084147,-22.15200552836119,-3.8855782201448394,-9.413065370158291,-47.25112879122552,-19.406758586610483,-46.19667063633242,-24.339788448167294,-30.638822708955924,-24.42799878722745,-16.831199840060126,-20.86237830364961,-36.448678910285665,-26.0264282643005,-34.466901981541184,-16.80484627603424,-14.363980997776466,-27.182124105834113,-8.677462960270192,-2.588727224188049,3.357308136982738,-23.19190941678917,-5.468452432931093,-5.426726248952849,-5.241503214250612,-4.551153292410868,-8.99365904537931,-12.817825660662002,-32.76990098850994,-36.643514309214105,-27.63982170152343,-30.776512683149924,-55.32402488127581,-5.279319549982588,-24.18739067192931,-17.02405419843102,-30.088339093342995,-28.183359676357117,-32.68602977914525,-25.80955406822401,-16.45009429060225,-23.35649903328505,-37.161696049942925,-43.059235711260655,-47.41962900961683,-26.21880075862985,-48.31493915677494,-30.824080173314897,-25.250417594225393
2018-08-06 00:00:00-04:00,-46.92303220548749,-69.99065894293125,-29.272597115506642,-33.56194845728136,-51.10698244593874,-44.83444868285087,0.6217818482034244,-40.47591167445835,-35.367641848799984,-34.41964418369839,-48.00203169811039,-33.32330526196766,-83.21081915856135,-126.2114434279106,-128.58041910945528,-50.19560582602341,-105.80102844035055,-43.29678887587349,-10.415628110699066,-27.96158146797532,-102.54178616131047,-44.98154434850523,-103.72002962617987,-52.94242369774777,-66.48912341005494,-54.567157418993,-37.50888532393905,-52.00628372564017,-92.5209464069098,-65.73474241352508,-81.7065762073924,-52.47464730372957,-47.03560946593741,-78.97766222031876,-31.807871995624048,-14.625608519800808,-1.4247888067221228,-71.2849562713857,-25.188640683515626,-25.900477573453095,-25.323033828491607,-21.639563625245923,-30.974689839724274,-46.04786973303148,-68.00991788339853,-76.8331947225011,-54.51291476062877,-56.60269000976763,-123.4494571470499,-27.665934484813285,-61.68469697105577,-38.62607817383582,-66.18188143802465,-68.10780099197235,-74.72299470823853,-47.75450479912766,-36.51376549240808,-53.939990638471926,-78.02265120419804,-90.80524712427518,-118.43235870128271,-72.40163113693707,-110.64734313597907,-79.61370444800522,-65.1040127554909
2018-08-07 00:00:00-04:00,-41.0924169086115,-61.563334429621136,-26.140171038549674,-29.808310737345337,-43.850320335804945,-38.37467332096672,1.0629221438052476,-35.92240484471354,-31.37299112334195,-30.52665473667689,-42.56851360540998,-29.5516283519561,-74.86030042835334,-113.62279267696705,-114.69891172954793,-46.123606528332466,-95.99037254127961,-38.63426242097552,-9.566189128171592,-25.45090591330924,-92.26366492201618,-40.83227133855584,-93.33945217152097,-48.42389725636968,-60.77605877556918,-49.76638255831337,-34.074688156137974,-45.11456919154771,-81.8822078899282,-57.13354254022794,-72.058906614408,-45.631952599981176,-40.94033920931358,-69.97807790834241,-27.125829985373546,-12.40735823992884,-0.6655722032051842,-62.090279548325896,-22.277002464440635,-22.9082788951834,-22.3981093229583,-19.139463738366967,-27.40079306751044,-40.56203192861073,-61.395414896677785,-69.18747201200097,-48.656777485019646,-50.684647655126476,-110.3720533704463,-24.391637257976654,-54.84464451220342,-35.02299767247411,-60.52984675669855,-62.01150815678318,-68.03065536213029,-44.383807046883966,-33.30188436538569,-49.241288016683065,-71.16834367432244,-82.05831262953791,-104.75723187562079,-63.44778283069346,-98.71715800479274,-70.72151816409655,-56.52453802243288
2018-08-08 00:00:00-04:00,-31.823303147539963,-47.934195660924196,-20.14782594600694,-23.389020845208286,-33.66053741598464,-29.149993520928035,1.5322085695813175,-27.601402862863996,-23.88555180933821,-23.187648361985556,-33.458863637856,-22.443118011980275,-62.5214097948042,-94.47881997254828,-93.80096830534944,-38.25774262202916,-81.2924024479202,-32.37014315400497,-7.618044423534865,-19.955849226176852,-76.5361461763156,-32.874081361229365,-76.55280543508347,-41.026877051654886,-51.71619279447837,-41.98174874496605,-28.79698839403496,-36.698835074964954,-66.25366332235384,-46.094557489208626,-59.26401877426772,-35.7374712403559,-31.54225328451669,-55.56466865685529,-21.22831291729046,-9.257622283045714,0.21481409504325727,-48.57959335457646,-16.292949245764177,-16.753204661766738,-16.37963550024679,-13.997134282891622,-20.32288381919899,-31.049567398858084,-52.12099045773787,-58.350827632370084,-40.492662941450526,-42.83149933708738,-90.49481445313866,-18.070408370216008,-43.858752045222666,-28.268299382409822,-49.787648063296444,-50.15859988068608,-57.49675959244137,-38.8453141657577,-28.28126195723731,-41.208060041586805,-60.65740486751022,-69.32174741756117,-85.13344306511408,-50.369752883287404,-80.86435912541498,-57.068071686498435,-45.41027925167345
2018-08-09 00:00:00-04:00,-20.782281882940747,-32.327134041722175,-13.51685583922643,-16.330951918711808,-21.625744634544386,-18.306592354560436,2.183853162349247,-20.074176631080146,-17.473321384383265,-16.922435844716762,-25.146487078762533,-16.280629009311713,-47.68561534155879,-71.82257496929549,-69.93638586673904,-28.1780746066751,-63.962307128271725,-25.53790902524862,-5.39318043994062,-13.379117574853998,-57.133965145501804,-23.664607049282736,-56.66155232005944,-31.988030015432066,-40.29586953110801,-32.510214439458494,-22.448242889316198,-26.153566316791956,-47.512602326651646,-32.73170608466471,-43.623443453583405,-23.421939803812776,-20.405048060205228,-38.64677082978239,-14.221329591970896,-5.59648114982012,1.3655711562946102,-32.91959011917721,-11.448686039655986,-11.849046565534175,-11.610017154088565,-9.893022344017934,-13.615216301107603,-21.212836877296883,-41.21646455762293,-45.28398751226676,-32.129025023089724,-34.44587708919749,-67.57646685406355,-10.543818908293717,-30.898703967988247,-20.567211199665234,-37.159616111576334,-36.2504743564143,-44.26989922805074,-31.595476653709405,-22.083333387622112,-31.330189086654542,-47.43433562288136,-54.10163256153052,-61.40335798082534,-34.86935302270224,-59.7748109060381,-40.66168932944846,-32.104452358179536
2018-08-10 00:00:00-04:00,-18.92646741561353,-28.92988869915217,-11.644197085551093,-15.413925038974622,-22.69997075538986,-19.114981274238133,1.3765214866160504,-17.913266598828862,-15.609025954617008,-15.033424382537994,-22.687718245344847,-14.328588013857894,-42.35052088586514,-67.73042102965925,-64.50620000846028,-25.2372608612741,-58.482908207973544,-23.73784368240033,-4.406170718748938,-11.388298374859676,-50.76139148552095,-21.556865471694525,-53.063388102332006,-34.287896047999055,-41.859717784985676,-35.032691117121935,-24.25791565198301,-23.51056614786857,-43.456549726326486,-28.857726388809553,-39.89755476215273,-21.526439913303612,-18.766271345705395,-35.6037378703999,-15.43384692650659,-6.751412661590104,0.04318376863952852,-31.556145947942948,-9.230096117977741,-9.661951493097698,-9.502511003375496,-8.057481829522672,-10.732201089342144,-21.11932592456015,-40.16628029475768,-43.53298742853006,-30.230007369822378,-31.463613563810952,-61.94814072134618,-9.918711198019063,-28.15531633337264,-18.694105013113347,-32.89597895476164,-34.49060638958658,-46.64273358940182,-31.686208168358974,-23.957331735446132,-33.25425586641975,-47.88608617099242,-55.394219420268385,-55.8725299755221,-31.5051060063531,-54.55149320069265,-36.67322165752923,-28.11624163680312
2018-08-13 00:00:00-04:00,-27.78306954248893,-41.301805371293945,-16.06961565173253,-22.401459505464864,-37.11512294355997,-32.200304840215225,-0.03854547621062461,-25.529016356454285,-22.545055292893064,-21.705754031264945,-31.573809452461713,-20.568883085350016,-53.64537887592699,-90.22649477651422,-87.12232954841177,-32.121365093024565,-73.92317844053132,-30.906477676616458,-5.107281278045263,-14.773459106995961,-64.6975147920592,-28.52817354995439,-71.74259015367993,-48.09439538009103,-57.915304709656965,-49.581109478651676,-34.696021920611884,-32.12119139105078,-59.73159877074526,-39.167181528677496,-54.04756565264954,-31.94698912084575,-28.285354174698778,-51.05519430484758,-25.262271247478395,-12.393404270549087,-2.539064774913548,-47.17409798333753,-13.273071538310095,-13.991855274151145,-13.792394805251467,-11.65995101706709,-14.974836302338499,-32.74839453396235,-53.9961600385205,-58.539834195539854,-40.13973025109041,-40.028212822706024,-82.52219123176091,-15.708539267060779,-38.63796498626072,-24.56479586552635,-41.48691539088595,-46.56086758482236,-65.61997599214806,-41.29528166991751,-34.07763803116786,-46.92049953996017,-65.14529970798777,-76.89029587076098,-76.12502897651125,-44.432104820587234,-72.68218947650544,-50.13782012552334,-38.22986273955445
2018-08-14 00:00:00-04:00,-15.288188563329928,-23.165461078501238,-9.092602267751092,-14.0837981830047,-20.686508875874217,-17.30344071220113,1.1549294831151402,-14.451560051782408,-12.054693601980151,-11.478235878704625,-18.588264246510363,-10.92724344749788,-35.17813475100884,-59.46836045866779,-55.0440601950622,-20.262367726999994,-50.57617326276514,-21.006227882599635,-2.726740934784515,-7.720315151890104,-41.42205972377804,-17.654552605468396,-46.22912193974238,-33.271259828630164,-39.56009439967457,-33.99322081172701,-24.09319960424785,-20.0879725772771,-36.66968042985175,-24.146599907754762,-34.640164497890815,-17.941940886391176,-15.689310733016654,-29.53443665635315,-15.202948967811956,-6.9755955344761125,-0.3778232137121822,-27.222163942749262,-5.484468173219835,-5.7688420099967175,-5.6825724902601795,-4.808476438341085,-7.128230502310369,-18.174831090282506,-36.411853727193446,-39.1993759869291,-26.985577408696713,-28.168249582544014,-52.75974684980754,-6.667431984674141,-23.06246896514993,-15.316108058546321,-26.04476501972375,-29.445532373068694,-44.21667663649789,-29.77467670781229,-23.679822963572743,-31.64104277002126,-44.686468170449224,-52.1249407033313,-47.015812058624306,-26.373429079347524,-46.27713004269045,-30.42145027359743,-23.27290990674579
2018-08-15 00:00:00-04:00,-9.624286138800443,-14.824697811831893,-5.923682873535413,-10.474446306727243,-13.208458907670114,-10.34097468701964,1.7873581961091116,-8.938917407874468,-6.856412938846423,-6.384653630484209,-12.450175563137568,-6.078277173819087,-27.903324528588996,-47.7996858349539,-42.22938288215269,-16.206126440260356,-42.47002522657551,-17.155128089020913,-1.7444817595155637,-4.8216091749357,-32.17479063410779,-13.836769024777816,-36.62632073870828,-27.588138302872466,-32.83410088186155,-28.121264928209747,-19.920082496687098,-14.282293951197614,-26.57619118566458,-16.693307355618604,-25.95804944876987,-11.36632166122032,-9.86461440721638,-19.988909350359624,-10.53800874602515,-4.649882102118334,0.7518133489467744,-18.212488744102103,-1.3217399312286093,-1.4180792279649144,-1.4057692406672087,-1.1796252240706564,-2.876047776197057,-11.298916657749805,-29.76056298342866,-31.626089367941137,-21.990211502495587,-23.421288651879273,-40.99900249382571,-2.865678310174729,-16.65144344536467,-12.025989741221585,-20.519276200686324,-22.882585701993893,-36.27579414899833,-25.64981209694386,-19.634508247806867,-25.840325068440773,-37.240013636416876,-43.2690195314097,-34.20285013152805,-17.78443624281163,-35.497341473677054,-21.686694344796177,-15.729806238946326
2018-08-16 00:00:00-04:00,-3.675332208997554,-6.512279948934271,-2.9629870341597204,-6.73196765710592,-5.264251875371107,-3.007975411734271,2.5789824822416545,-4.79008914789059,-2.93759903360336,-2.584751805836127,-7.345431495756505,-2.5250819965456137,-19.66300869947992,-34.39963710611428,-28.081956372695384,-10.943100907536184,-32.499855974541354,-12.671650188956951,-0.8128638357147492,-1.8997698086584587,-22.04716883580466,-9.24635589093355,-25.425930418539664,-21.392358250621925,-24.941210242940056,-21.604891609328362,-15.27577606532067,-8.299105868199856,-16.080023161526626,-9.51737922952525,-16.786973428777376,-4.540644116511221,-3.803744750535326,-10.247516088981408,-5.405923577435319,-1.8005431892451191,1.9765666169496008,-8.909689201326772,1.3386820421928454,1.4190734781131955,1.4013650591777258,1.1818940809774345,-0.12397532931617165,-5.260872681895781,-21.89000109260832,-22.758243869755038,-16.33821521378799,-18.300985075089798,-27.94922647508019,1.1531133637728452,-9.725432007397922,-8.156580000684169,-14.241672942322152,-15.550193504481104,-27.05738203379814,-20.87593207543456,-15.146723986590029,-19.379723902582782,-28.24625006713723,-32.62760664577266,-20.865411459604196,-9.467953478407964,-23.779989328614136,-12.772153337590733,-8.669886797763223
2018-08-17 00:00:00-04:00,-4.581362986749976,-7.722938272878458,-3.2709309502522,-6.419331426792944,-6.207090691853321,-4.172751649399483,2.1404168155495458,-5.382343284771772,-3.7870137260084897,-3.4677535592981106,-7.875070968212458,-3.348519221921216,-19.654275575652353,-33.733000370227664,-28.396467611672726,-11.147719579021796,-31.391588670342355,-12.047475371560612,-1.050068421872807,-2.6779412750456846,-22.784627673295546,-9.278274322207961,-25.026866736820725,-20.30970529181348,-23.946472941444373,-20.56879702902693,-14.325119626171219,-8.754698941912107,-16.885885445198024,-10.237070079615199,-17.007869452597568,-5.689758916675981,-4.638993593815057,-11.650403540963216,-5.504033081505641,-1.8577396446497143,1.5212773932888166,-9.939265734639331,0.019277850210600484,0.031734103334976886,0.03492509191728544,0.025470632047591826,-1.1550218884704926,-6.270890863627558,-21.241320263808714,-22.141789591376405,-15.592813869408864,-17.35504368192169,-27.927140256446187,-0.19532384282326534,-10.404050995446152,-8.135026025468708,-14.564685031795293,-15.330256069027339,-26.148233196750898,-19.71919593727425,-14.304643802604097,-18.64917185492139,-27.092099723804786,-31.337033391456043,-21.899091079903098,-10.457897424627884,-23.93519986352404,-13.671515189137626,-9.529668057708136
2018-08-20 00:00:00-04:00,-5.830183877877986,-9.823629414618742,-3.5920747663202195,-6.8329739525288815,-8.226787393144344,-5.679249575221091,2.3041658308184836,-7.376196397301762,-5.564423787486288,-5.21139075748473,-10.474227723365194,-5.045407656994741,-23.89845384323828,-39.589502558694065,-34.814492087783954,-12.51920471978454,-37.283615719530886,-14.36050831429698,-1.2535812670239592,-3.4775623479472326,-29.32565125554319,-10.149833210292833,-29.10693303700347,-22.916620724865105,-27.184813320244935,-23.246515113599752,-15.895670738010276,-11.748836624873954,-21.656661700939857,-14.050809921501147,-21.376534138345168,-7.884342203201883,-5.906387358622784,-15.037962890792794,-6.429497151735816,-1.8830464230581865,1.7879144055964842,-13.019228767844647,-1.4167970702524304,-1.4389530288870362,-1.4010190500178852,-1.203795082572967,-2.481833906775287,-8.899711908932876,-24.8789956931944,-26.177198362976426,-18.27507360748379,-21.288323071499853,-33.798147587077786,-1.2181586224578596,-12.572175326175742,-8.856775479495724,-16.841250410687376,-17.34861019401351,-29.648401046943185,-22.08664450310526,-15.884159013754871,-21.130878314861903,-30.708406665086308,-35.593482596584124,-28.176462118455316,-14.078391700500097,-28.97480020234142,-17.415097893433384,-13.420684314144568
2018-08-21 00:00:00-04:00,-0.4069736349171725,-1.640323256941124,-0.48790246234163,-3.079870358019588,-1.7693936103321084,0.5377204008060485,2.4902945802580314,-1.9631336575615363,-0.37234048543281545,-0.14242221025847546,-4.201948677909324,-0.27753870057429886,-15.348638664516253,-26.30412619491577,-20.685280610077772,-7.074252437929419,-26.760613386117797,-9.951464755466136,-0.2480921488896452,-0.20858473443008319,-18.422380697199863,-5.399624351073902,-17.79426880069634,-16.68134545482154,-19.544871362524958,-16.74400807984805,-11.396344634950301,-6.08797985646123,-11.267900551688216,-6.934380236352256,-12.492833469959017,-1.6498205471854304,-0.4028925493724365,-5.35223971032449,-2.4646073118557483,0.12511566298727064,2.2779653237204243,-4.579404347435808,2.5289126058266453,2.7338572614879473,2.716592276234878,2.272421555536295,1.32783997528379,-2.5742461275382147,-17.276030171410415,-17.86804109463208,-12.653888680748606,-15.29741788825933,-20.744431045698718,2.418225860551663,-5.977246354533556,-4.975524732982768,-10.095287019795654,-9.515581511253679,-20.924512562812076,-16.96948222556179,-11.515034082799893,-14.617809284783844,-21.87157813725008,-25.811517014006387,-15.05477281767405,-5.713043013318088,-17.390263900358296,-8.44421089028863,-6.3510625162058965
2018-08-22 00:00:00-04:00,0.6520589615627249,-0.37193610769891466,0.35725928040969346,-2.3133182258849403,-0.3734568825190908,1.6665360174476171,2.741038193755798,-1.2982186362645305,-0.05149767668208666,0.1821698369514274,-4.070102721485509,0.14816261855705892,-15.68879222466362,-26.71298082375307,-20.537495880486077,-6.760579852603392,-27.73406440102877,-10.544585458983619,-0.10414657750501609,0.553374719787916,-17.872240303833955,-5.165170005680253,-17.218621304368238,-16.948053518374824,-19.903408338030083,-16.964383544154828,-11.600447842408245,-5.933994811034736,-10.165589352013866,-6.479162622733464,-12.222487820815664,-0.4251181408520201,0.7545315687790433,-3.929337523573889,-1.971803163170479,0.5777823973116488,2.590798362160766,-3.1917461097722386,2.873767982310778,2.9984088957589754,2.945773597612517,2.5013354619218267,2.3891001730897803,-1.2911628490768234,-18.24872228845474,-18.3066140953345,-13.651482780959205,-16.11469150703788,-20.550133278086893,3.6762061775653283,-5.449423174822922,-4.872769020389008,-9.959423053718128,-8.6211191156463,-21.151045855549135,-17.665762060691716,-11.788030573697569,-14.639801125484041,-22.572845531263496,-26.779146532140942,-13.8980865140501,-4.432307290969094,-17.038585681914764,-7.338238513777857,-5.798004511405007
2018-08-23 00:00:00-04:00,-0.2013107343136784,-1.3974049850605446,0.12187601875097405,-2.588580220877483,-1.0581933716720247,0.6756440739250766,2.5797651801065418,-0.6952604425525373,0.249221992658882,0.4868942126976041,-3.6507936100156675,0.542101348447662,-16.10285227650163,-27.58224893101175,-21.409660289653665,-7.743703734893232,-28.043994807641322,-10.588047942773471,-0.2517125080880349,-0.16412069214318933,-18.54735806925569,-6.189842786203861,-18.609048249145214,-17.359957411621085,-20.38091280813887,-17.38742754115043,-11.900067110856865,-6.555521606136311,-10.806590293284632,-6.874435443660673,-12.626160907030636,-1.67459714115074,-0.021408571079684843,-5.049952483120722,-2.306616535785517,0.18340438580206347,2.5288664555563627,-3.8396746492459397,3.2050026736346626,3.259174064885546,3.1745974876151175,2.726191120694767,3.00631102069476,-1.3255556979416188,-18.551873194225635,-18.758893541584317,-13.808217129524055,-15.898381980176545,-21.10820025866275,2.8764223278172913,-6.6286756936155244,-5.650765530886093,-10.647349739934684,-9.83671527892398,-21.602070708548993,-17.90915842576969,-12.121036084079346,-15.290574216494935,-23.247129890907274,-27.20783845979649,-14.67593179123486,-5.160119139811454,-17.796104568792956,-7.969493503539798,-6.02714126057315
2018-08-24 00:00:00-04:00,-4.141483527011618,-7.1444370798037244,-2.2629137410111144,-5.199529106911025,-6.269914572314813,-4.3224745466133685,1.9668609897704916,-4.4721229478482005,-3.5266297428599924,-3.2191231461863024,-7.5342008478186875,-2.924968013409051,-19.385133181100187,-33.148847402983634,-28.311633533416295,-10.370631341638564,-31.300521536688592,-12.18257354970017,-1.0296048943754854,-2.4585344275729866,-23.0512004461667,-8.891258493615712,-24.422718924655396,-19.446429415119656,-23.0199893070439,-19.628613410561275,-13.646774107078238,-9.487209625566404,-16.620595741067373,-10.685635072799036,-17.071409832805305,-5.988018354587097,-4.005908126101035,-11.366737956322716,-5.40040380983241,-1.6589511472219018,1.5400849216896337,-9.606064497024473,0.08297741679591725,-0.05269456208104232,-0.09669120879413881,-0.03194218529357842,0.06823659045140533,-5.861357011716292,-21.22717909977832,-22.140844504506465,-16.117740694755398,-17.54102717585214,-27.324300628868183,-0.23940604598914167,-10.751062589962165,-7.936567068327472,-13.967313523991278,-14.199794305933215,-24.982710700079892,-18.96714905637256,-13.641669375678957,-17.743403083900805,-26.10358672480351,-30.807308708363095,-21.828706371268726,-10.354160615054063,-23.746600199699266,-13.145520734347834,-9.888972423855085
2018-08-27 00:00:00-04:00,-9.101692510216624,-14.391904289717283,-5.296404944530505,-8.048561146610982,-12.43613535716539,-9.897377473835945,1.4163083172848463,-9.116434701482055,-7.947899325501888,-7.573579011653025,-12.641695684880862,-7.091041735766531,-25.466108491359183,-42.19960522268918,-39.16570572562447,-14.157275257024967,-38.45561326701777,-15.377748684115469,-2.348991349742852,-5.992546449255729,-32.241870657279804,-12.654979162012205,-32.616061722406926,-22.81106725638269,-27.207289114138725,-23.122754624950808,-16.057711064204632,-13.772645582682221,-24.99567129662911,-16.362685239223122,-23.508918160406886,-11.854469622051477,-8.812688608423514,-19.835864626153757,-8.620883981762006,-3.378665377112628,0.7400516480002924,-17.216284305726017,-3.7282803571771597,-4.016817908006327,-3.987215459109407,-3.339969880460011,-3.869372756697935,-11.723357359476225,-25.867117158455553,-28.072638260114058,-20.138853151985682,-21.630215304820396,-37.09265730569108,-4.522999344484115,-16.86227539468822,-11.242396540483115,-19.41599821843522,-20.058729256981472,-29.94670889746651,-21.29246853384466,-15.924484359791272,-21.45195574049441,-30.872831126631777,-36.55843068190298,-32.34067276929075,-17.744000168600152,-32.61347247993983,-20.667213534521593,-15.701766964512155
2018-08-28 00:00:00-04:00,3.8231865806254057,4.134674312104806,2.0092443016220853,0.4886261524746214,3.7080711619540248,5.41502175694199,2.925398483766327,1.9109065335543007,2.5648152627692062,2.7007956270115363,-0.07569627677293383,2.6110014854056582,-8.6830101460462,-13.924161950123583,-9.177554584196649,-2.6330562766804206,-17.96899442479722,-6.800430274218185,-0.1689080792196192,1.1064357441042028,-11.0727533221065,-1.7585212146703828,-8.634625926288646,-9.247861000158059,-10.575946938899953,-8.782860514899886,-6.303975645089225,-2.5437407001754972,-3.258874110286773,-2.215770808706971,-5.651103305840295,2.1421105576511907,4.403342912357909,1.314481946264177,1.236548929041614,2.2783540428392777,3.213997201220829,2.4389003409852714,4.384622073219326,4.529561938538532,4.435459351475373,3.782557940613953,4.491903407175163,2.776911788201269,-10.186927083870376,-10.898025320235668,-8.536558785724894,-11.317214497787962,-9.384874941584874,4.840404515280633,-1.7973036499978625,-2.214419298580895,-4.801412804045996,-3.2275553707713924,-10.360007592683663,-11.35993879561468,-6.341328929242325,-7.009733507711888,-12.215971379203708,-14.2431395158348,-5.154613840963208,-0.25242349028763084,-8.179084764337356,-1.795279734519245,-1.5704832689919805
2018-08-29 00:00:00-04:00,8.99957448784286,11.774802384840608,4.8298033800371805,4.010644545303661,10.544181434552094,12.152344501441302,3.636124930303642,6.97573733448089,7.549451349040295,7.576590503387514,5.546165016763097,7.170807282823571,-2.4247547943649925,-3.418122419200407,2.13149878739683,1.3146431906137142,-10.903227539088661,-3.6986827840417926,0.49715713164148695,3.3173988632877425,-3.4730353851609044,1.657048419949705,0.126760579034179,-4.058048785236742,-4.137122484620543,-3.3575046877694295,-2.3171013497203186,2.4920917572854453,5.640587053948259,4.12740469211728,2.2131621984156227,7.895454688312323,9.858364947061757,10.078601966333666,5.813006445201807,4.75982240242941,4.413286216832096,10.392048055317868,8.298550037001466,8.687662824982345,8.54457075591307,7.2449116989099265,8.152234755499997,8.893167694663438,-3.907062136226486,-4.1488494352045135,-4.207052089304095,-7.317079279404875,0.971373619985886,7.974399409023169,3.6519788282010768,0.6610136679014694,0.02000960007272776,2.5422430746493068,-2.7463095060599554,-7.4758437121400885,-2.5013844074035902,-1.672731546050431,-5.0789275095070945,-5.868962378754623,6.117737239520351,7.054401559035822,1.4008521845818074,5.9057100510660625,4.793069099906433
2018-08-30 00:00:00-04:00,9.950679683790995,13.086300868424388,5.298424802852134,4.38463823832824,11.823340373629005,13.10504292981308,3.7083232000530306,7.253947627823357,7.745458291748577,7.769002105787652,5.692993680090217,7.376377754997418,-1.7564189177249174,-2.1384314384475003,3.256033615760831,1.7734203915356652,-10.307692656214797,-3.6510080609385858,0.7570255875342613,3.9615544325180534,-1.6780524978717601,2.021302441552583,1.4488855136269134,-3.0986077033740855,-3.1245432387953507,-2.3546328486023516,-1.7424873266348753,3.828382232295481,7.457790314013112,5.742910783503714,3.7366300942055783,9.425211386678056,10.764719123506085,11.617637911774297,6.398891467029963,4.974692401576484,4.450871771801526,11.67563772470919,8.452302968351171,8.830134633987614,8.678751904510012,7.365313418565285,8.491458172965457,9.746445278994734,-3.5654087258237053,-3.546739933348551,-4.205727760146817,-7.1352929734885135,2.102935812463584,8.779707499631758,4.814343956721401,1.038475604850793,0.5803431250969768,3.43802510501825,-1.6243537712429637,-6.855890751343555,-1.875099332384781,-0.7586601783926383,-4.276051192961875,-5.073957712635697,8.502585529908767,8.790557814834374,3.095370767727704,7.421090232513308,6.39503318307663
2018-08-31 00:00:00-04:00,4.568087332225712,5.336087002712397,2.287862217719489,1.0438242767568755,5.78895647279024,7.091272718125858,3.165718195067662,3.421376786630988,3.753662570011284,3.8617779018119522,0.9513457959713155,3.787715328251287,-8.854356591410955,-13.36611101795369,-9.05996732150726,-3.552072286339192,-18.675018388982465,-7.1582576469423005,-0.24869807167375838,0.7349301885001032,-10.05548224423769,-3.0977241951806427,-8.607633093488566,-7.301480125162235,-8.615243489371737,-6.796272182709357,-4.726008754608256,-0.6564914382566831,-0.940258535170546,0.3180725960374189,-3.0255709388830287,3.668966577149749,5.37462335405033,3.1616092872078685,2.8430200816418787,2.845278030456672,3.5968710043996635,4.069166519332949,5.263367910560638,5.390389639965313,5.263102974953894,4.505512960113888,5.586194547442752,4.649894347729116,-9.490604416150603,-10.136684593193646,-9.060614085299065,-10.949642467365333,-9.14815713006148,4.796862605720719,-1.6951854454951292,-3.1604113925336565,-5.855970283660034,-3.73366049125054,-8.111686981839451,-10.081284995248021,-4.755518940810299,-5.600218246571514,-10.829149435596069,-13.055901042808664,-2.004575997772647,2.0926080018381,-6.76976749517877,0.09578334087501002,1.099414067935135
2018-09-03 00:00:00-04:00,-14.40815435849108,-21.708910171947164,-8.571263662288668,-11.712410495624837,-19.438733362239105,-15.581008674077664,0.9850624238803003,-12.134460311094001,-10.503641354696155,-10.043043712921364,-16.24106202036243,-9.483487335864911,-32.06221287772431,-53.45226742698555,-51.259905629087214,-18.77849311812797,-46.87644074794236,-19.20018766833212,-3.5501306221548994,-9.445958405294567,-40.99684483614802,-17.718162657220986,-43.147290226529414,-27.51736530252403,-32.8435205576238,-28.15470804269436,-19.290160159841427,-18.201726023012974,-33.6638165787662,-21.781057769095508,-30.04292463558895,-17.988686061565218,-14.054761479131576,-27.86386423843103,-12.432103843206853,-5.584955233308365,-0.08156864000572374,-25.456297657848925,-5.325955657551416,-5.65674585134826,-5.589633181868921,-4.710365333707209,-6.308702834852765,-16.81289252642644,-31.05654757322854,-34.66154203212585,-25.00111017653486,-25.34825058108206,-48.40759885915596,-8.960698657579753,-23.773845144460296,-15.614280182786732,-25.477293989423412,-27.553562419181578,-36.74442163018571,-24.372100083917356,-18.994661758920113,-26.543425518118735,-37.076724037110786,-44.97101642675469,-43.06960207350763,-24.89776307724678,-42.721900151121574,-27.976185808664578,-20.98549135541965
2018-09-04 00:00:00-04:00,-9.280475519036928,-14.41967849161707,-5.427812711823336,-8.437687531008201,-12.928619638067778,-10.074367321151616,1.3613056377059807,-8.171547409655698,-7.0611847867083135,-6.679577437052235,-11.761392770946014,-6.199534572423732,-24.952252718325898,-42.72987200230053,-39.01514991095491,-14.263505953480964,-38.10214657484029,-15.398796953094058,-2.2996326810131946,-5.954052686966918,-31.168587353604178,-13.264931688936088,-33.24364954713873,-24.02490703121198,-28.19893988734012,-24.48500453441135,-16.756140109572886,-13.486563435955876,-24.51479873377585,-15.7302365947188,-22.82251686904391,-11.912337879670087,-9.017591915542777,-19.334787851321323,-8.899236759531387,-3.7488787906842704,0.6267751037634618,-17.390602894140926,-2.717776754918493,-2.9962799414717884,-2.995492376364035,-2.4856999704153466,-2.9910372116188673,-11.49770531081306,-25.90889116153231,-27.89749675580195,-20.28313067010556,-20.966555849248813,-37.01662440559555,-4.775299050106435,-17.128143316742424,-11.747112173260504,-19.266659920842525,-20.995797714283025,-31.201998029817926,-21.682502248388463,-16.690078149707077,-22.670383445754435,-31.645767642524753,-37.911167229550585,-31.5776509137854,-17.242640686190835,-32.48807376199558,-19.995980152767146,-14.911957187793076
2018-09-05 00:00:00-04:00,-8.832580425059474,-13.98470012909886,-5.1690804419174485,-8.16230114655146,-12.081154310656716,-9.350001506909178,1.4876502198016894,-7.9210971159967105,-6.8945869713496934,-6.524822806158084,-11.592875235144191,-6.042467583418702,-24.891150836849658,-41.93904604629184,-38.13861306356722,-13.707292079578723,-37.43791946136865,-15.205649918522864,-2.094499020902869,-5.139233261819613,-30.233514250009517,-12.365992686117469,-32.06354574547422,-23.089437481871002,-27.393331925906953,-23.533122862105127,-16.125219692611353,-13.778732543848953,-24.10143855793192,-16.087620719825978,-23.053772477540065,-11.409470996063083,-8.68343966779358,-18.552203246028707,-8.60596730125596,-3.421186281953913,0.8533253805730986,-16.572956824418558,-2.693721518122107,-2.978113221138738,-2.9798804192218196,-2.469946811562202,-2.881255750919272,-10.57494656235197,-25.68171576929271,-27.331083578454887,-20.02114466004873,-20.728277482737223,-36.326340203822554,-3.761105940489771,-16.281825454477673,-11.07250559929484,-18.436214357966563,-19.502681835160235,-30.18822256873244,-21.311222735841124,-16.077235185414143,-21.56962976121038,-30.86208064566517,-36.997017986832404,-31.287291246172163,-16.74795550791225,-32.1055615493965,-19.520653236997738,-15.264468251588072
2018-09-06 00:00:00-04:00,-7.878326678532053,-12.476658067816803,-4.643834886804937,-7.646465818369735,-9.943312796775931,-7.332628634808005,1.797561268764176,-5.811895066668706,-4.7008429898526,-4.361294405810379,-9.178427745204347,-4.028632035128278,-23.453182244485603,-39.46195171928338,-34.51460464167515,-12.980841064227683,-35.43151612749409,-14.043274210919813,-1.8068121513797035,-4.057340190290748,-27.687302564904623,-11.592583842083902,-29.945072467663334,-21.531954635858582,-25.65534175270154,-21.947287520024876,-15.053971888494035,-13.457346695093632,-22.026265842339797,-15.457576507147296,-21.971682995344626,-10.054732858355866,-7.7967810163362,-15.777591528480345,-7.681225895485578,-2.826651212481854,1.3273346889133066,-14.167858543453423,-0.7469167750993466,-0.9077309195696854,-0.9332176193234516,-0.7461677526673353,-1.4306225330439246,-7.594691433319187,-23.724545139934126,-24.92032531810421,-18.491362506332006,-19.315348017771566,-33.627102883936416,-2.093212627854509,-14.850763515464497,-10.4353904205524,-17.079957231982707,-17.77482146056228,-28.054146308345832,-20.441940101820094,-15.059071324962602,-19.939350057372195,-29.053784144421478,-34.69906377495353,-28.879567545266145,-14.935178140306942,-30.339636349301447,-17.601651841853776,-14.496125835336871
2018-09-07 00:00:00-04:00,-11.176139181545821,-17.14878868373131,-6.459675178522543,-9.747654212492577,-13.082064429273627,-10.874638091305364,1.4589609596399058,-8.012083028481909,-6.86232810226837,-6.474104313166041,-11.65283867322169,-6.003416408605767,-26.865961547031635,-44.52072402123713,-40.19950592767442,-15.599532775700565,-38.68071023939471,-15.610075289202515,-2.2794527258949966,-5.725016394831171,-31.294625290500306,-14.227892155886764,-34.75645881195335,-23.22905269341178,-27.79228204398975,-23.72941100652184,-16.547788883338935,-16.349142294691422,-26.470547384888135,-18.98150151882675,-25.900278451659258,-13.469422326718055,-11.203835705591572,-20.313466689678318,-9.882358760383909,-4.144233901508892,0.8356716764369465,-18.264828124831645,-2.4260049521722005,-2.6929173285633916,-2.6977982751880067,-2.2325367322290868,-3.2020494031255358,-9.93633958853067,-26.1973006409827,-27.71906283842627,-20.548984488505802,-21.108515928183206,-38.930333978863736,-3.906437779368211,-18.228630923616787,-12.5125983183467,-20.024573337411802,-21.387212649725672,-30.55002399571299,-21.6582769756194,-16.441971258365953,-22.06313368709655,-31.989727881276025,-37.62482608692797,-34.4656528746466,-18.981309976910815,-35.26790711105774,-21.666770217674202,-17.94958427800844
2018-09-10 00:00:00-04:00,-15.93885883151639,-24.659051042921984,-9.42269975604714,-13.491204603513832,-19.09968144129532,-16.4167450642054,1.4731667206400112,-13.121248363519433,-11.816889597335562,-11.309493059944487,-17.760249327354906,-10.531460423689161,-35.31387090867759,-57.86313275196106,-54.286295179501906,-20.49995174244385,-49.49928863755585,-20.023687544276925,-3.0445511591721224,-8.191314564692007,-41.66921695007156,-18.487932657108654,-45.90485665495336,-29.054943840628113,-35.118763612145685,-29.736260141849787,-20.66378144470875,-21.80601287271875,-36.43629169318793,-25.850859720826477,-34.633844486711936,-19.246582994832206,-16.19653854871633,-29.43546780188725,-13.591074652379723,-5.901484783003514,0.5611511393624284,-26.108897278583285,-6.176924241919609,-6.6764103098846785,-6.633906015787077,-5.549619717023438,-6.794319789714961,-15.951319659861637,-33.85170801270192,-36.12399324059084,-26.595031595550534,-27.136100938609285,-51.896904657995044,-6.726967471216197,-24.43629245605594,-16.178760584928877,-26.310278263706593,-28.21942478229734,-38.87403578671117,-26.784307078055964,-20.39489565628801,-27.865641235950598,-40.26494995922744,-47.7535337453125,-47.15249288701735,-26.68850204942033,-46.86319055818498,-30.05415530539802,-24.733889676969596
2018-09-11 00:00:00-04:00,-9.225036894156585,-14.982646393117,-5.159070355390851,-8.658646797544607,-11.55810759131497,-9.532753018539761,1.9663190093296052,-8.322715527771315,-7.598114100447248,-7.186555368558055,-12.307427339599723,-6.522552525034921,-26.69473762305246,-44.51654295777266,-40.015561316002476,-15.167586907082685,-39.96542342932448,-15.765081306878859,-2.0137673131996605,-5.1028879942431065,-31.621579812770317,-13.553471569908913,-34.58976961618258,-23.763233962145204,-28.44109729576633,-24.119942113225353,-16.828834142676104,-15.45891123425582,-25.534636922142685,-17.780432185570728,-25.258906769212274,-11.850418059928504,-9.126410656899637,-19.388526144682107,-8.88732687412839,-3.3415956767670996,1.40950271741991,-16.47375740738607,-2.9628808503476223,-3.384167540646333,-3.4191966002009484,-2.797881367173407,-2.4792526970374453,-9.971367606565343,-27.05092476208169,-28.35297518066956,-21.21965806410169,-22.206426133925667,-38.38746031876752,-2.847345077819613,-17.173422538116714,-11.93734605960344,-19.816845105321214,-20.81172383549348,-31.05244581790274,-22.725408047630893,-16.673002644347303,-22.27917256520781,-32.548384300113774,-38.39556655332119,-33.336546340223734,-17.651804139332032,-34.5596211142832,-20.633575931634933,-16.72344573840189
2018-09-12 00:00:00-04:00,-8.467693332930116,-13.744483367817587,-4.97749003925745,-8.395110951357683,-10.585887366132793,-8.221908719374404,2.12099309521063,-7.5744113346575865,-6.66812361870301,-6.257263005064877,-11.409534983389099,-5.68380812828509,-25.74755948628346,-43.50222957867134,-38.378482387763356,-14.793639086458816,-39.653603475112796,-15.791751325179428,-2.222715011622436,-5.107019082151885,-30.528967229306804,-13.676272128423872,-33.71320317534442,-23.784336704699363,-28.140364635417832,-24.13544971888962,-16.878709907655587,-14.159181113813561,-23.855213001248057,-16.182639389303237,-23.63310852964053,-10.488127634778177,-8.136535772563807,-17.57786857525629,-8.345174612739271,-3.141343277760743,1.5404280548506877,-15.287541560656459,-1.97725528394797,-2.318726126210062,-2.3605023479086547,-1.91226612339376,-1.775688062632487,-8.888362220253772,-26.358002348215884,-27.647360636968646,-21.103136119073646,-22.04434857455938,-37.187126096376694,-2.506366696563304,-16.67467493987364,-12.134029221280501,-19.72525248549966,-20.873093018971662,-30.704636996638524,-22.609831495757163,-16.715402154876468,-22.210147206544345,-32.189351620201705,-38.03512093195426,-31.109299579482343,-16.212110570732598,-33.28318991214972,-19.235212656080122,-15.11265748022545
2018-09-13 00:00:00-04:00,-0.1806507261788697,-1.7893678356983826,-0.05439431920050702,-2.234859118287615,-1.2002652770971602,0.9738924369580826,2.881181220419456,-1.0390434136182733,-0.49904161325271684,-0.2560870863598747,-3.952119564826652,-0.04069303996048722,-15.710679364361054,-26.820439344926655,-20.740414530254938,-7.84188420358413,-28.131863840803504,-10.454191897539145,-1.0475504759885526,-1.30776450844915,-19.768876114667126,-6.732308880888014,-18.990931052036082,-16.62880377737368,-19.336111830575636,-16.58489818030689,-11.297994727856327,-6.817910235333431,-10.976044075948256,-7.115055047138003,-12.449169961463566,-1.953557201106513,0.5341544859435986,-5.257856421872681,-2.00721509621162,0.6594285108470294,2.7457647627090274,-3.619291741446913,2.4412038479659524,2.3608602835546764,2.2593506418070572,1.985546989415885,3.0547345282170832,-1.208883935815812,-17.499239465303223,-17.90826028218799,-13.839681325225081,-16.074402545449495,-20.558827421013223,2.221788105268522,-7.608903015872049,-6.3714229563303295,-11.353005530630877,-10.576945066299775,-20.495936831632626,-17.349112483406014,-11.462135283827852,-14.50014040167956,-21.8375210974962,-25.84255878324064,-14.980538395774921,-5.63156116627915,-18.316225354796114,-8.104558733142145,-6.216914769571441
2018-09-14 00:00:00-04:00,0.43313153536498655,-0.8520407630611398,0.0669527168829212,-1.4146419615255925,-0.5727716269915312,1.8401088961070686,2.7248215362626302,-0.961345279389098,-0.3372643978709834,-0.14227167679346475,-3.4646703609277805,-0.03087773381531525,-14.050809349566954,-23.80460776224258,-18.088511818410623,-6.674521009345557,-25.619427590465,-9.334173246385632,-1.191331002039117,-1.324929772296795,-18.71000379770457,-5.504815041657533,-16.1699633974052,-15.268890154049851,-17.66705156891289,-15.233925086599028,-10.091909872757418,-5.598623827810788,-9.545450443529386,-6.008468434927751,-10.682938265304806,-1.1623144632088513,1.265709720687582,-4.189258476747089,-1.15020227716144,1.175437901037434,2.5657297368785765,-2.7549202542554463,2.0457181176607495,2.0324507198644692,1.963874136192045,1.7043133055532604,2.417677990981746,-1.118997655146805,-15.66048315416865,-16.00669948143299,-12.158883363634912,-14.688937946626446,-18.063209025592197,1.951834807211205,-6.498780213159266,-5.428800712078214,-10.278492380422573,-8.972591817501288,-18.79740006548183,-15.956573741198714,-10.396016932709488,-13.140095679215232,-19.621121806610535,-23.336563994036844,-13.133536727982232,-4.690790263186633,-16.073271489236795,-7.064919444835945,-5.333204483359465
2018-09-17 00:00:00-04:00,-3.1980814630666465,-5.943174702371323,-1.8458171906459493,-3.8328618504508745,-5.128822349531007,-1.8967196952638792,2.532958486228667,-2.9266073021449173,-2.001738243287321,-1.7348656949392278,-6.10114187866699,-1.5496268293698312,-19.861519159495984,-33.550544125749475,-27.58141987046447,-10.171315074316555,-33.72669955589498,-12.547273890171198,-1.842157696844001,-3.1655749581431993,-26.816197106035737,-8.735593319366211,-24.073917849872903,-20.164673918536412,-23.603465905361638,-20.43660794582263,-13.452434566064557,-9.796180654883951,-16.524085238480477,-10.9726939482017,-16.82940359712125,-5.504777747776251,-2.4009200520943734,-9.934909568759547,-3.9145777299212887,-0.3080575871659891,2.3478288891500227,-8.386814479645668,1.1929281083040497,1.1390476768182392,1.0849847356164277,0.9593306381181319,1.1387901286836297,-4.415519128165566,-21.002754516462318,-21.84780448487569,-16.158899881180627,-19.069225463228282,-27.112110586453934,-0.4009973992122201,-11.221999499670122,-8.230422294727534,-14.606406845833972,-14.03356330461791,-25.474478333362605,-19.776304393006427,-13.76856914710773,-18.046374673252906,-26.174972034241666,-31.1753415178272,-22.07523858934541,-10.051691476891216,-24.337363051455505,-12.744879437993495,-10.141399129188757
2018-09-18 00:00:00-04:00,1.1842745140911146,0.2952441977874255,0.6553791352233146,-1.2430531429584937,0.8140808268029719,3.312768717473853,3.0781902922694626,1.7164279448537936,2.248705853621667,2.4306754320535218,-1.2397733243809737,2.4590658293008487,-14.218615220461198,-23.096176145439173,-17.11883318090173,-6.146616057699935,-26.122468499051745,-9.634011708569632,-0.6975710134993223,0.07336289456846598,-18.077672777985242,-4.814531378586313,-15.599082484887546,-13.350054896181579,-15.945530708882307,-13.302119113706688,-8.852771823140134,-6.305822003909744,-8.561900355252682,-6.290667895817334,-10.807941412968098,-0.8474670965375637,1.8032036541910932,-2.3161457204914773,-0.6727998017850539,1.48576306829617,3.275167868845227,-1.2896431545509472,4.590770616698688,4.655220354761767,4.530065974555457,3.895101221318166,4.661285131185313,1.9504924019761456,-15.14945300519614,-15.486782024843768,-12.332647319152978,-15.211342564069586,-17.28508440925912,3.7135651596364996,-5.703268517408739,-4.963339364691887,-8.809096771833287,-7.085950089148654,-16.512602614374025,-15.051879547541647,-9.07390831425954,-11.040304135561671,-18.224585479788583,-22.08598322440652,-12.218588090738436,-3.600778269619549,-15.665490343488134,-5.744962568224574,-5.297609771013837
2018-09-19 00:00:00-04:00,3.685118238671677,3.645921351968181,2.016746704259575,0.07221819633175597,3.0686428822523513,4.781954816365812,2.924739943729558,1.1321465541145812,1.4783876557490563,1.6486992526193955,-1.1543935864668695,1.7447296174411837,-9.502939050704414,-16.649108893765675,-10.676961520734006,-3.288619901288926,-19.93335683474539,-7.230496489742651,-0.008430541876203002,1.542829230932438,-12.28706219527833,-1.8747712058458657,-9.849544389383666,-12.64301686830073,-14.403280962069113,-12.508301188943316,-8.48649301354024,-2.867157925586344,-4.094969359223322,-2.4677006258259553,-6.626776974241297,2.3008412046204127,4.154841999247778,0.6867176617922566,0.5904001460480767,1.9083884706597134,3.0995771302076265,1.9388532547910178,3.624193838475539,3.6235531086025228,3.509036175916255,3.0364618299598143,4.431274959560183,1.8352229016584394,-12.689175980316723,-12.208558130849172,-9.344429713094694,-12.638120596651259,-10.816717264221602,5.0423742964220795,-1.661680684621336,-2.2768397575800394,-5.12715161880439,-4.173821928123546,-14.792323063330606,-13.900575947517877,-8.750401148780744,-10.13791520682975,-15.929701129316387,-18.36012289490993,-6.237776677513149,-0.2044153990007189,-9.379345566084984,-2.1729519958215846,-1.7437179972003298
2018-09-20 00:00:00-04:00,6.722482295049297,8.245963321555447,3.964537717465511,2.6672431958739438,7.322210862825344,8.558690174347394,3.203028103680176,4.471172438745217,4.603861706022906,4.689873590665344,2.724924907167633,4.614342671567183,-4.929603061844028,-9.365761628003447,-2.633410615306722,-0.7687864458527228,-14.088382414665505,-4.428039472841684,0.4205369016766014,2.6883493133453182,-7.035113881003752,0.2884132305815206,-3.8347915429626562,-9.689049764114955,-10.464638547947796,-9.34334135915194,-6.113503875854766,0.02577051401849702,1.5601805064799816,1.243263681608808,-1.6263341021683007,5.482137239695426,7.394092641942076,5.918179217764368,3.4827319683211755,3.517679984910649,3.6654699709484513,7.040766736697395,5.868971193809216,5.992799819271035,5.845436134627458,5.010597980301124,6.735745006865777,5.464226443649068,-8.220567895931222,-7.326897824531584,-5.733246479546028,-9.089899853509353,-3.353760798557321,6.71560750819944,1.5937986215188609,-0.3525629352314556,-1.9824925419444528,-0.5596905725314153,-10.13454317692721,-11.564244367558164,-6.5959773037028535,-7.20719249536707,-11.417405346811755,-12.641459744188436,0.8885197276777489,4.103108528805287,-2.9345258537532595,2.556914059078515,1.9599449847520303
2018-09-21 00:00:00-04:00,5.038719122731476,6.026504146535986,3.2156697612063367,1.851395989462118,5.697961018209105,6.8085709680446,2.922825923921697,3.724658252743982,4.050706188152452,4.146871482582463,2.2205226362433153,4.046214175793531,-5.5065034019881836,-10.133844517254541,-3.5700612634949924,-1.1167978557619729,-13.18948183190028,-4.3892366953503865,0.28633051884015415,2.202812138700145,-7.031622336894739,-0.25076943015937103,-4.835223478925713,-9.808121883207466,-10.463774185968711,-9.47075784474931,-6.421196325418674,-1.9261609459185163,-0.4259612872508902,-1.1668188245106745,-3.674601934689106,3.644836310610746,5.585726624761334,4.264229466898695,2.2159158603393654,2.8929156388743587,3.315270670282528,5.195053387532867,5.431067567722598,5.57680014906439,5.449930275769355,4.66003365516827,5.912647366810071,4.708040526503635,-8.058838509182955,-7.353688108662315,-5.595025196701677,-8.483062674013997,-4.499590562738479,6.080456981747642,0.3711136307663468,-0.7442653395540991,-2.3097272635398443,-1.4082332764394332,-10.202218279471454,-11.308459379777672,-6.837429493260876,-7.506780629625244,-11.528461409952538,-12.401142465950379,-1.7113563817567263,1.8634393250668575,-4.668018101643949,0.7824555339368059,-0.46182898911533055
2018-09-24 00:00:00-04:00,-7.032284616532281,-11.24596498117967,-3.716842624750494,-6.799094294049861,-8.64701854764836,-6.484845233252377,2.0597618769695125,-5.182864317623227,-4.0955795096007375,-3.7486582889804154,-8.273839540419724,-3.419042895102057,-22.38294391837296,-37.849979618571524,-31.827415724370514,-12.53330120256651,-33.98238587305435,-13.31772989488719,-1.7258292992534008,-3.885296585265013,-26.772005190770624,-10.920103396765407,-28.52894826957303,-22.398938585432,-26.103035425887192,-22.724623857897182,-15.78948113565057,-13.556245764812942,-21.052107886940842,-15.358868510689046,-21.68549871489872,-9.247385443442287,-6.7867592620253285,-14.44863656732156,-7.2671168032123505,-2.361871003057438,1.6084802312951554,-12.598732873294267,-0.026771223057301768,-0.17863025609542194,-0.22410195604620103,-0.13601441674834286,-0.39447776996332495,-6.5050354387164715,-23.129259215993827,-23.96051770731915,-17.214703178940766,-19.034854036020374,-31.37664208418565,-1.1965437763447693,-13.796306302972752,-9.674086177696765,-16.15750505989644,-17.63110353654601,-28.351591663268714,-21.256989312735723,-15.8691557510928,-20.713206911366196,-29.576278326489465,-33.688736289697715,-27.76880895287015,-14.43861564431008,-28.88253647473734,-16.834967208906395,-14.34362924704413
2018-09-25 00:00:00-04:00,-5.476772258999243,-9.016302647488127,-3.007637117661642,-5.961665502216571,-5.890312737905031,-4.199690258445431,2.229773563796749,-3.491399397069017,-2.505305306248272,-2.204422007481667,-6.332822938348284,-1.9691485524773003,-19.79271874991274,-33.09475954625008,-27.048695997088608,-10.89144025206169,-29.992667317866893,-11.746041404354843,-1.2273178991234892,-2.484247525509351,-22.207419348293467,-9.414787473347365,-24.59930922845323,-19.228605035422078,-22.434844692483246,-19.35878119415372,-13.584744999241419,-11.900836704896047,-17.4633782963996,-13.312260522978688,-18.876800688987657,-7.128151959356411,-5.394172496455218,-11.06756398108779,-5.757760354722942,-1.6390996635840986,1.9807459588587268,-9.552355859292428,1.0785447221069848,0.994546414603406,0.9349057943786497,0.8409552709967343,0.5282078323505291,-3.9585335105975963,-20.16851982604683,-20.713645417831387,-15.247361153053589,-16.748168328420014,-27.08776320086188,0.5250847625536099,-11.35225134567172,-8.373073727943792,-13.777268561681023,-14.885889424375176,-24.05747029153789,-18.925828263689706,-13.628131654584603,-17.57453266853329,-25.70128232558861,-29.214817484326527,-23.26803549465367,-11.548331004294328,-25.032582446735052,-13.76121426383095,-12.27630472562568
2018-09-26 00:00:00-04:00,-1.532578998476738,-3.2939174661513073,-0.5582508419911107,-2.9554575557616496,-0.7191638488744602,0.4944775461026079,2.677661432101881,0.3899062041696244,1.1159753321085806,1.3250282249342074,-2.08463978291283,1.3742239190172736,-14.752322236327972,-23.63109197963982,-17.67679524803247,-7.3171874566820945,-23.1679255885587,-8.98818406764223,-0.5166841816797899,-0.42582426875492535,-15.71795107790757,-5.931034309203442,-16.858299430629845,-13.7527984231574,-15.98644842459629,-13.54064544610482,-9.655116836469482,-8.802934078614832,-10.781397075560605,-9.31153818578709,-13.41590037402439,-3.205641879693789,-1.348892764819173,-4.628015074000315,-2.473060489086973,0.323641577038867,2.788728389157604,-3.4327521325485475,3.7480000450048667,3.8001302049358667,3.6978027627589243,3.1796762199232766,3.332822715814602,0.910833960878031,-14.749654537718582,-15.123931855974194,-11.36797977424964,-13.22699472703568,-18.233253776046386,3.2984242507757555,-6.773418388177974,-5.41339842533887,-9.08268948793868,-9.258207363761791,-16.49212024548614,-14.993373809323547,-9.721173421556356,-12.008568891915145,-18.79070401623571,-20.88440496044876,-14.985183005815367,-6.383685941227904,-17.24258955737772,-8.01037775682794,-8.264531699721857
2018-09-27 00:00:00-04:00,1.5855186286390888,1.0510042158191255,1.0286798555281473,-0.73768424616266,4.197253757808035,4.758277017264555,3.1942911849702673,3.417763812630561,3.7908040296164702,3.9126103081375474,1.2894965407180619,3.8451584491123305,-10.694402538278043,-16.685580859851676,-10.23917748467331,-4.990277497205288,-17.97839583538887,-6.37535090638546,-0.02722187499867519,0.9431671372106195,-10.541626289867528,-3.8958470198924857,-11.136380533882235,-10.088600692640245,-11.45931433846629,-9.62911382896438,-6.726247021524092,-5.790521858619505,-5.021382336388756,-5.547664143545803,-8.378471152552608,0.09857115414674149,1.8500684623047823,0.5087730401094583,0.8751628448337919,2.16120117262996,3.7178120830817405,2.00463664536538,5.470432267173276,5.5978636312799726,5.464170267785634,4.679331651696358,5.199894729627902,4.741938915477381,-10.411675542181275,-10.25560304090136,-8.266987694576066,-10.100430374606118,-11.24045053495202,5.424972063573305,-3.5003839151560188,-3.679674395407594,-6.14516388995546,-5.359629059875481,-11.038541299287079,-12.472321925327975,-6.990938587634178,-8.313348095762136,-13.793158151553678,-14.919874009436377,-7.752485993835932,-1.8347377154401654,-11.101413916559208,-3.1985150518470067,-4.473644914785427
2018-09-28 00:00:00-04:00,2.786279820183447,2.6331731698890897,1.728905098884949,0.08733406865939161,4.948860826033973,5.2435815639355186,3.0599100234975705,2.6178155949724156,2.860646526000408,2.975971289860188,0.785405435828457,2.9722856110476172,-8.744264548655412,-14.671412760537084,-8.145428045314508,-3.9407930049392417,-16.36890679344827,-5.305394563334833,0.21401509779957478,1.3045350318228008,-9.337926410970253,-2.8913005806224037,-9.055751424422471,-10.671667076374098,-11.785855075954837,-10.288609338175478,-6.989417613106875,-3.8806364654123118,-3.2695244565465,-3.507118862921652,-6.335093639155779,1.6500436740902682,3.0565832352567592,1.47349802465638,1.5544414187558566,2.4204239806479193,3.5008952097174495,3.177970910392146,4.40414980332079,4.470947137061735,4.35239552465299,3.7404757035197034,4.684996434434791,3.848557405807564,-9.859540100729998,-9.10936901226988,-7.201736264266838,-9.578805501644688,-8.992310335880786,5.473656539905546,-1.9847964927451087,-2.706843069060218,-5.197641136151004,-4.455692847471583,-11.553074106887312,-12.499798628683417,-7.3806871543843355,-8.854647606539498,-13.652927392810097,-14.61564693899172,-5.2980202446580895,-0.3173028817685619,-8.60931765950399,-1.8135007283302804,-2.6381509912556838
2018-10-01 00:00:00-04:00,-1.4046126139954918,-3.4225231089370394,-1.079172691038497,-3.395437190283325,-0.8230893494664807,0.7772935295583402,2.7520067412379396,-0.7087061881768753,0.24227739642331353,0.436793042344108,-2.8392355354567855,0.4253226098980145,-14.48254743611977,-24.807790962174202,-18.141451424286313,-6.939516762336297,-24.287084401020536,-8.356201461172919,-0.3170619236591245,-0.1315340113797546,-17.681808077434766,-5.479226820969027,-17.01492304860058,-16.144101639004358,-18.315673114576988,-16.094463784101602,-10.742254149460052,-8.262896203063798,-11.256864013456953,-9.165585450077481,-13.258330767104471,-3.212765291037969,-1.5077373107264775,-5.246661407805675,-1.9719943532575506,0.5260560269479856,2.9993800060927853,-3.6545303921051087,2.681978842828164,2.7733973382096098,2.7166791786344664,2.3157749178245743,1.814021873657904,-0.9856772806316988,-15.327264858443248,-15.219947392635772,-11.051253530441747,-14.141431578780052,-18.65701091798156,3.0889543760714484,-6.518949233619291,-5.127776575340311,-9.032705922733124,-9.297079089137318,-19.08215357154124,-16.53333833783559,-11.10281594714829,-14.048862261744778,-20.283853401420803,-23.09794907333871,-15.44302225172485,-6.521591632780684,-17.54938275492627,-8.320750447262991,-8.291346185416183
2018-10-02 00:00:00-04:00,5.2003024037009915,6.207225045558576,2.773138448152441,0.2549246435751415,5.970457298765194,7.329297217706053,3.250563589430556,4.047217064554484,4.864662909643643,4.994562807855382,2.8389765672220695,4.763063824433825,-5.143812299202184,-11.502627149124686,-3.320566384505113,-0.9739193148028964,-14.151772192752436,-4.135497034254436,1.1434647613292581,3.8516387677222816,-6.3589322626773255,0.004209006054939626,-5.693165651599796,-12.201171778206223,-12.791412354158725,-12.00786829224683,-8.023240193093137,-1.7472319881301346,-0.24094858883852552,-0.9243973969133725,-3.911837117615018,4.284799881859589,5.055088808841829,5.202977255546435,1.8685461250061688,2.416199328788745,3.7240535496119658,5.5048173451929525,6.739791959301114,7.012291083712991,6.882801928108991,5.851510024906343,6.163369893316962,4.7777069283056255,-8.661592862661449,-7.387199979619702,-5.460008716241424,-9.40563654332323,-4.867347812574976,7.592307426253658,1.6235480014541683,-0.40165154796740166,-1.151780270344812,-2.017509672920943,-12.690301532689126,-12.994970256355899,-8.422371737405953,-9.544988795688411,-13.472979137521431,-14.805789348023485,-1.2880730004334822,2.644747547156669,-4.857331152853991,1.4684137840572147,-0.04960687499994657
2018-10-03 00:00:00-04:00,10.236750266157163,13.614038371802705,5.6574626528891665,3.289881039534675,11.83206279964729,13.036956215157277,3.829683468177162,8.489949061229913,9.182364603165286,9.250374981374096,7.69159863539318,8.811136721249111,0.7671763839837161,-1.2279015118536825,7.283863754075293,2.7483300225891822,-7.398403222926239,-1.6670804909661108,1.893104559924636,6.326274411364757,1.6605143450929167,3.662677723231145,2.477699871696591,-6.712547646267829,-6.4674974536443655,-6.271213763417597,-4.3821620891293405,3.090191035626765,8.112277805734138,5.333629750522229,3.088604346503143,9.956865268336726,10.32445309552959,13.285704842417395,5.28899680343888,4.2100944689337645,4.567532226866193,12.811543508639714,10.511760384883354,10.954600805945997,10.75808189736901,9.139685447855383,10.058053248514533,10.685121033596875,-3.25365027976652,-1.7517884570297997,-1.7203142477557127,-5.902793936858143,4.962890259601896,10.992595220293582,7.318612985483378,2.6869107763798548,3.9217316148745507,3.682893193726113,-5.315700156757347,-9.11675295169838,-4.644103971173968,-3.8522077968492034,-6.7754722960076466,-6.704985744571337,9.30526748211623,9.680980496911214,4.3279253047851585,8.723320331522388,6.286692618965242
2018-10-04 00:00:00-04:00,6.000039380239753,7.41397804033808,3.4754640847780056,1.2239526148350048,7.9418374531495575,8.85401939566421,3.3985641042559167,5.03625220263115,5.711422841724595,5.821294106965824,3.805424989847301,5.573764106642588,-4.376461088126991,-8.606996371521523,-0.8741333585959778,-0.5204838900007176,-11.734800540046985,-3.7589127979728865,1.110524317043694,4.084809603305394,-3.541514424095834,0.5577256839443868,-3.5844651688031526,-9.279949223330803,-9.731488770535716,-8.944805248561167,-6.207084376694113,-1.309197643895236,1.4712099126125313,-0.2383225858219509,-2.81581594484049,5.508837489908667,6.057838010500682,7.13397949145117,2.9142110069791913,2.9941295591630044,4.147597241884186,7.3964506000276895,7.372668109289696,7.654862227561543,7.508366556486717,6.38908819972944,7.044103042799621,6.9489289409518245,-6.929790526441749,-5.656423400108797,-4.569994292475139,-7.782795499692439,-2.780947010459487,8.392469255375955,2.719144482100306,0.15599319837185355,-0.3958283009484365,-0.6812636115197164,-8.973858627361077,-11.068201541619706,-6.473016965163138,-6.87142598516263,-10.792161656386426,-10.930656279980514,0.7347142167619934,3.941011961117015,-3.0158339784523673,2.8476388440617995,0.6631958942674762
2018-10-05 00:00:00-04:00,1.5683567478900124,1.1834678527522955,0.5600024917705189,-1.9787368170714787,2.543009176201861,3.8005793224674482,2.643226604935147,0.881203154278371,1.9291642918810308,2.111431700516674,-0.3822010663542136,1.9914467268049456,-8.205675124533148,-15.806995858809103,-8.80501564598028,-3.4576590948394874,-15.768344686116084,-5.845181878515603,0.2939771753438519,1.706488059300141,-8.2113766734408,-2.6281605587448063,-9.918267997747327,-13.247998747565571,-14.260565595394198,-13.234125672119559,-9.191011318230437,-3.9780095576880283,-4.625017281035759,-3.9436886453423776,-7.348613346417656,1.2237389477065663,1.4898053858166165,0.6325954491119031,-0.3222477349668322,0.7996591168398343,3.127402264647219,1.0522270160940432,4.313819915834194,4.499360811271928,4.419874697535788,3.753595385193855,3.4885956237749696,1.8237597439365256,-10.676942316299552,-9.82353293768001,-7.385795316963897,-9.749490151318772,-10.167234216119255,5.023962691647205,-1.6977449043850399,-2.5369201494523157,-4.327388539515337,-5.816823727385735,-14.403161896681539,-13.270739916998938,-9.385436562398658,-11.145741447866868,-15.632439583960732,-16.592539776149344,-6.65174796543278,-1.381881928805075,-9.487708263486429,-2.6737643262534254,-3.167831777506307
2018-10-08 00:00:00-04:00,-4.480933377028343,-7.125117490155856,-3.173871400521746,-7.301230818220759,-6.413321848524746,-3.8556389358952075,2.0146845059263225,-4.474153411826655,-2.484816596681434,-2.1134475424464636,-6.139138324586449,-2.084526577893657,-16.818708203883872,-32.93440978451057,-24.926062559564805,-10.19628899800992,-28.982954818293248,-10.870340571287574,-0.7411265022083077,-1.7164164027424147,-19.863778449465237,-8.801369548605335,-24.540582937575177,-23.934115112773473,-26.984751554758507,-24.487601662541305,-17.078920839138544,-8.40674648766934,-15.900926053018496,-9.459719740753856,-16.466034006895164,-4.998909449419886,-4.706778761414905,-9.992302739586226,-6.194801329921307,-2.887759434697063,1.799384507860938,-9.043087896668833,2.0493660895456443,2.1653974990763913,2.1361412698971747,1.8040776423424993,0.291437412319797,-5.966462495100243,-20.665332964349062,-20.816603809088548,-14.079529998091552,-16.13746902051238,-25.572919234229847,0.49999860517586386,-9.270753855640088,-7.6985538578874975,-12.630666819431795,-16.322091029054906,-29.17228398934529,-21.40332355368207,-17.0896772213422,-21.847669740481546,-29.24109061141359,-32.659455431200534,-20.441506458049773,-9.614283671519228,-22.789476763379586,-12.34816652066177,-8.573642651376632
2018-10-09 00:00:00-04:00,1.951216206217634,1.8557340633425146,0.10586500023180433,-3.379266727184205,2.1279301817311693,4.177570040948198,2.9253260133376098,0.9365711280221829,2.427633718439605,2.6789452821687556,-0.42526600889590266,2.5074400743899625,-9.483915330005509,-20.094364968169632,-11.613745347248969,-5.198931477570832,-20.62613319355221,-7.341453817252968,0.28092519065347177,1.694202688288704,-10.124386022230937,-4.155622325159162,-13.572934987206938,-16.88163539808642,-18.62476309034266,-17.04945526418619,-11.85184297759715,-2.2776134481592023,-4.875204816640881,-1.749145433465821,-7.124881234796645,2.2117759740492384,1.8677828279685342,0.40514923515409285,-0.7746054331611856,0.035887629473737505,3.305858786725612,0.8246725141517215,5.709287014709942,5.968835688043291,5.867902947799063,4.978298674429863,4.306723257296237,1.3159669756531909,-13.63663124298696,-12.97306780212273,-9.467805124034017,-11.930189912634885,-13.061953592926214,5.104458948107847,-2.1485604173666832,-3.907035668943015,-6.25871373652027,-8.469067926736669,-19.251176753289258,-16.491655588689625,-11.947107333901219,-14.436572750530662,-20.12147257437661,-22.26263739683427,-6.5740752969599745,-0.34162373832759896,-11.129782714638955,-2.761311849484993,-0.8014413247597824
2018-10-10 00:00:00-04:00,5.996062313547248,7.516005235433682,2.714394688211337,0.02336698973955489,7.199317158953009,8.731291680845702,3.414709566873065,4.0753406814433575,5.082153622692726,5.245424616698453,2.7744074725872285,4.997560022613945,-5.398738991586075,-12.350923421727899,-3.8967583431374013,-2.165467142194626,-15.83650308767877,-5.178618335856148,0.7689360996130665,3.2709191769824746,-5.498801203722093,-1.2839149686480043,-6.722702891272019,-12.56550033935128,-13.538509290429047,-12.485310439135736,-8.53681415269124,0.907438867513021,1.3422975919947084,2.2934626849717126,-1.8636545724733276,6.294052063463024,6.211355940476024,6.294024471560741,2.6384367216768285,2.2291762710084457,4.027040002020347,6.634993748697634,7.387082044485819,7.688158827246296,7.54696759218174,6.415289606232386,6.730232587509971,5.462935028161405,-9.55140399765846,-8.36205473480661,-6.630976579291235,-9.612930745980883,-5.569216550178065,7.430760120255659,1.77612212006152,-1.4770497109098701,-2.8298520869857327,-3.450533248525287,-13.349883186101808,-13.552484590676704,-8.794561282930113,-10.03623544346125,-14.725647139317815,-15.98048843843005,1.1080459866884222,4.68985662244118,-4.220078406773611,2.5524357462151497,3.1922644911545834
2018-10-11 00:00:00-04:00,1.8183830881079146,1.6519709177004571,0.28927858721136296,-2.7474828105547475,1.6226205679500798,4.065101262545482,3.1239235059653314,1.4300642967820492,2.824722951800071,3.061730284609691,-0.5208566563653299,2.8845407541840298,-12.204948427465231,-22.895769034940486,-14.922932939300864,-6.581443468245666,-24.419036451424166,-8.720732501078551,-0.14381994261627615,0.746746307057002,-14.139458172266982,-4.98478628626395,-15.723754489852508,-16.671039382503622,-19.191619893861642,-16.882347401756487,-11.482427776407972,-3.280933940898722,-6.662917875552143,-2.834335089626231,-8.615710487349393,1.2986564248303836,2.0655695831986347,-0.9044668310110633,-0.6844514715212807,0.5662547056805529,3.3289256011666173,-0.10094392353180896,5.944165858297175,6.204709540422148,6.096671257836315,5.175862705877282,4.719775686615259,1.607028263156904,-15.309315686682204,-15.107703763637087,-10.98480032828281,-13.534889477316337,-15.9143396112605,4.37431060916613,-3.692820550530831,-4.7164862112502695,-8.310410696891042,-8.851382100677192,-20.059941805381925,-17.157853125343383,-11.662110477196402,-14.300054168866364,-21.23798636059165,-24.15485190349877,-9.08948403117576,-1.4392525173293704,-13.511697312571396,-4.30693082673683,-1.847093646376683
2018-10-12 00:00:00-04:00,-2.1520257661093787,-4.117101579232386,-1.7991404784343772,-4.916519806302171,-4.374060322956326,-1.4493253326787567,2.5537214923457836,-2.1872089522928095,-0.8381741016509366,-0.5239688701400502,-4.567685056008548,-0.4406659352596913,-16.777337588675813,-29.70316391049329,-23.55414156325748,-9.640020752299355,-29.746186049499283,-11.253417492939535,-1.2174143763032494,-2.1515812653466724,-21.124221928486136,-7.946021246788643,-22.717681123706782,-18.590745523228833,-22.015571645305698,-18.906413881906037,-13.227888827713494,-7.024132359037319,-13.654168258049157,-7.482905148380285,-14.193495763243305,-3.805161853115809,-1.6908389730010294,-8.222848857830362,-4.189994445054907,-1.1626478102900675,2.201710999953483,-6.628894379508886,3.023731694611308,3.080289145780767,3.002158312599089,2.576077336057498,2.2521538586097267,-2.9311275825203,-18.9434538384885,-20.03405051370053,-14.302457400319978,-16.47477822821586,-23.462995439494126,0.8361178372721819,-8.838922044438073,-7.3445034260295206,-12.506351070016118,-13.290166036768378,-23.74544341486847,-18.532376408963156,-13.125783402609514,-16.5275460833299,-24.628000738733437,-28.626272010054805,-17.90378058002424,-7.664876039620064,-20.775820279707922,-10.548240726863087,-6.522348993984216
2018-10-15 00:00:00-04:00,-15.839650523854038,-23.839754092131447,-9.937793129350087,-14.352744246269404,-23.257111638176458,-17.95260300421032,1.1555495653536063,-13.67466903975338,-11.592118479143144,-10.988666325801121,-17.50530881230404,-10.31588689518874,-35.00224071777371,-61.39373182841929,-56.23898384741195,-22.191599129820013,-53.58678298481505,-21.04465669320504,-4.321849089830195,-10.496076598485518,-46.18180114477551,-19.648894754975114,-50.24086744697186,-34.58982459901758,-41.62190563831966,-35.65148574107874,-24.84155586532367,-19.39116339094874,-38.26821953321834,-22.907524878561738,-34.397040711057926,-19.626787979879165,-15.229904249790952,-31.936878570701698,-15.577905488823006,-7.40138345567639,-0.4550489126423143,-28.27885904098094,-4.709747998976054,-5.081111862873938,-5.045811584641241,-4.224352577159661,-5.877338925167824,-18.768376963154196,-36.54554259420183,-40.30216548708656,-27.477939850991167,-28.231841338486177,-53.82009333687289,-9.624980367179123,-26.255254125721535,-17.665438169392836,-28.931659324116264,-32.02598058474247,-46.762092730738544,-30.805930335234383,-24.449093731138102,-32.73476618229956,-45.78762035286687,-54.57708129167184,-48.86909410991174,-27.393224204758557,-48.83893368260469,-31.842324104660186,-21.835086956004698
2018-10-16 00:00:00-04:00,-4.986912128889218,-8.348147720095362,-3.91345097510546,-7.1727564008050875,-8.771147780000085,-4.792469978711944,2.3633402441951685,-5.113636282609014,-3.478576590090876,-3.0944072837864716,-7.93687549752695,-2.900859607819726,-21.578762957379794,-37.92129824281303,-32.06335176821149,-12.701639876008887,-36.635928409633,-14.20058727049062,-2.228257394334643,-4.373380651993811,-27.939230125001746,-10.711986819496973,-29.58720972580593,-22.831091345859267,-27.218134837910416,-23.204325315368056,-16.202808986492574,-9.237219259404057,-19.443173482358578,-10.432680277126638,-18.645392768617025,-7.2305084755789,-4.331652096064338,-13.953853302498175,-6.598112752923386,-2.4650715795573626,1.6930282146882292,-11.691682905128495,1.1235024995908829,1.103089029904214,1.061423288546159,0.9261857401784364,0.12910603834446943,-7.103720672836119,-23.810353493415406,-26.013648420093595,-18.152658855365516,-19.85719639836494,-31.25013748753863,-1.7569845708920047,-13.136019308715525,-10.022893899829175,-16.95872928771188,-17.938103030599958,-29.760220638827786,-22.10819661514696,-16.018707314502347,-20.538489082985816,-30.06970640641257,-35.64064155363709,-25.163120584659815,-12.084552712332432,-27.686356087615877,-15.653260780862354,-9.497181630236401
2018-10-17 00:00:00-04:00,5.254331421409115,6.035683168686635,1.9715815635762641,-0.28220708549159285,5.587726852899104,8.311484863212335,3.983780567791925,3.6726933171541405,4.790848963048415,4.972616204404216,1.468585790162521,4.728339417667638,-10.420298247315158,-17.494883250962502,-10.60531015132207,-4.282372006338887,-22.669948677285188,-8.382265957726815,-0.28300867469921315,1.4470977668959069,-12.284065069419098,-2.862601322140193,-11.683677562857143,-11.501152517885254,-13.585175801371543,-11.174866700192378,-7.848060647764868,-1.3032819076540334,-2.785503722305737,-0.3711731699672634,-5.435411717375165,3.8831634823855694,6.0004068146721625,2.8979264465292918,2.2204510578025207,2.6992073304691293,4.491880451134275,4.255899833668002,7.314825438328761,7.61896896131993,7.480992326432916,6.357034960582414,6.599787261614946,5.073977275413399,-12.3123930232388,-13.09853649042485,-10.352867802450211,-12.985890022962446,-11.448505860086037,6.339029874909557,-1.6751635792759403,-3.379314308625205,-6.4360582447066115,-4.76200778971048,-13.295252314138741,-14.38951193875752,-7.840866833408517,-8.702895515603776,-15.55036347997205,-18.226196916339468,-4.5207617632763375,1.5342835001268598,-9.688116454123584,-1.0698486481426226,0.6175694018812727
2018-10-18 00:00:00-04:00,7.510237805533256,9.188831678995616,3.012324315865681,0.7808749423874929,8.697513575657938,11.218500744729743,4.350077426668677,5.66659887133643,6.697704289501159,6.84505882674343,3.7216275502391007,6.508276652535023,-7.600404314923402,-13.23434296220733,-5.543088095416447,-2.5485886061062777,-19.421208118537827,-6.907102614774759,0.18107969480110833,2.972841487718136,-7.936231362290174,-1.32386627607305,-7.980536106824472,-9.536550405124038,-11.161305571640527,-9.070109731160464,-6.438415496617367,0.86887522385717,1.2453616081765322,2.3822536034460344,-2.2520743483331773,6.628728198250985,8.20964445088298,6.828809976720881,3.929171453241477,3.5963772344198097,5.0147352014327895,7.948492551702611,8.892582691656804,9.269651203357336,9.104147539434882,7.733680831452459,8.111932591327863,7.865443435344184,-9.870900261752727,-10.210844117014673,-8.663733263659235,-11.06426792767478,-6.951619544282681,8.402393559447919,0.9230526012345212,-2.1506288550826858,-4.1734391272602025,-2.0793725523931488,-10.3775733994883,-13.131328358127012,-6.462529719201689,-6.507715272657937,-12.789240379712814,-15.177868265962102,0.5403398807534946,5.0189965460284505,-5.730499697019148,2.454585616196229,3.4306358993745247
2018-10-19 00:00:00-04:00,3.3259046489929815,3.4619336076088127,0.5300737599428063,-1.8122872677218542,3.474646816386464,6.369061111708102,3.650804834666385,2.3783964245331903,3.751374818429102,3.954538372020016,0.4629194739952108,3.7002407801399317,-11.46254715277994,-20.733522032183426,-13.173220145839105,-5.718666231224325,-23.736119553437195,-8.616229930330068,-0.6472386561718465,0.4712857480295278,-13.211517225969434,-4.637760081761021,-14.480550153689983,-13.98478365286176,-16.21305212720115,-13.75381248366425,-9.570880440323213,-2.0421867614545435,-4.8934709544461645,-1.466940336177086,-6.906474488663381,2.285576964692592,3.9969638318819958,0.5342946423582026,0.8733566525569824,1.7296085226582671,3.9412000711971844,1.94678082040667,6.50819307983789,6.8236848013679525,6.714613703169271,5.689594477612972,5.232302357495079,3.1210189967439947,-13.582477882679916,-14.44576099539175,-11.132084647987213,-12.682074030626861,-14.163594800420688,5.01314219860779,-3.7509604034078086,-4.926640986243919,-8.473846529650164,-7.298135393151746,-16.446163820278873,-15.951116135720728,-9.637005689499533,-11.257547313859728,-18.055039531430612,-21.448523236773383,-7.018638912299228,-0.2604335208225297,-12.390614467321639,-3.096001340822213,-0.5094412312646756
2018-10-22 00:00:00-04:00,-3.110375825895901,-5.962418206677129,-3.406020754709277,-6.1584330378231655,-5.748166341839877,-1.6457374660138646,2.961609411751283,-3.329246438753492,-1.7224507089715326,-1.3867625733314082,-5.971546267913299,-1.3197802823318134,-20.26168496575233,-35.720990746210994,-28.75623539822761,-11.672923479253418,-35.21258828931535,-13.268842588066752,-2.292832439322742,-3.590594034361484,-25.564970670317592,-9.928254385868968,-27.34197019237185,-21.30779193852792,-25.46851797755939,-21.42133040287158,-14.9254486542756,-7.892828650470848,-16.719291542533615,-8.835065148959997,-16.670736698328582,-5.329277955169696,-2.277514880455182,-11.123369315095188,-4.695699082918707,-1.146334551004406,2.466296474955536,-8.426519804938222,2.381121759918902,2.4551419473337495,2.4026076304932373,2.050654901864767,1.1284527505451556,-4.4508892201826376,-22.164503134636536,-24.312490218820194,-17.467013121440544,-18.344713523506265,-28.51101714502687,0.03174341496010258,-12.127852117915552,-9.764712162103852,-16.42059841863423,-15.62967985177498,-27.46781831416103,-21.84355110224573,-14.887958163102583,-18.54511302370476,-28.01925204073893,-33.92395591922844,-22.001271930991223,-9.723046023116268,-25.873999688778692,-13.456219878467454,-7.864479465589326
2018-10-23 00:00:00-04:00,-0.10168397984792336,-1.7447948927775458,-1.6335927801896208,-4.408336642321759,-0.8046898071176338,2.274314525821135,3.39743764379139,-0.32376156634552267,0.792946454186918,1.0775621692708333,-3.0767116330164708,1.1305424587651367,-17.10553906956947,-29.988789607179616,-22.385023779485856,-9.870397548813301,-31.176917649311072,-11.563693460646169,-1.454517905067062,-1.4447440152039133,-19.865798037353173,-7.927641844561142,-22.11423431048251,-18.29139050363303,-21.979824597584532,-18.21720383720659,-12.749750344347174,-5.073957417498353,-10.994925406617446,-5.020780266747193,-12.287324403994672,-1.5228466131730538,0.6233422265878024,-5.764775526909116,-1.988787227700935,0.1045706139268976,3.3586350158735097,-3.0956117061493758,4.354851187415246,4.433347266587031,4.3199187820462,3.7079152121018093,3.5860739385598532,-0.2693345274503001,-19.449962469183713,-20.64990899792782,-15.276711675199307,-16.241847634039377,-22.544860383328526,2.9133598755994012,-8.230585784209781,-7.901039921689805,-13.26599133699793,-12.112072999071138,-23.076469841092287,-20.002028665992743,-12.79188829820018,-15.517205052203902,-24.590986339340137,-29.244377816722313,-14.832311283251526,-4.634184380098098,-20.044123375951884,-8.456705892218269,-3.8893181744322374
2018-10-24 00:00:00-04:00,-3.397716216821207,-6.44782567034456,-3.3278298982036483,-6.243738309848864,-5.96638590501651,-2.653580688892069,2.535909434038224,-3.90979886476238,-2.794600658430669,-2.4595641129405257,-6.782285678208121,-2.2027441523010074,-19.60824891860974,-34.480245314812926,-28.169548386107017,-11.423073856748706,-33.314021243604266,-12.78269696403924,-1.891506431150528,-2.951277046064346,-23.527004121177743,-9.35259609667089,-25.993458753684475,-20.626907387383195,-24.85537543197916,-20.819708677338475,-14.542443764754337,-7.596401417851292,-16.01751581179638,-8.415338099531736,-16.16441695515461,-5.115462958610821,-2.8280345668122684,-11.196306287090742,-5.104015744251498,-1.6262791985054474,1.968462852214444,-8.55242551147436,1.197627376551301,1.108335355427149,1.0433238402398952,0.9367827841147349,0.7072422485639043,-4.875200754319847,-22.16246461306537,-23.589221236828035,-16.960251529313023,-17.55586888565054,-27.57125535611449,0.12994738524968424,-11.143382060388419,-9.067283609794304,-15.318386484324558,-14.931417898571972,-26.968591801413442,-20.95324693475587,-14.510189796731417,-18.114207811759407,-27.486512685882488,-33.05329174280831,-21.039924262179145,-9.052014428585366,-24.593135717134718,-12.831382569707591,-7.45856698358914
2018-10-25 00:00:00-04:00,4.053572121472403,3.773637926590798,0.607804657205285,-2.3980744185152085,4.132852318000393,6.303766792652577,3.7514546523935737,0.9649798491440632,1.97244779900113,2.2088760801613665,-1.486282814641082,2.1813853582290093,-11.919840297519434,-20.92067396274744,-13.577541453321375,-5.239062298945363,-24.039566958364222,-9.205070303694928,0.004232287816692583,2.2325749549279217,-11.522157600848256,-3.2762861074635437,-13.35914797980017,-14.218337743612206,-16.87029030120907,-13.924936427375984,-10.048492290992304,-1.4663064090010356,-4.09800144226048,-0.8847092321738368,-7.103444835714634,3.5821924354454255,4.265516938498535,0.7916275888582738,0.4195742346981281,1.5082209248649276,3.812282107933228,2.522004088474607,5.003028565966376,5.134725314903158,5.017076645373863,4.290854794575398,4.53183133445423,2.8745049985713784,-15.490856842719978,-15.52890603421566,-12.076353231937123,-13.924229755955245,-14.137428258540426,6.972111183284449,-1.8385005807395411,-3.8212895313674933,-7.18117643692765,-5.790403975328547,-17.22626982900443,-16.78513082515863,-10.032606930692527,-11.06966132216227,-19.050064855193924,-22.52802117303884,-6.105595570456416,1.0194839831396445,-11.645340395320812,-2.360946797347975,0.07415901670630462
2018-10-26 00:00:00-04:00,2.693310857216097,2.214312862612607,0.4443469955474521,-2.2925130364061617,3.341866709927952,5.1939269021414995,3.5365056099556136,1.7049898974135442,2.4872280314605644,2.7056015531215656,-1.1659270287530719,2.7026182376703027,-13.365933945494659,-21.7322718739553,-15.446623548982382,-6.396683272468512,-24.841340546532624,-9.787416984255453,-0.20868847378950311,1.119587758155944,-13.419937297050737,-4.490367443866276,-14.690287144872169,-13.097808154157324,-15.772734220278513,-12.847215234425493,-9.159731529313152,-3.0125449121991386,-5.479304508953237,-2.4282375780463146,-8.09118668620699,1.8194274030935054,3.025268708005811,-0.4284028332003808,0.2601063570305451,1.3634417786056126,3.780037704695505,1.1397253905146019,5.302792977272344,5.409610498954451,5.274918037873286,4.523438223591195,4.937361653206415,3.092167674827497,-15.379287198840414,-15.746003780420248,-12.327434626562653,-14.239015277314751,-15.648417304280859,5.61186363006129,-3.324175557640322,-4.570305487290288,-8.087609612556756,-7.043623815705818,-15.976153871456152,-15.65234059576391,-9.138791381987446,-10.603246848043348,-18.531796109597405,-21.46268533281327,-7.888353292326867,-0.485911177965167,-12.83799798708871,-3.5213508150101616,-1.3498007597665838
2018-10-29 00:00:00-04:00,-1.0875995117020438,-3.073955987097293,-1.2011212024256237,-4.162906894677897,-2.4928789883250175,0.6138673042141138,3.2240270331651866,-0.844755519658789,0.36533929407094384,0.6481569087408403,-4.1702132120930795,0.6846266610948258,-19.131818119057332,-31.35376028337509,-25.087938151959673,-9.326895713549987,-32.018944230127595,-12.753072071441204,-0.976886634604341,-1.0272990626953602,-21.981443847718786,-7.1227322199053775,-22.409218084725392,-18.28778019911887,-21.880327245368797,-18.307759267314438,-12.593871204041665,-8.18373663435916,-13.712791522263634,-8.737742756563474,-15.271819652940058,-3.295720596840165,-0.7051278241971417,-6.974708122702258,-3.0794505258046168,0.048936691173555855,3.1251515627343043,-5.532018115159895,3.8949777609935667,3.9840002131226284,3.888288454667449,3.330431278048635,3.140043449941497,-1.3304530974266124,-20.497580301184563,-21.680105344927515,-15.893340134353293,-17.917546941142415,-24.820722792856543,2.6434365376705204,-8.363911831145286,-6.898730001286706,-12.229511827816456,-11.878836275492295,-23.174188834368138,-19.46606560446466,-12.609760446811553,-15.725535917451271,-24.86651915611115,-29.381824099474567,-18.53694878967073,-7.181509821813894,-21.70703922843663,-10.186592671368947,-7.64983894085616
2018-10-30 00:00:00-04:00,3.6389975081172072,3.839257282404293,1.5932269604708242,-1.2065931462821575,3.5291474747798586,6.076888478349842,3.7457705150904546,3.111621314683209,4.182067322329616,4.393654041030334,0.43448769459369996,4.230686541340643,-12.789005129957166,-21.308826439413767,-14.095905464852121,-5.4722927949228986,-24.67661558906984,-9.509509383341209,-0.012711866675642197,1.6305871093594912,-13.731182674926792,-3.6319852145395326,-14.069371664862445,-13.89173343592589,-16.335802241476262,-13.663802834796485,-9.507276225590388,-3.6882124959167473,-5.46452430370464,-3.02052757029974,-8.435466830395974,2.27268903291063,4.067311284421135,1.0476038278067763,0.401345802054056,1.887089432855547,3.9444058492441676,1.7703630478586798,7.028505912000718,7.274333910981583,7.127603020216881,6.073493347847426,6.379678705103945,3.916139327220352,-14.88031074523873,-15.318971439308145,-11.634922444800646,-14.130088744566692,-14.816086141222291,6.105020990026371,-2.7008256197397897,-3.8059390755754654,-7.1477838065605805,-6.501798648528005,-16.653859068303277,-16.12297337009249,-9.540920883075643,-11.186936732108842,-18.71033770286552,-21.797126277444324,-8.059060818699962,-0.37923086836315556,-12.590094216002822,-3.015245362200016,-1.909620745172112
2018-10-31 00:00:00-04:00,11.51518197209479,15.033023240057306,5.989156584381282,4.387036000243388,15.193344355607037,16.628005504784326,4.943517713444368,10.530795723805799,11.219545989212376,11.240628739935225,8.905783006030111,10.65952882522311,-2.1993153766368168,-2.5074873345937227,5.900914172631893,1.819785756299889,-10.54728332439047,-3.4751172458650426,1.3471362134731983,5.957240498687641,0.17799221213251304,2.985457560575564,1.9340893323464925,-4.358783157490001,-4.314866926849691,-3.451723236198839,-2.4067126510228887,2.721647423034792,8.655314582501124,5.02154898273474,2.9700863165512374,10.905086625845216,12.083010492701991,15.027912096372871,7.644196752085892,6.145131021896859,6.036784161504627,14.978712563759787,12.085165063247999,12.637307074691234,12.424493098346442,10.539891457956395,11.343818518854752,13.953054287173547,-3.64150781217337,-2.978130276873408,-3.520714566772442,-6.96940952941674,3.427482202721238,12.357806597872772,6.713927903284253,1.7921609383793113,2.110766158370075,4.16057988733269,-2.278445386997289,-9.186557140572445,-2.6780249773361464,-1.3144377115214059,-5.523282432358813,-5.467389080060066,9.464897579382582,10.50015836725067,3.175783209196843,9.105198194288565,6.139158889693997
2018-11-01 00:00:00-04:00,12.748303048202137,16.923234431883195,6.846944203520394,5.547622262477168,16.4689018293658,17.932650397005606,4.964044480408924,11.080299067597839,11.875343679485733,11.869318579591015,9.60574316444917,11.19111826461721,-0.9706920634955396,-0.15681684378854,7.9225975495814955,2.8975131325523904,-8.957178722463588,-2.9469187155754013,1.4792938536551932,6.296214712451338,1.642863813354473,3.9364939409505357,4.093790482955942,-3.0314898554786707,-2.7371303359803916,-2.041996867362108,-1.3967436319414943,3.923966645259527,10.32321422421172,6.351207312734154,4.613327544779687,12.27507663418859,13.423602706531513,16.73354210588292,8.653016694583851,6.745747320153209,6.140073845660638,16.383784274736612,12.459397748378116,13.084305259204786,12.8818795705577,10.907908745676837,11.677658385942282,14.595724732703312,-2.370143099690484,-1.8121663257729113,-2.6587364978401467,-6.049373637899558,5.36024517369118,12.680037968689426,7.945703837668483,2.647514385361557,3.00306135869842,5.578900244765574,-0.4734930186913875,-8.090274696552173,-1.6670374669046717,-0.03259360824167558,-3.8059507296035298,-3.509244221290585,11.60891569165825,11.848607724641479,5.305226832776946,10.499041519515632,7.333318371089601
2018-11-02 00:00:00-04:00,14.77788574355025,19.60517810664496,7.645983096442984,6.778497291402915,19.040719709078374,19.92070066334772,5.022692349096948,11.160486124275165,11.762949524263659,11.726333326822479,10.18183210619285,11.06594168257275,2.297779559637525,5.328169812224591,13.343564052941533,4.580767447210718,-4.410359315960456,-1.1514219355822797,1.5811107348067484,6.863916815237722,5.6213978000624865,5.9976115997857296,8.821210417682204,-1.3329893260906933,-0.5810697056994026,-0.24511745720827277,-0.29740071726648326,6.926999092978053,14.190134929093334,9.701663482463879,8.282041252245577,14.844571643032024,15.603950243265766,19.26115855089636,10.298494111010674,7.500641742186341,6.235413617858787,19.552537947754583,11.955196052073983,12.552070574530568,12.356999508801426,10.464439347462996,11.63171408993441,15.650734790126078,-0.0584290295671885,0.9902927216348637,-0.17533552913935552,-3.9018520720144645,10.70281985584611,13.670286364700111,10.844015487673861,4.396697200474533,5.207712101568891,8.119554484861101,2.0171185166745333,-6.83084299187028,-0.6572032237259946,1.7879734202416508,-1.299044084376516,0.5150432471900444,16.64973151607365,14.789587557828224,10.306070849133127,13.319196056060187,10.493705542990329
2018-11-05 00:00:00-05:00,4.325646011633916,4.470251606705594,2.0576782468065415,0.657397627011016,6.2146572143994785,7.889195470479663,4.050914887280782,2.66603951126628,3.3818381487406293,3.532018365821109,0.11750793423818473,3.415309626770735,-13.29764163720613,-19.29162084795468,-12.42121540683478,-6.266128208596964,-23.63754874896776,-8.663380353408469,-0.7164546598302345,0.2954739539572236,-14.793284394542045,-3.1747460219755554,-11.932123865213667,-12.305381854971246,-14.849511339303909,-11.794430826755793,-8.064684999301296,-3.2180079986120984,-4.881392911784048,-2.79430839508934,-7.7772706557396445,3.059191563422979,5.359852294465647,1.195293938126948,2.6450604158057986,3.4980613475661,4.531460956309637,3.7682684304468985,5.417468911692213,5.595120533212338,5.47841474764891,4.672511939834444,5.507994417795215,4.594610378105449,-14.0256606979011,-14.360799162671027,-10.001992030082276,-13.173757822963962,-13.222747497062377,5.813049139169878,-2.201770827361685,-3.31014931179639,-8.28567350807764,-5.942113598557434,-14.601591445118375,-15.968938678761848,-8.365687424556121,-9.87551926917845,-17.518563611347762,-18.27332090761394,-7.604800914397846,-0.07542761874847054,-11.392259575903292,-3.2645569565096846,-1.9111164956982198
2018-11-06 00:00:00-05:00,6.72213819279502,7.975647432386013,3.7983774771612087,2.608663906070916,9.430647473979366,10.452627198786791,4.359310441560136,5.537661253558919,5.7367421509910965,5.838194517404302,2.956301553930542,5.724987468561903,-10.674094636518925,-14.04525188061925,-7.378049928402181,-5.134784926376442,-20.355427552437984,-7.003984693552502,-0.23290902691050672,1.2971861601973085,-11.209595889424964,-1.8364760266318718,-8.297025546234856,-8.44208058540538,-10.763728613228604,-7.75095844610294,-5.328674663717329,-1.1890158709061447,-0.7595882411684943,0.13864055229899852,-4.31637238559207,5.45739609596949,7.883436609540903,4.8821326513408785,4.663303256650759,4.653070650761994,4.947863998705676,7.635386296389562,7.248217042728613,7.415938468281783,7.2384549371605,6.199184327625235,7.97416105955663,8.069679833503198,-10.981486163627373,-11.13238359070533,-7.868811713574761,-11.019149488407317,-8.29953116093906,7.300049023978848,0.2821927276111686,-1.989831952650092,-6.175737247995948,-3.1578413438243653,-9.938342080978284,-13.4640084412715,-5.5902391499751225,-6.270789263398015,-13.469525001130458,-13.482206267215341,-2.4427513289250724,3.4574448283189763,-6.91498846402433,0.3091807109917405,1.1729455501397386
2018-11-07 00:00:00-05:00,12.471057115575551,16.21553316886732,6.856277834186365,6.042337911740679,17.11163243723613,17.262438788316633,4.9027010398919435,9.973140033934609,10.027105063384377,10.01670615500558,8.213839105581517,9.627831142755815,-2.4198881746394645,-1.0535455957503772,6.533988960663137,0.5009176424818774,-10.362677562896241,-2.7206645050571563,1.1176972985194833,4.995917098012353,-0.415005568297137,3.0337196238254807,3.144185631961478,-2.8840777034471246,-3.49760710762848,-1.860375319146457,-1.294045759560038,4.507717558671864,9.840182597759373,7.074759404307428,4.507516713247867,12.15961613755631,13.454450983656226,14.745047368737067,9.215922427542745,6.998255786123119,5.984021043078954,16.657944980884576,10.391544950375396,10.764956975016455,10.551054860646808,8.987021213183858,10.991404008238868,14.07031398009871,-3.7716755997672746,-2.8155118008411075,-2.5082070344646223,-6.261782646903758,4.617257003147079,11.824116282726699,7.49236223754216,2.1667573597079195,0.8126755416861489,4.577816644971819,-1.331828191090312,-9.024894182324239,-1.7098314072032197,-0.36755079831347093,-5.265797914284982,-3.718027352238284,11.005892078147056,11.85333756253593,4.949176969725726,9.38464152772773,8.026831912814826
2018-11-08 00:00:00-05:00,13.69994080805425,18.008948341245173,7.351470602133521,6.760628217667004,18.572511903662747,18.922173328975664,4.955132011819463,10.791857717805437,11.020968704921813,10.970494273174674,9.441253678694322,10.431610734978632,-0.23730638466997625,2.33575805262649,10.168712824272989,2.250678368110279,-7.656176995141109,-1.4287132193581833,1.4592926538686457,6.072438290273108,1.8538926426557443,4.7283248869193715,6.456437438350079,-1.580633485745861,-1.7759562578304866,-0.5896061850626344,-0.174290766698618,5.785808480083548,12.097305225082632,8.410546737264466,6.500889201089317,13.738373559928524,14.547243126997792,17.17879361989975,10.23044520070808,7.580496524241521,6.113414298167936,18.45186760669501,10.972223806445562,11.45868906352462,11.260950639376016,9.558165514370293,11.120758002883527,15.152382806178865,-1.6991415009211568,-0.340440467543716,-0.7103632740478605,-5.0354603206894675,7.781736703453006,12.762577896494063,9.564022055656064,3.558861576286691,2.919351922343349,6.848280703667101,0.5506588342323894,-7.705312707544578,-0.6899468203292497,1.0818987176409787,-2.969683019902296,-1.2602736809673794,13.864256545536412,13.702216929319686,7.796880232200465,11.445983538311456,9.24609618473427
2018-11-09 00:00:00-05:00,8.93635162973843,11.22219921158575,4.7731036615875,3.616034714319928,11.248149252017674,12.532183875926584,4.113307333824921,6.961078600862509,7.32437457889237,7.356921377011843,5.029419306498509,7.032633403805744,-5.892647365382744,-8.03440686663511,-0.8102305391421306,-1.1406344244258957,-14.893269005249488,-4.319394503921534,0.8897130127963869,4.105718738737116,-6.426734117268708,1.8400167496832749,-1.9287193361515738,-7.251428418536703,-8.755444693813411,-6.7120410958850485,-4.060164988522691,1.2846258889895397,3.5683120204826806,2.800134365791371,-0.49868789802374025,8.003045895410391,9.4943805835215,8.97364284482977,5.910171750243283,5.164446790578348,4.824303332189062,10.450508267257023,8.105130245932996,8.427804272370139,8.27054997680049,7.033140968619206,8.16879273720096,9.051376656469627,-7.780108875424347,-6.873798568586084,-4.672824442676536,-8.813286271598916,-2.132782025735483,9.136562994753342,4.371069408080079,1.0074821172814674,-1.2125644003584672,1.6863113066021391,-7.861553804233179,-11.495325517695727,-4.597095226673259,-4.605599898155614,-10.056376396568922,-10.525085191705196,3.1185207856199595,7.007860780599192,-1.2386872600177543,4.4202850650912975,3.6277768126770518
2018-11-12 00:00:00-05:00,-1.0204736289398388,-3.3298790318495906,-0.8002050053930418,-2.3988407330023804,-1.2569540724762285,0.9117800334872713,3.1251710391155267,-1.3749332492305828,-0.8840659394338989,-0.6862829457240599,-4.4163196968430825,-0.5098740358101973,-18.24967713634012,-27.929362658570803,-22.839194208450277,-9.344436773572767,-29.923647316366285,-10.432997781771133,-1.1833103752328642,-1.8924925324254553,-23.779459544396044,-6.261624643860089,-19.86181744725113,-15.208468522096922,-18.811768061534416,-15.183997443507481,-9.830982021077338,-8.32008150448132,-13.48505080069515,-9.20865411448603,-14.529934975004636,-3.601793088078791,-0.42818094596671574,-7.5148960059093035,-1.3621016931212984,1.3586445001306164,3.1664561250840824,-4.521098316743507,1.4918978814842672,1.4229450247068374,1.3548543787406104,1.1985830679023761,1.7814795282581175,-1.501544589278861,-17.95731288045342,-18.596121630716667,-13.109618850451463,-16.750220615547438,-22.392596240289617,1.6481440181730758,-7.862461686654314,-5.92431746912961,-12.120710434724318,-10.271574809336155,-19.84549767706406,-17.25864551110646,-10.140486757239062,-13.25484601446609,-21.41691311981607,-24.682007591348757,-18.435091325363814,-7.350365550975602,-20.199584873545735,-10.336159171487667,-8.355008852444731
2018-11-13 00:00:00-05:00,2.155391987455533,1.2306472612441974,1.0497166201423045,-0.7854775319096001,3.0680488126457526,4.469336916374619,3.5314921796665115,1.6988941090097438,1.8484979649229294,2.01488049369539,-1.1157115782759484,2.152924133056883,-13.90632883047098,-21.660926023233973,-15.527142943466222,-6.9698985100095925,-25.007981791557953,-8.356059673627401,-0.3927747404057803,0.15524859302078284,-17.26087144140399,-4.344386754910733,-14.823321527369373,-12.781957218077148,-15.587575011159647,-12.540528179867094,-8.27761173879352,-5.270347091784721,-7.497414196472339,-5.0582894322370375,-9.823585383400703,0.06198333680273589,2.6962060215328485,-2.10375702091143,0.8491342852236091,2.338772411075218,3.863091125919443,0.7728567451165876,3.9443689575498126,3.9094096732923025,3.7743261710793754,3.2790886509737303,4.608761721444862,2.4532342931632445,-14.659290868749423,-14.65710435165282,-10.767625072474596,-14.150536753584127,-15.566163188527089,4.4670414763101425,-4.281746711763126,-4.2341985543451734,-8.683313236927393,-6.914232136835235,-15.834707972192135,-15.579252681489947,-8.586830967234894,-10.642704237934506,-17.968534599019268,-20.31620783521356,-10.82830240147813,-2.4309730831432623,-14.091750059695407,-5.157789071843455,-4.027204038906279
2018-11-14 00:00:00-05:00,3.002933037774484,2.2320081113481804,1.485715783198023,-0.47092547973338456,3.423848070499375,4.6802997711125816,3.520822477203824,0.9717045031109549,0.9139111747739467,1.0993126236297452,-2.067775330541637,1.3636074884656515,-13.526683274985146,-21.523180013394175,-15.675237794243982,-6.694229934034061,-25.361670120297344,-8.700969641976268,-0.31529453460160345,0.30707440511865225,-16.765414897329205,-4.158841996264461,-14.460682009178212,-13.309027473317524,-16.134698694522854,-13.084912532588856,-8.697526188489428,-3.891748568900064,-6.506850370237986,-3.450821723426812,-8.651747944735789,1.17160562826034,3.617075362818221,-1.748000269397686,1.1019952133879543,2.335765238727941,3.7832402003156296,1.2800225266320764,3.170446932864951,3.033697659237294,2.8919813535553636,2.554437892068602,4.518255035014971,1.7975994852911357,-15.405475551816224,-15.19772341276651,-11.396962503370444,-14.677720726339846,-15.282330607411659,4.546327560720868,-3.6570054048493117,-4.057390651501282,-8.628753717957359,-6.844029673534528,-16.493640403185466,-15.93068634670029,-8.976140140184654,-11.091805714876589,-18.553750533369293,-21.114169790651278,-9.3912844515965,-1.355410599840583,-13.074127996853383,-4.3552786580719145,-2.484535179259852
2018-11-15 00:00:00-05:00,10.042410364856941,12.202795041608834,5.79359817569072,4.237433562530034,11.642034797033673,12.697195851916193,4.508505821157785,6.27903689170639,5.863495242580208,5.967448650275731,3.6852970372781506,6.04441299406542,-6.362169474483678,-10.255286166306025,-2.447254099867445,-1.7658732576337188,-18.245462550653876,-5.4452234962749815,0.6056678605364358,3.738626181212267,-7.871067691761822,0.5077641653058561,-4.260336505398983,-8.962958350790908,-10.659704201637002,-8.42479520071871,-5.513393308902674,1.6531413901356355,3.7966347549353814,3.7574672353340555,-0.5037645558269603,8.97317806524432,11.089034801578679,8.942706680825612,5.905350477201538,5.270790939590638,5.169255457755541,11.320928994304992,7.34613980718082,7.358274535413776,7.130249042023736,6.164870822149437,9.475454382015132,8.937893923189456,-9.795321751896228,-8.502618953954725,-7.174569064819985,-11.080050379185511,-3.303355016549224,9.4529421538147,3.359148904863775,-0.22717952514178053,-2.848181822124643,0.3406241286024827,-9.835954306108858,-13.260448788792178,-5.920879434779427,-6.097027763138169,-12.293941825520118,-13.577841332409426,3.395753824973841,7.633445580556425,-2.39877693044716,4.798337673351996,4.778784406890239
2018-11-16 00:00:00-05:00,7.105939992889672,8.086459732982545,3.646599861031978,1.8583882521516522,8.110442829275904,9.42465899478243,3.8497704817960687,3.934700298838432,3.7533605872639546,3.8873079461201896,1.9519620217618974,4.011650123350652,-6.99099456755776,-12.887167972775499,-4.789408915192542,-3.0308243930783747,-18.386373432777223,-4.968675875162114,0.3228690690656763,3.0333349125093463,-9.124583615195975,-0.6060678761922936,-6.885863096053128,-10.819283275122999,-12.908860587034074,-10.51736116986431,-6.947152995211342,0.07662583557319026,0.49911981781283427,1.49004143231815,-3.1224245320378876,6.372478290401627,7.813671309314188,5.2866076956675885,3.5770778467819007,3.6575322249917974,4.271833670480467,7.8714400524885315,5.517961204689499,5.491539706889422,5.30942281349076,4.604086774996539,7.031027253231402,6.061829513439371,-10.572382445190001,-9.17213449517736,-7.09033184432286,-10.605311116480122,-5.927013784633437,7.837538199385409,1.4399144432703046,-1.2662228709897563,-4.096956247669637,-1.7163867040969258,-12.713772664963802,-14.044196444210407,-7.343776469529172,-8.02326163414129,-14.006446549943023,-15.88425223357853,-0.6339652372398378,4.804773630196433,-5.686329802399551,1.8570981002918767,2.428613628471209
2018-11-19 00:00:00-05:00,-5.163613596052264,-9.708408847196468,-3.5981218767703957,-6.544871784292524,-5.981773870881591,-4.205856369023228,2.809865186490473,-6.470909673710433,-6.0421696845103225,-5.673457276179271,-9.591972455463708,-5.0373066475221675,-22.380917631941745,-39.02813917470658,-31.529882563961,-13.743209088056588,-36.458384820247474,-12.784468359861181,-2.0006351786054832,-3.8912864506850684,-27.79980108912683,-11.154589060304843,-29.24494308950526,-24.338734087929705,-28.661661228879744,-24.501023226512956,-16.839476671088473,-11.025259488094092,-19.651992582780675,-12.475780083182535,-20.189424069590117,-6.890763235890047,-4.621612628378571,-14.196260104116341,-5.377853377005869,-1.416408270864212,2.5432290849755335,-9.702106069870652,-1.875902291949325,-2.2832054871841496,-2.34825729214512,-1.8765745540284458,-0.8213605755183201,-6.907422725390508,-24.72072737384865,-24.83486455499913,-17.7146447659995,-19.881789815513983,-31.018655627989276,-0.18559053014740778,-13.028852448457997,-10.11998798566277,-17.85876326849342,-18.22213380192843,-30.763129569650058,-24.23089082883028,-17.07893536584197,-22.111917393920194,-31.71797677834155,-35.899163806511396,-25.95748805144352,-12.069575693195185,-28.69367445094007,-15.919298359260551,-11.449269963509405
2018-11-20 00:00:00-05:00,-9.217743175013506,-15.01359020205333,-5.689411241782127,-9.020033011413616,-10.44403379970716,-8.867939310605086,1.9676923768370094,-9.013462992339736,-8.396177756973303,-7.9703297891867395,-12.375139015019567,-7.2231299211312265,-26.122460672075793,-46.370034509472625,-38.94031242170622,-17.028157988070028,-40.42916137978728,-14.616529428571171,-2.4949445640673362,-5.88955159741495,-31.513460545139598,-14.722099505300008,-35.3884437434925,-28.526078862808095,-33.47697892914346,-28.950273798920858,-19.91712893570237,-13.56687713701504,-24.779271910753483,-15.6138181854837,-24.213154707439873,-10.624656273343238,-8.820132172513064,-19.59290812955824,-8.273135018905073,-3.5150697869457046,1.5177936993230812,-15.082686457729288,-3.6397360383391644,-4.12839032276779,-4.16261541908225,-3.415447877335919,-2.9107541110963107,-10.80371210792551,-28.62816804540799,-28.915752302097314,-20.381744123071286,-21.21004512406509,-37.96611037938801,-3.132215954095445,-17.264139611515432,-12.91075856037499,-21.898578378015767,-23.316008711073888,-36.402967308881365,-26.77105883541432,-20.18641564554407,-26.82614072389702,-37.17000334703284,-42.09318193071645,-32.186550096017065,-16.337572013966877,-34.55101265244155,-20.559093209568818,-14.584854860583498
2018-11-21 00:00:00-05:00,-15.662261809823645,-23.71572387399117,-9.054101539691654,-12.735365612137436,-19.39452391410985,-16.954467588631754,0.8942163131757866,-13.848146466885032,-12.785679977202411,-12.253516104412544,-17.61010769554574,-11.328655998568665,-33.048047601843706,-58.144440168551476,-52.33766992639943,-22.21982914663508,-48.18863466107192,-18.340218629346808,-3.805485293058157,-10.200322824707357,-41.015540208681934,-19.868732782811836,-46.42694177596907,-34.15766002366444,-40.30022898571993,-35.00140886204622,-24.046123499190507,-18.5767145405433,-35.174804851639884,-21.91492390050073,-31.96380130023579,-17.95333308359303,-15.172582773273108,-29.9873056091856,-13.30212862065323,-6.507134360694889,-0.13977410877463975,-25.25509235289056,-6.921550545100266,-7.537659334211742,-7.507235849085749,-6.2608157008323,-6.595267280216772,-18.178554859173936,-34.70587537827569,-36.44750899300074,-24.895964212806234,-24.587387634083637,-50.15383593637062,-9.051008010802757,-24.736663747376948,-17.08202154572589,-28.506540499188453,-31.715080666472815,-44.76694309778687,-30.139409734069908,-24.135357651141124,-33.176008880449864,-44.71675496227233,-51.06099548147074,-44.96454420197432,-25.2119701167756,-45.27586248990265,-29.6755626254371,-20.94836435179697
2018-11-22 00:00:00-05:00,-11.533450201525211,-17.183447551451277,-6.784751020154397,-8.745674089522508,-13.777919638154877,-12.392248527023622,0.08362799764861378,-10.060291227838583,-9.275855245871492,-8.956131047794962,-12.128584623014746,-8.38918291494221,-20.76265954178985,-35.572705078133204,-33.39935011636221,-14.046298051391831,-28.633187365778035,-11.164814474174532,-2.6493798832103987,-7.234848708456718,-25.84792627128995,-12.746924838858787,-29.043079645439274,-19.635087710888687,-23.331493171877227,-20.178103436868767,-13.961811049187354,-12.472145362096533,-23.375066015247224,-15.10354583637969,-20.758755996226892,-12.884855116393581,-11.330172064296265,-20.60711259738412,-9.128118514021814,-4.63441423688681,-0.6426813951312993,-17.791445360490954,-5.814086250803182,-6.2024899134175735,-6.1375514517086,-5.162492099663126,-5.978958330500145,-12.710560046842408,-20.555826906761563,-22.02608073444042,-14.990024058114267,-14.647086162439606,-31.920550685275703,-7.046922662099665,-16.38990396902508,-10.89165305391879,-18.03172228504634,-20.170341031699795,-26.13805550627754,-16.915522994172086,-13.90588296031195,-19.453724507004967,-26.080675531953144,-29.71393863363101,-29.75210612575989,-17.599087844283773,-28.948630745017457,-20.02167318016309,-14.663122268740974
