Date,AAPL,ABBV,ADM,AGCO,AMD,AMZN,ASML,AVAV,AVGO,BA,BAC,BE,BG,BIIB,BLK,BYDDF,C,CAT,CF,CMI,DB,DE,ENPH,FSLR,GD,GILD,GOOGL,GS,HII,HSBC,INTC,ISRG,JNJ,JPM,LHX,LLY,LMT,META,MOS,MRK,MSFT,NEE,NFLX,NIO,NOC,NTR,NVDA,ORCL,PFE,PLUG,QCOM,REGN,RTX,RUN,SCHW,SEDG,SMG,TITN,TSLA,TSM,TXT,UBS,UNH,VRTX,WFC
2018-01-02,-0.00017396249073398096,0.015649255050153466,-0.007732725542838437,0.005444675816455025,0.05191262953208109,0.012775310383486449,0.0075961219003897185,-0.0032816829568501626,0.01093610999426975,0.003234112807848355,-0.0033442382223559664,,0.02147364991334788,0.01699731408428584,0.010550788655893317,0.034792367938468294,0.003093109492988244,0.0015283905725345104,0.00023199438601873013,0.011013057108483881,-0.008794590101831368,0.004556763126882357,-0.0076923006385033466,-0.008945012788416418,0.006234669261115933,0.0075574242974207895,0.01706100031910629,-0.009308936078944341,0.006052281647546565,-0.0049606056805621135,-0.03393805992963872,0.022838106650455048,0.009552431956753482,0.0010192506571484738,0.005279176464017432,0.005431820363509754,0.00838159282280615,0.01791418386000121,-0.009005481950993821,-0.0014231227129449797,0.004653745796693087,-0.02121375114006374,0.019794042018585145,,0.004619072503588395,0.011141591845805321,0.06581390828327272,0.02316103071625597,0.007409396510325017,0.0,0.01135005020862856,0.029221206805671418,0.014669214031663103,0.021959478507693087,0.0015550564794324373,0.02628120946257484,0.0017516545394100635,0.003230258171563083,-0.010233112708571857,0.016820920123035155,0.005759183971483672,0.015675802366214908,0.010490046250400065,-0.00588587491804804,0.007693241925922134
2018-01-03,0.00464479255197392,-0.005703146495411371,0.016843309205219148,0.0005558717989762041,0.04935062211353536,0.004476012896857506,0.00932517775790509,-0.018840292917404078,0.00033311295804039354,-0.003794464278033427,0.01308705397506782,,0.014686819541353424,0.0004118997450208717,0.013201016579581948,-0.015184171079406061,0.01233415224497425,0.013733711148092187,0.010428844317200259,0.015306703528148224,0.031837092692657,0.005733009202534056,-0.031007723283626443,-0.009455639444886144,0.017200362382553624,-0.010179607757609066,0.003884493696533431,0.013976136871767464,0.014255474755895614,0.002109135338067114,-0.018338175047676653,-0.017977200311616093,-7.102521797786032e-05,0.014325427780707667,-0.0027309825944054067,0.0044632923785212775,0.0171539783058261,-0.0018411435159254586,0.01552457827014564,0.016209449511708884,0.008801437885929575,-0.005137811630201772,0.002828606044821047,,0.006196344754912486,0.0034318329011142623,0.005271375478858031,0.009851071641321152,0.002179227022319763,-0.00826445466776271,0.0013646144399650506,-0.02750258118311466,0.0031526130765693328,0.0016528515255240794,0.005629072559685033,-0.04353395124592119,-0.022915689666878736,0.08371663817780295,-0.008289977599700404,-0.005274621895215992,-0.000867464997636791,0.00851520313742915,0.004340695271383144,0.006973310017027501,0.012508187249256952
2018-01-04,0.011385484066107843,0.01740838790550403,-0.006675127140334802,0.006660789601095729,-0.01980196150035629,0.016162516530176196,0.011728940283398215,-0.004474233156233853,0.005925700923210764,0.041021930066482026,0.004637404114848032,,-0.007520797993675665,0.007353157657014053,0.008520330429131917,-0.007709592656427011,-0.0013240483958213423,0.01580532645511168,0.0016054276756876096,-0.0015955783306711435,-0.06170975438782711,0.004259451325902441,-0.011999988555908225,0.0004338845756681753,-0.0024850951853787606,0.008389951133245477,0.01326024090650968,-0.005100627864969787,0.004684727078892781,-0.0017222056963025478,0.00697671968786806,0.005544974017915871,0.008253157042725556,-0.006420032004377796,0.009197670922952206,0.012277864762950008,0.00905967150480036,0.01367115102223071,0.0014911685128888852,-0.001051565291313894,0.012398335320662035,0.004568595142255161,0.021203172192687525,,-0.0010695488224562455,0.0032405375184481056,0.008474481374526999,0.006019317391571022,0.0019027268269022901,-0.016666749450892193,0.0066635738898039865,0.005614113008494126,0.008585839954724728,-0.008250777948814902,0.003860042223174265,0.014725651251067617,0.013939994258369559,-0.02122241134694358,0.006229740634655645,0.02337940287076945,0.015977825581302785,-0.008443306666016337,0.01906852858064001,0.01711631927761048,0.006738383843739815
2018-01-05,-0.0037143332288324116,-0.0160227987681979,-0.0022402370002541083,0.007306269763280637,0.033670001235441616,0.014424678832250848,0.005249532641018018,0.0018726305480090133,0.0023930405227929885,0.004241653120743205,-0.006923806003689692,,-0.014441375229310105,-0.037490136074061264,0.0074584395855410435,0.0022199609904525186,-0.011670025498221825,0.02512932646116428,-0.021754037166710427,0.0036367249085695885,-0.013477031459015465,0.004927741690834875,-0.024291474528160495,0.00650577691989529,0.0,-0.0016104943198049781,0.0035306058821491515,-0.014519470967433223,0.009796927590572713,-0.008050629027814393,0.0,0.033904053335909845,0.0012701769768190818,0.0014773579336040399,0.018505316073856637,-0.005082665175427992,-0.00461042879084661,0.0076531347103478975,-0.02122101410534971,-0.005790737805174251,0.0010207301458935447,0.008239186600396797,0.009809960902941839,,0.0001296919250932671,-0.03391348798802396,0.030640323060582952,0.010521776858840148,-0.011122959853704706,-0.012711852848854677,-0.003008938058717603,-0.03266673995901481,0.009500515403908505,0.006655567442543919,0.00442244703541439,0.011873269924142837,0.013562617378990893,0.02428453539724007,0.06263821959024418,-0.0004709120374964959,-0.0025643513440154475,0.004789492681201102,-0.01735669187669442,0.007707604402497292,-0.011315002776940641
2018-01-08,-0.00011492762038012305,0.007539099787263526,0.00324267751300078,0.010264175115156648,-0.03745928730860604,0.0046757095740346255,-0.00538515808576745,0.005233622042932318,-0.01384664172567418,0.026696750867116537,0.004980023726987692,,0.010155510584763272,0.020354896342528628,0.00840428050449904,-0.0011073983841612955,0.01046575900145208,0.002409131836430989,-0.005852266274545936,-0.0008783665491813863,-0.009289646597698265,0.027869596499303206,-0.012448120465286205,0.005745387542433145,0.005764159615806896,0.049731135047677455,-0.001274469415806334,0.008458809477843943,0.013387488478645793,0.007729707619996473,-0.025033219488726055,0.014648181047606679,0.01585737507139018,0.005068844010657214,-0.005327429674862438,-0.0008126139926570852,0.007161230529257878,-0.002177482063278391,-0.006846867504452625,0.002471057171839819,-0.0006799812392987992,-0.007322038899618355,-0.012921488744754073,,0.006909782221633298,-0.021545636282239378,-0.00027020886450157544,0.005533960974973606,-0.0010975855757875408,-0.0042918415410722055,-0.015089524793780451,-0.010388769354507721,0.010917248596640894,-0.006611563734210235,0.021056869176030446,-0.029986903701121892,-0.007882088623524575,-0.016511485314990693,-0.00808538113492141,-0.006126379238211577,0.001713984792936385,0.0026485081033200686,0.004983219366859082,-0.005609056576174387,0.0035463388455969636
2018-01-09,-0.00022922699345651054,-0.005487122328782568,-0.007707550256400797,-0.021403659855296686,0.011844360993009007,0.0013012055442500614,-0.011649689259764506,-0.017106697467971554,-0.021117409472080073,0.005747184232708813,0.009249989370641032,,-0.0034466152283429974,0.001070329066533704,-0.0044387811517663245,-0.022173098263407853,0.004514931607982886,-0.0033646347520207565,-0.0011771666135440562,-0.00769407216262219,0.02040836257157297,-0.003985583598553055,-0.0504202177342542,-0.005426981885689575,-0.005488255928427166,0.0078104968788801354,-0.0023813771866014743,0.0015359552639875318,-0.007817597247461894,0.033940344256736976,-0.025676492590216315,0.06579465915547433,-0.0011792362602242035,0.011004149045156453,-0.003227656139555224,0.00046487143843298995,0.0016338926593317815,-0.00015970359798045397,-0.007659761622025751,0.008802581487808547,-0.004533905333474086,-0.008232565198828978,0.015336154823019532,,-0.008956641856593062,-0.014806085030651617,0.007840000069525788,-0.00529993486113578,0.001647987129471229,0.008620681681899223,-0.00015318027232191778,-0.005940563363425633,0.004691996234601925,0.0016638521903247216,0.004124556256719369,-0.016129093454646193,0.0010163388047124133,-0.009039995204943474,0.003326413914539472,-0.020862839352652873,-0.0008554930530770832,0.004754403260799123,-0.0074377650355175184,0.008781555183738687,0.013812880877230871
2018-01-10,0.005680071116885177,0.00292997411153495,0.01628669482634537,0.012181717410238102,0.015050192692446673,0.01781828254348916,-0.011952949900350118,0.0007567331643107966,0.0025491591386175294,0.024542407115306197,0.0036007107164370833,,0.01513174543203033,-0.01083984878608979,0.011945798999333679,0.005669078596510779,-0.0011897163495404595,0.02007617056987754,0.030646163920210023,0.018498212615903897,0.0032431625135407316,0.015278158743326609,0.06194694933404743,0.09520386719594764,0.003711541838592458,0.004446686574569814,0.0017205359091712058,0.0031454267063113495,0.008174286801065023,0.007047684066524784,0.021411913536344418,-0.005639947724889849,0.0056954467400591735,0.005351479698238126,0.0010330874509938415,0.003368101814546387,0.00024163782253805444,-0.0003725920898478563,0.04477028432168839,0.005235697261805283,0.0029605366551379575,-0.0005975758906444639,0.022209679282373163,,0.006307182297888625,0.026011528841825893,0.0017882648846450078,0.003074146878752515,0.002467873618063887,0.02564110401662978,0.00260489820245291,0.0049119762915903475,0.0006672325726955197,0.046511662906227436,0.011388844929242081,0.024590206650289215,0.010243600078422954,0.026933054715716498,0.009408646715617364,-0.006537610201011179,0.011815027814785273,0.014721242859277117,0.005307788597070928,0.006481058470111156,-0.0017430575353925004
2018-01-11,0.010326371416556235,0.010778605266189345,-0.0014792593067013415,0.013539593614712464,-0.009884669041635097,0.022339231610462695,0.012993827764786303,0.022117167016960204,0.0029980331164924934,0.024655628603269752,0.017286586691663386,,-0.009937806765664026,0.008646845466361741,0.032737400860267885,0.032694264636695225,0.016940011846310554,0.006501095650888855,-0.004574897690485913,0.0015226220181430161,0.0075431125859637405,0.010987602357870774,-0.06666669978035689,-0.03749827070717493,0.02471920587282206,-0.0005056545604548157,0.016725833161552295,0.007447242540938204,0.03410372918941551,0.009760566713707508,-0.003916284281226368,-0.005529622699394499,0.006699234228461082,0.01651033344738062,0.013145430848046535,0.006829415327251009,0.01546200234031514,-0.04473566036158094,0.0055413715312693235,0.01840280021906482,0.017257317265066963,-0.001195804130484146,0.018366702421403813,,0.01809045894300909,0.0033800326781405765,-0.00490899296868319,0.011440150633317048,-0.0005473410521106281,-0.02083341197834765,-0.0007643897269199451,-0.0035302352628070466,0.011778502591613949,0.009523800152860362,0.022521514403598175,-0.032000020345052116,-0.013337129287169791,0.004653156226380073,-0.005119110235858537,0.003899499749501878,0.017938675532825243,0.01502583324495621,0.01441951898544147,-0.002967179537963105,-0.007300101261700553
2018-01-12,-0.005081965205768535,0.0214270405321495,0.006913476939797825,-0.019835013096916043,-0.009151464738964554,-0.0002605871874575838,0.03046384938646618,-0.03070094057298489,-0.003934711047256179,-0.003123042978629975,0.0016030349607825123,,0.006309344287813712,0.008632218458433094,0.01344653559093656,-0.031659190678469784,0.0035138752923988825,-0.005813515464287655,-0.06456793919597859,-0.008849923964142747,-0.010160448373137121,-0.010396051250156746,-0.06696432800393304,-0.02983247966430247,-0.02022882434365525,0.015565368290161974,4.4291213024738596e-05,0.0055635837172691716,-0.049630524016030186,0.001276471905081733,-0.0023124758624494257,0.0024580328658252437,0.007546817752154489,-0.003550479993302158,-0.009781893922757523,-0.019429957429957456,-0.018260089528051138,-0.005463549955408542,-0.056576309529205004,0.05813158923154038,-0.013951203081090213,0.0014636414834001688,0.0013560858718164592,,-0.00828201438848919,-0.0071120671036118965,-0.012871154206800739,0.0016159339216141877,0.001642283840126657,-0.029787206844054115,0.0438976041910768,0.008856520038419857,-0.01910937156589787,-0.047169840320284595,0.0025276679561847537,-0.017906273411654072,-0.018702157190813584,-0.016842089201274724,0.011421116241414841,0.025248517762427314,-0.022776470461533527,-0.008677958957283405,0.018631795100092052,-0.01405677239833436,-0.0007993726926814881
2018-01-16,0.0165161961122815,0.01824575156126773,0.003187870890661859,0.005231106643939665,0.022670063914596916,-0.00755630863716783,0.06867693505703865,0.019271099493870292,0.009724118917723734,0.047290791195255366,-0.001920785510358236,,0.003847386155298782,0.01776594040205759,0.023996534523399005,0.029312142668319607,0.0046683064894277315,-0.004783777627749508,-0.028248456686072454,0.006244521850345741,0.0005401563879101623,-0.0006562638672661381,0.00478468462867454,0.010951962453352726,0.010614063611921631,0.01856701317402143,0.007428960653047989,-0.018610435366873457,0.008888034414567425,0.013114779388387676,0.028975528162152653,0.026257526097172024,0.0008169159457487307,0.006413312640368263,0.012622664431049424,0.010786857764435664,0.014389280587749687,-0.004428386119683214,-0.005451376272131214,-0.0006442902888275093,0.02026037709819084,0.008901306443416246,-0.018191661632751766,,0.015902261697654962,-0.004523827696187421,0.02094398800942332,0.013712192078470187,0.01584693749073618,0.013157882353605599,-0.0033702151332896113,0.010426621150495974,0.0033584451035442164,0.0049505297180894026,0.010084411643172864,0.023842873428885136,0.004528832324746546,-0.0291220682683766,0.02087858455510405,0.021312061377893654,0.0066348995994447435,0.0030898222348354487,0.02374412769632195,0.00822040154200887,0.022079999534047934
2018-01-17,0.0008933068621497231,-0.0052701464174221835,-0.010510997504797781,0.007806050841341117,0.023809520081029323,-0.0012972916415299185,0.020985885442379004,-0.013290885601066948,0.015010817936294663,-0.03091069026597759,0.009621816230563018,,-0.011497643497081378,-0.0012468254178944482,0.004700701704604127,-0.01752471580386905,-0.001032530703308443,0.001958430920007581,0.013144740283269174,0.00016360721853136972,0.0005401008345595759,0.0028069919617956796,-0.07619040698961566,-0.012638939751519085,0.0005777530125787855,-0.006973291482721744,-0.002747699676047266,-0.010565758738635078,-0.00151727410903435,-0.004135071575082194,0.00202736103108081,0.0022500608705706693,-0.00040799407393987686,0.0023896032505628106,-0.012668698126153899,-0.004523761936054194,-0.005554667632505117,0.012387163499405274,0.026624702592945138,-0.014509285557063545,-0.00044384383891349355,-0.007242422267835225,0.013011537749191726,,-0.010110012909414712,0.007195562402409816,-0.0012459408857871113,-0.0007953660921955485,-0.005110246764892357,-0.01731600123110688,0.00044117046109404257,-0.007458559043517221,0.0014139962820247653,-0.027914625949837624,-0.01354930654841191,-0.021917787316727333,0.005729243932229178,-0.010145546601777022,-0.007460532163804823,0.033387779705877696,-0.006084039654793094,0.01899384751289812,0.019838178144777174,0.0012739470109190965,0.0010959263197998226
2018-01-18,-0.004462729789610376,0.00799534221092113,0.011857644275723889,0.002445991990120744,0.009623086045664753,0.0009741736041779525,0.010621643946930659,0.01688483029988541,-0.012638705104519699,-0.00714386243040066,0.00762353650533365,,0.1137277375070227,-0.005893620848066883,0.019059909265647157,0.007803807408260477,0.011758917413873915,0.014043175310405775,0.007734109136340095,0.02917465645535544,0.013491575153107283,0.014413623975907175,0.0051546341073744895,-0.01491064303274936,0.006255892960048026,-0.0023408596593852415,0.0066286164700672945,0.020520449707894572,0.02212098635106896,-0.0005412594847830077,0.007643945617899606,0.0026847939968086543,0.0029949183907258536,-0.00220705898442608,0.0010292109411300654,-0.003845262765308166,-0.0030026714239762553,0.00828704520211132,0.011823178959985414,0.002454000149294755,-0.0011097331980294278,-0.004112431872288713,0.0005899596230423132,,0.006585998250288938,-0.0035720309261585426,0.02526280889062904,0.006967910659987586,-0.001351618050495551,0.0,-0.00014713090565954268,0.0006733438901385114,0.009582851358773237,0.0033783751129670136,0.0027112013183010486,-0.014005601941584733,-0.007470905505038927,0.00891260476073863,0.015816873268893028,0.0022434039160961206,0.0015304351839848795,0.015616980781995915,0.0007813456826823995,0.004962139876469651,0.004222142313107247
2018-01-19,-0.008181149015240807,0.0176795342030287,0.0437010691048052,-0.010437960153099612,0.004765644576267158,0.025282411609683475,9.738283627513944e-05,-0.00988803720867204,-0.01606699659060462,0.0007996950652917612,0.006935722462515281,,0.05866444534263793,0.01527411854324523,0.005082620526795978,0.07300893686317944,0.003703318343040607,0.002816837445143383,0.011141255859600019,0.002644429774799617,0.03248129503830377,0.0003521836448912019,0.010256400224333495,-0.015279161980230493,-0.004304205466687305,0.005310138424792887,0.018067405922360225,0.021084015980039394,-0.013381874117096793,0.0019866167218807185,0.020749763318972603,0.0016388325763991851,0.005293042381304236,0.011680124722135865,-0.01850656646119686,-0.0005849133649329374,-0.009036631163123143,0.02250538681263481,0.004900014782821538,-0.00048944710147103,0.01788853073027674,-0.0009320717888756658,0.03229610398554206,,-0.0038876623143945244,0.0013206942017822687,0.015557819487852509,0.0025698631477142353,-0.0002708947620038149,-0.008810564358837869,0.009259216801014603,0.0116544819431319,-0.005077053473697579,0.01683500061772092,-0.0007213704654845943,-0.012784112306419071,0.00611591406344969,-0.005300306321546655,0.004399674810198428,0.03828071730356286,0.00322574879970583,0.005456380782626891,0.0008630393160840022,0.024941459840223557,0.007941287250189166
2018-01-22,0.00022604544637250257,-0.010423418618285996,-0.0032746351657774175,0.0019178640781050138,0.022924898861516274,0.02654236704761037,-0.0005353116245566669,-0.0024496150153155982,0.0030143009983139013,-0.00713030108894841,-0.0006260849953683145,,-0.018755516328331834,-0.0025601616929442628,-0.006034282305841465,0.017525743970087992,-0.0005084932924624974,-0.00854339323219444,0.011263670580920149,-0.006065937873874772,0.004125923933470332,-0.010095176529734129,0.04568523495545507,-0.006960494981316456,-0.003458125774413956,-0.005650351577007107,0.010316379272407472,-0.005467853283539492,-0.016075007733819646,-0.00018023338730011051,0.006775722771738435,0.01292802074019428,-0.04259493846249063,-0.0010496538319747506,-0.005447912372666397,-0.011938127578886792,-0.0009113841158471248,0.02147046213414905,0.024005989313587772,0.007346648570900838,0.003165961682642715,0.017997572003563,0.09978908367643768,,-0.005267460596981799,0.011494010542353106,0.02233699723432858,0.00808550508970396,-0.002978517460585195,-0.017777760823567745,-0.0048054947318334484,0.015564349598407023,0.006064351265350654,0.061258259585413866,-0.0021642886524578797,0.025899324485723962,-0.0006542731055999562,-0.02841923996393314,0.0034987229726255453,-0.002156154526240295,0.00016927157170099072,0.008386838025403964,0.006774437890067153,0.02884317252373836,-0.0037076765020063185
2018-01-23,-0.015928550418384257,0.001233810163160154,0.005398215991262001,-0.0024611051780643045,-0.017774308322621724,-0.0036915667119321594,-0.01547976779501481,0.007177957649653566,-0.022974720430613327,-0.0026817576925433073,0.005325817830517776,,-0.0067020584785369985,-0.0007209805335256503,-0.0034087398304212257,-0.0121580480739234,0.011457291384239454,-0.006433326346026114,0.008232296149528917,-0.00042467643592780657,0.013867481178211127,0.005573451642077787,-0.019417457749564604,0.007301401511239591,0.05682482903660313,0.004323639693363246,-0.0041490068884580955,0.02149215692428652,0.013189111244036544,0.002524496904384499,-0.011940862458651336,-0.004709378641124529,0.0016921815815102992,0.01278337215421077,0.004845463156526231,-0.0014212991065521985,0.005445212353574869,-0.014787351868412735,-0.0036630969919082546,-0.008427505493973753,-0.0008705968161469846,-0.01224464472838327,0.04398896726544921,,-6.386915324640974e-05,-0.0014903385961431148,-0.013016949677999379,0.006455360464414195,0.0029874155299030036,0.0,-0.005267734541429259,0.004217824279751481,-0.002572663756956195,-0.0031201219036827155,0.0012650858362976969,-0.009817735591519883,0.004023693921589855,-0.008226618132138985,-0.019558338950656062,-0.020526977663813062,0.010321469560968577,0.009784685438498864,-0.0014680189327900273,0.005222686442696967,0.015351138122364327
2018-01-24,-0.017851121801395586,0.02644281148216665,0.0011665027864560251,-0.0037010859870806323,-0.023603476776904997,0.015056912893923968,-0.007020810532731292,0.0030007473429831677,-0.03725732177739538,0.025157511919239095,0.0,,-0.000375130976145166,0.020894632711038863,-0.02070871699760124,-0.016410171115269323,-0.0001255737426439918,0.006118426341953587,-0.029538787589296622,0.0055744547870715255,-0.005065878119499323,-0.00277128022471973,0.03465343262562359,0.02116554093101386,0.03310979722960328,-0.0013530975109240506,0.009263200977559727,0.01260919347016154,0.013059349147045651,-0.008633180877678726,-0.004614324855698793,0.028184151004677638,0.01640052708819817,0.0002594972103431292,0.009573685201348603,0.008422258616211042,0.01279965998442889,0.004985430993790452,-0.01874992460947711,0.001960988068970382,0.005554381433637179,0.014848969610398166,0.03214696439214304,,0.03681479544430277,-0.010261101645366977,0.0023326636717306837,0.002915305100443577,0.008123358672134318,-0.04072405024180603,-0.008237802001107797,0.02222686567690557,0.015256394452338062,-0.009389662603004112,-0.021844947313360286,0.031161538600360528,0.0030755453460682425,-0.0046083123481043264,-0.02385156263182675,-0.0050738926785586225,0.013732978269232365,-0.0009689812239582762,0.001347620778370917,-0.007225986725172162,0.002596427719241401
2018-01-25,0.0023376928532288233,0.13767302045859076,0.01632097976058189,0.018434607076733167,0.043513293190381,0.017489776074125496,0.028282463293755056,-0.005796585189687398,0.014153356021129104,0.00032068614141222973,0.003427840039517349,,0.02250026840101671,0.04005770853995294,0.01963476223525018,0.007299284780603266,0.008056093956607446,-0.013638980295353598,0.04256394792646234,0.01636772773152706,-0.006619128962161769,0.01395362729983396,0.02392353721925211,0.0017035081349878745,-0.0012800868907465457,0.052592790136292145,0.0045849261937440655,-0.0033080136005261274,0.026984731156272312,0.005442559072770914,0.10551875245947007,-0.021275565070659197,0.006440515421878512,0.005358583300117958,0.011628332745666992,0.024349931246502088,0.030413026567311263,0.01344128490622043,0.03484427667719214,0.012071952267339148,0.018736962581455074,0.030048102823090117,0.018168327163268883,,0.032492690011406644,0.017907480006094545,0.029531981507144422,0.022286983674784544,0.04781140603008471,-0.01886790755296608,0.01646436902466686,-0.04461004231493515,0.0016697289547531469,0.0,0.001661123028764644,0.00961534229256178,0.0033452964505460425,0.02361112129050502,0.015430662178036458,0.013747027353742114,0.005451989936512636,0.013094086544703565,0.01341872365589647,0.01786574303755817,0.004265003847528481
2018-01-26,-0.02069861325118494,-0.0073044946452561765,-0.011011473598926402,-0.007024070389296644,0.02857142015510794,0.011147987016343786,-0.012057617199957349,-0.006770675344212385,-0.021213029669678085,-0.006992747315207826,0.0024844059674626884,,-0.01149140633287149,-0.025631248353991,-0.021097416766306276,-0.026915211674609085,-0.0014984733852407839,-0.026816629409416537,-0.0007123339237894433,-0.00877907480752782,-0.02101486589502588,-0.013470135654481963,-0.05140192902903151,-0.03132084978655858,-0.003270623695287189,0.0390824348625074,-0.0009093152081770528,0.016185542507177075,-0.0002422995208298806,-0.012269917589262769,-0.0019972692252134827,-0.008858824667080545,-0.011353651104027196,-0.0010314505077181346,0.007116690458636832,0.00597155255520998,0.018904205206324187,-0.021157865896768713,0.0028966688980818223,-0.0066087472526924484,-0.0014884474941947445,-0.012746998010917054,0.03638021058352092,,0.00828418728011604,-0.0057402940844987205,0.014466206966526007,-0.015355559399711338,0.00025592201907298495,-0.03846150319251662,-0.017656825220476624,0.022758765246154278,-0.009494263780399081,0.052132689997387516,-0.004054112262838694,0.00952376800329513,-0.00750163426457906,-0.0004522943738478613,0.019483745784611983,-0.006998971813076849,0.005915219308135544,-0.017232989705842305,-0.004265948015489074,-0.012233362343156862,-0.0016685485393098665
2018-01-29,-0.005894236692416954,-0.05257143687662891,-0.0146137008909768,-0.009114609738079316,-0.03378377023837276,0.014206254114237371,-0.018576654167186346,-0.018935807119780823,-0.018291600036089428,-0.009125140679134724,-0.012391244954404135,,-0.011254258505975279,-0.016430524625994147,-0.021117227292453133,-0.008510396394923347,-0.016758304664847734,0.007258054423507909,-0.0023753588588469876,-0.018657188567276717,-0.037696430349411725,-0.003960152658188054,0.0,-0.01843455982969089,-0.00541039325073267,-0.017004464335737435,-0.007678316965825771,-0.012992036094743642,-0.011748069880810785,-0.009864748885426988,-0.0238093592929417,-0.01948029126752404,-0.008699781158864162,-0.009380385636616917,0.06196030673427555,-0.01723748970436556,-0.002930780403644584,0.00612966555041794,-0.018411398122528344,-0.01590115452411367,-0.01256359277571728,-0.003725401253900529,-0.020345074685443998,,0.0033102642005065075,-0.012106729634531965,-0.016730937286294156,-0.01886806075323033,-0.031265773802338415,-0.0350000262260437,-0.004901931181683694,-0.008122599055161328,-0.0012436481088820006,0.0015015359025454256,-0.01572589450811479,-0.03908347730131645,-0.14192396801805718,-0.01583712106010604,-0.010614261699658623,-0.011453900318145749,-0.016988029012742212,-0.008280683632415298,-0.04349071494745649,-0.0035898414844244275,-0.008204157697913605
2018-01-30,0.0027549944405043103,-0.03158418955265574,0.011064334231452477,-0.0030200868655893,0.06759905930809484,0.009090198056924459,0.013634351058061434,-0.008685596429484632,0.0292553868529859,0.049332465381079604,0.0037638690930423824,,-0.006504082369119035,-0.01355681905029471,-0.0008712633558659588,0.012875366727582271,-0.0017806093850734062,-0.005984365104290124,0.010476330281460777,0.004005258483286367,-0.0021761455298809906,-0.012402963557168967,0.08374388112801823,0.0011924554392843678,-0.008025764148794523,-0.03998137683867209,0.0041193626640527725,-0.003903800490416609,-0.029617167018827883,-0.0053505987987337855,-0.013322242873252454,0.008951984992575213,-0.02976919907135589,0.004864695024803245,0.019640655707219068,-0.053897098156325596,0.01272823674125756,-0.0012290004997694837,0.004045474258409509,-0.02308339401266124,0.024477045720829205,0.021405444678295416,-0.030487751065546354,,0.0031525064018589344,-0.013197551307282729,0.01268952274209334,0.012362728336403617,-0.020105631822228798,0.0,0.018808971209735903,-0.034547286878022554,0.011061882460095873,-0.050974535037307644,0.0026318002974987653,0.007012622420745851,-0.01837738517824583,-0.01195403351180857,0.024550343604870628,0.00958120524401429,-0.025091161632196046,-0.001964675801355509,0.000549307512876851,0.0019815170190844444,0.007659356346694901
2018-01-31,0.00209051273554417,0.036713697393244926,-0.01140920461392736,0.009777142866335575,-0.03566228379043768,-0.04196737400527717,-0.007587591089827317,0.021222744151763173,-0.03725327714170534,0.007252296417453286,0.015624873411934637,,0.002896044593797331,-0.005203983701730253,0.006034434670929123,-0.021186584792474483,0.009174201744280852,-0.00331760557422911,-0.020499608513077194,0.006223253300376763,0.016902802775684345,0.008592471061691809,-0.013636350336153957,0.005657360327101957,0.012270732496725945,-0.0036997883873917115,-0.0005327755890397468,0.016200576800002864,0.016544511515829807,0.004080784645430269,-0.01017876626386749,-0.013320395865312529,0.013242597747965101,0.010374281229009075,-0.010666614217190395,0.011786378821837973,0.007130087760772508,0.03317447369739801,-0.015751180857832447,0.010295068380115291,-0.007893837571905093,-0.013129528216553443,-0.01934889766471526,,0.006842221334254717,-0.015284553375488286,-0.021562237587406163,0.0007753496948272875,0.0035419667388048026,-0.00518134234975598,-0.021245556930509668,-0.056893360980377894,0.0022464915313265,-0.04107421092865582,0.029433788012331652,-0.013927576009699294,0.004763289531954484,-0.015821319507170917,-0.014281293846785892,0.003089859991966204,0.019942010705220614,0.017224244494629115,-0.006588218899400311,0.036675319440613974,0.001835168878425053
2018-02-01,-0.04339026262402068,-0.01005679377227875,-0.024258008671511955,-0.0028641046575857976,-0.06037737288565004,0.02874097206609716,-0.03400845129924823,-0.05090566148340592,-0.013861677348829149,-0.02249667045114545,-0.016922842215291722,,-0.013306805289159396,-0.006271715109058884,-0.029848463524211666,-0.016233778507683483,-0.023580085783747373,-0.02927737294851185,-0.03993257921958626,-0.02569126415189993,-0.08364598115978927,-0.017217170802539705,-0.04608301361073386,-0.016432280684000267,-0.015496461169016151,-0.021080070076959556,-0.052801804954876075,-0.04477817255453276,0.00952513473790284,-0.01551801763753291,-0.031479234100030506,-0.02103679520706625,-0.016711943791344552,-0.0221610676799604,-0.011288347272730093,-0.01492526084646384,-0.013207122633483004,-0.014552858575886951,-0.030889473533826983,-0.02171716366903298,-0.026310490192939406,-0.00268622219962944,0.008903310872858672,,-0.017704203616552228,-0.03026821501085486,-0.029022796992481226,-0.029052920281918415,-0.005973539130678995,0.010416719053562673,-0.010928235518739782,0.005986150103071353,-0.0268216338912578,-0.04118616028499622,-0.028592210936813522,-0.023305105293183193,-0.0024256571523504356,-0.053427857264667256,-0.015747955382294898,-0.020682428544660514,-0.01303473497898966,-0.025640890120425364,-0.01419948858986253,-0.03901959526943155,-0.02198139570582469
2018-02-02,-0.02498455436001823,-0.04914493534792086,-0.020033808476847326,-0.03419022676232586,-0.07068274119860085,-0.027938006598856924,-0.04055089108347709,-0.047207684446517906,-0.031340025714892916,-0.05740750802522254,-0.05289540091556988,,0.02913480663692458,-0.045138555739116404,-0.04258484153151609,-0.02750255338395735,-0.048688567973303454,-0.04070111550278366,-0.04284636701299127,-0.0287559766173201,-0.04095967415932322,-0.04813317925609795,0.1111111239086735,-0.044250486655220245,-0.04735720303362434,-0.041110840989628694,-0.05075945775639945,-0.04203209289368015,-0.06218976571156898,-0.032088754753069604,-0.035319782697782576,-0.04304972317461575,-0.05294845091970479,-0.04795232143238681,-0.04939081987800176,-0.0454545165254725,-0.045936382439065615,-0.04740383406184967,-0.048386713359962696,-0.036885139448941784,-0.04118543673999464,-0.010454360679981511,-0.049246510635378216,,-0.04281585579875291,-0.03381309538174404,-0.08487485454541854,-0.04069406259202968,-0.05299104279684175,-0.07216500039941254,-0.06568794229624997,-0.04565046007899887,-0.05475092946203086,-0.03608247971701106,-0.038432972521965314,0.006507547914858414,-0.02718804280269005,-0.032467512670720566,-0.03089455173037159,-0.03504775276364014,-0.04063686000453104,-0.04915588080832878,-0.051147006321189514,-0.06677096809872318,-0.09224306396974102
2018-02-05,0.041792206057583936,0.01543274611442036,0.03448320526395898,-0.047012229426243834,0.006914427468986295,0.03801436389950541,0.03980060204918234,0.011174336409165875,0.05383577002606943,0.0365788017241413,0.03106413030058297,,0.020521814215426648,0.013858815835045446,0.019525319142448927,0.016968419470292373,0.021154462371842042,0.035279524122361794,0.021989461335948368,-0.023350502831047892,0.007931713577550514,0.030951417275228987,0.004347822030685622,-0.00031496783879803036,0.005870608488587337,0.02564749255670562,0.02074577512169462,0.03849689086492081,-0.004111822880765392,0.014928173713811388,0.015603629673964559,0.023357868393597103,0.01104366466705442,0.030422746546338475,0.0029687768253690017,0.00645232553306907,0.003358224330559434,0.022343669399722987,0.011703009326340386,-0.016666521916606558,0.03784109611819808,-0.030656223402562244,0.045071968914703886,,0.01591323774281972,-0.02961295791072871,0.05559194472793094,0.02724060662555572,0.017594609566489172,0.022222267845531718,0.04325298533779587,0.020543485835638586,0.020197760877799453,-0.010695176711511767,0.030610313316469684,-0.00862066792062055,0.012610731746246051,0.0015487236962898887,0.002521527021648984,0.014900608461031029,0.007765603053758285,0.0031331236234675153,0.023452020191990774,0.026621147989304816,-0.015130645174626811
2018-02-06,-0.02140722510723414,0.021762382895001098,0.004523057110813022,0.02823193080743236,-0.0042917801457279525,-0.018061620618718965,-0.03585592386188696,0.003127638213977102,-0.012480112530299015,0.021149040008731967,0.0016028926109432629,,-0.014657743956432934,-0.017935381138768025,-0.0055306355790494255,-0.022247172043568075,0.0022722455562811383,-0.01323431984441803,0.011270340646161614,-0.011954392491233978,-0.026029181200171392,-0.0027179030118259506,0.09523810998259652,-0.008506630740727328,0.01172010737519158,0.029609058202138883,-0.026760603144085127,-0.00618472952810023,0.031405016352153314,-0.011652061388242596,0.006457668783177217,-0.02155120371340924,-0.003110256426111291,0.0067791912188277514,0.02792008508261623,-0.01628410763399324,0.023223213379566454,-0.027683431791842517,0.007179711699980995,0.007572919155566682,-0.01883287603393058,-0.009829019365840685,-0.004365539927448703,,0.031023017104692352,-0.0010667452993825544,0.014274118586708351,-0.010728734447527644,-0.0085033666736537,0.07608694736696164,0.009937885463201734,-0.012367304350601849,0.01663968809287586,-0.0018018429798489777,-0.015701676142569676,-0.02391306559244788,0.0004485191507825892,0.006701086117087307,0.03302687941110416,-0.039229070185932136,0.01418560023748694,-0.0031233378199597706,0.002842353976994394,-0.022603164481349247,0.0045394619810708026
2018-02-07,-0.02751682571099856,-0.04523833283120782,-0.01990975690037944,-0.021676190110888616,-0.03275862947797348,-0.046782076355553315,-0.038738974414133986,-0.043650015842371714,-0.03290091774444981,-0.0483528846308634,-0.04832003764047221,,-0.016965650546091005,-0.04619292553110055,-0.0429865316182686,-0.03299208238385998,-0.04160565239416547,-0.05410125389133824,-0.05116516792185355,-0.040581301556220195,-0.03729020426459251,-0.04819136081598252,-0.09881423036644177,-0.03574833252451326,-0.0414049503090993,-0.05485725600190561,-0.04519581707825937,-0.04181251593339985,-0.040243500372444174,-0.01720149751213329,-0.0542036843023922,-0.04420192748147145,-0.03850252121689768,-0.04421036798172007,-0.01930766718168697,-0.03271629568646073,-0.03222054995418455,-0.04772986972373261,-0.04435645842387659,-0.020579753071382823,-0.05133363116486922,-0.018907506387683903,-0.05465675762404165,,-0.04042544795439995,-0.037599008152600644,-0.049300540660294434,-0.041538808507042724,-0.038593488437261736,-0.1313131252316453,-0.040283150778501864,-0.03583258867658978,-0.03402273221992791,-0.03790614433086237,-0.058347854618473804,-0.04231623665464801,-0.011775112065369964,-0.04813110604242754,-0.0862898619278617,-0.036294374606059,-0.040925492841710875,-0.03394253323677554,-0.04144891735655709,-0.026144999764261656,-0.03719166514269734
2018-02-08,0.012231636598378337,0.025995329895453834,0.0033858583156129995,0.00428352153967948,0.008021403783061043,-0.008071057484337008,0.020955870231548435,0.042816807054329775,0.025831195050335154,0.00961573780329128,0.01983845920586691,,0.009879827914587747,0.016004330150483526,0.023813131526842835,-0.012941017234637697,0.02518443052334196,0.022056059368661174,0.004271422291622473,-0.010137111160242185,0.005810268045508549,0.008265049809775604,0.004385960784535126,0.008732947865991436,0.029361784473619146,0.014063044422959026,0.038264929310987794,0.011974660722775532,0.02191936436166597,0.010619397251716345,0.028070049857640056,0.02891036435468264,0.025087065015501953,0.020022251759991505,0.0212226194403089,0.027219828594019058,0.02129816706710974,0.026401543123207638,0.009117260392832893,0.0025580076180617972,0.03728993384214352,0.019340587322172587,-0.0025189813980507347,,0.026789626360452345,-0.011986802355528958,0.06693628672194385,0.019000806308976603,0.015759570480382568,-0.011627895694091173,0.025152513948795363,0.04265078603525829,-0.019218773449318216,0.007504683381911681,0.02494870211809519,-0.001550363939861965,0.011461757472533307,0.015599731350101065,-0.015258637910555595,0.027502799557216795,0.013863956275503186,0.005405343766220261,0.020788988628674065,0.008970979918186295,0.01317680171266189
2018-02-09,0.04027871183035514,0.00566045894497047,-0.00530241212162319,0.0032354518759352136,0.03271440069244669,0.0348088545167482,0.014537014293640738,0.026469372027519533,0.03779157923387588,0.03295991023292899,0.026046964074924128,,-0.013498364893008596,-0.00047349547655273216,0.007420690729894153,0.06674599489306465,0.01465784602156095,0.02064186534086665,0.021797096988154463,0.010484761567327805,0.02759947990233602,0.027625249491835202,0.16157210923194243,0.02123487767296739,-0.012117023463699583,0.010337556436682771,0.007923533526869475,0.015483466835841897,0.02005984550233686,-0.00019436350609314257,0.020022919308690934,0.014252643229546003,0.0057131235330343255,0.015448778017286724,-0.001502930784869294,0.0002624087838600797,0.012858271755802564,0.0017035931328142073,0.03531824353870694,0.010205923641821713,0.010773236662721786,0.012829244767638137,0.033992045361668666,,0.014277319166626112,0.023365373548949853,-0.017451067820845934,0.008799380129464796,0.014637029236582055,0.02941173583166079,0.026097683084587153,0.018698938378610697,0.01879520453097583,0.1173184595655401,0.016360723729501148,0.07142854604238802,0.012677997899286142,-0.0037076111194793704,0.017105860055229627,0.025560642287616453,0.022020993707064784,0.005913945174401913,0.021406901500379716,-0.0062108535913467655,0.006591912685341095
2018-02-12,0.01001792236489396,-0.0006253029915959107,0.0016960335114983849,0.0005867841011311103,0.008561594621799617,0.020400675986486094,-0.0059031773289822675,-0.006294444127736387,0.005973621552906483,-0.001861513550287519,0.0019278201752428448,,-0.001882891187994229,0.0011369274737424995,-0.007822812302449744,-0.010056006022027941,0.005617915615919289,0.01103180326245723,0.01456800974988659,-0.0008444035800434513,-0.0068706946798315904,0.013127140256350422,0.0714285010041813,0.02719131078842385,0.010881350430125059,0.008110970403206297,-0.0003982777768659629,0.009361466341254454,0.010769311286208394,0.00583872779495298,-0.008253413979417479,0.008757597422527796,-0.0023796751229977486,0.006175448743698686,0.0015051929857448076,-0.000524566955579453,0.012781589853373854,-0.01847969177034603,0.0,-0.009561619423361534,0.00785369861602958,0.007133323694860527,0.001240534519017178,,0.017543981153665955,-0.01866029588280127,0.020172911394118254,0.007061497747951284,0.008078427893625673,0.017142840794154512,0.000609225789358403,-0.05282033184551749,-0.012639405547000937,-0.005000034968058231,0.004122609628192775,0.04347826086956519,-0.012297546964765704,-0.0021264757742887053,0.025116342037434514,-0.0035269535181404743,0.0,-0.004810241050983155,0.004209290407352739,0.014012268665115402,0.026548499546402482
2018-02-13,0.018437232142636484,0.01090638259482768,0.01161126228837972,0.007488766747175246,0.03565365753943106,0.025832207585371192,0.032930340685621395,0.04393137691478288,0.007321284535771966,0.00492479050488126,0.02629895298615792,,-0.055968134377866074,-0.06596423958576425,0.03581668917529268,0.047404087253161364,0.020351157169659295,0.026563508799087865,0.01692317983448688,0.0022336624256562576,0.0226414975019249,0.01227550622834439,-0.06315783661818375,0.015882849948274158,0.030404602584614304,0.012748745966624009,0.017606732262736013,0.02758984511821172,0.01659220762947755,0.029411789155322277,0.020692870787367257,0.019626902110541078,-0.0022314197538243485,0.02312530047442185,0.012743251419415236,0.018282250568852243,0.012648480691070718,0.03678892724467264,0.020230073146723315,0.0,0.015658301066282077,-0.0065531298696923646,0.029929946459533507,,0.018231464814581377,-0.0035794785096034953,0.037785278153584345,0.019797592803299624,0.007155425850561725,0.0,0.013546480981524,0.018855670545163905,0.00739466538876643,0.07537693499447329,0.024437993732891572,0.025000042385525223,0.013572667960789486,0.001065554463287155,-0.004171050736881843,0.015809433984348642,0.021720118112417808,0.02577897999117229,0.00944174997792624,0.020241307444802237,0.026724293908125807
2018-02-14,0.03357851257709865,0.016094839406274097,0.0329984597047277,0.005247359245324157,-0.000819690904768855,0.007380856462852581,0.018605338640905966,0.02329220244969421,0.016837814380308735,0.03366681694666829,0.006562469980544439,,0.03471856666895223,0.011145698663227455,0.0013147883699615726,0.008620766289803017,0.0048235325744832025,0.012147147752886278,0.038871971508605,-0.005903545664090015,-0.009224997874261787,0.021618987429323333,0.033707832059029164,0.008890279737068907,0.032760504547096225,-0.003299395833884944,0.01739532328804061,0.019422770609343276,0.05795359338695527,0.010338115141788506,0.011899276312432816,0.02115201117153731,0.012030568536588682,0.004172733107847826,0.008130730721020551,0.012852081555858152,0.017876428441379044,0.002450781977547889,0.005443238010971685,0.01985408567528779,0.020372180616597513,0.02898411623945285,0.0536466174929251,,0.02085109002429064,0.0011224223234524988,0.021042073681133422,0.024065151628071657,0.014776879313543212,0.028089928274849907,-0.019672744687216026,0.0075295421856622635,0.03174627069267344,0.017133976979312404,-0.0013359411893369977,0.2425473327410388,0.010512938563130403,0.02288442665651047,0.036486630791516594,0.010917512106817906,0.014966151184337972,0.004711954489742265,-0.012063596344642491,0.023400788904455627,0.007892738773078278
2018-02-15,-0.003237423679074314,0.03220186347532894,0.006182580209431299,-0.0274035485264299,-0.03035273981095965,-0.008941218962002284,-0.013699063326513161,-0.010328942491175441,-0.011674351872453692,-0.003983510638488119,-0.007451191476303798,,0.024744014285240423,-0.025085208240826495,0.0008324333101732417,0.009615518988226324,-0.003373019600425242,-0.02306510105098103,-0.012961613049324305,0.0035146819535427642,-0.0018622867130489995,0.015766857113561628,0.02173910977784832,0.00045576997016061327,-0.0053680202911133845,-0.010423456453315105,0.0037933619337984226,-0.00022434505568724727,0.04036970337679979,0.0014888063207871838,-0.00783950019058166,-0.00616399501158349,0.014630926247512388,-0.007185485352616872,0.0027525706449240683,0.012176507095549294,-0.0013020814152840954,-0.014447583691918009,-0.016627855508642653,0.005358012619536945,-0.007122738409541474,0.010490723169037652,-0.006244019757428387,,-0.0025494976061871677,-0.003812677411191623,-0.010791076149044065,0.0013818905352032118,0.015401864832801149,0.010928951069668846,-0.00658690249101801,-0.0030913708298676568,-0.005692294224203476,0.03828483797358673,-0.0030576879674258928,0.0032715710113615515,0.0026289663569678545,0.007804450116430717,0.004250554934988271,-0.0009193104298271804,0.01089116389008793,0.0010420666435808634,0.014821544365348105,-0.0013669766208883605,-0.0011662346471090768
2018-02-16,-0.003363579938418182,-0.005227691897118691,-0.01298449760028031,-0.010137201898164805,0.016920538756615144,0.013570904563712238,0.01711493212669679,-0.036528858582010604,0.0029327821052451686,-0.004760091342487338,-0.0012511398187845524,,-0.03830598905195104,-0.015143670072634952,0.002772192695934539,-0.014814923753967535,-0.004686496272532148,-0.004670741384735444,0.03617449839430331,0.007367589491515281,0.0236317529598824,-0.027561609059796432,-0.09574467635395756,0.011085852298394316,-0.010526667089233332,0.0029742624034736487,0.007384894271444065,-0.010200655034855455,0.0015429801199715598,-0.03362489057767459,0.016681298602645223,0.013894895491713521,-0.01712376150587802,0.00026182049244383165,0.002233962713776405,-0.01798171695339701,-0.005103544287767381,-0.007611662574048661,0.052300670408494954,-0.023272201789877656,0.007825879994358464,-0.01435476008346237,0.00010772150928728408,,-0.015842643510637022,0.013732605515067942,0.02148994720813957,-0.0161701601741423,-0.006894620848852062,-0.043243265883429416,-0.013261300705846968,-0.02742733785372775,-0.021661721537173384,-0.007374659172212139,0.003258686320960269,0.03152175571607496,0.00043666307392498105,0.003097545861787232,-0.002146044443117834,0.005979843351646474,-0.004475437248806724,-0.0015615054905339099,-0.011814719703093668,0.0016176860680763294,0.0
2018-02-20,-0.004538743731294259,-0.0005933294445662485,-0.010570578818551613,0.013102788670044774,-0.024958417579850734,0.009922706887337096,-0.005677109443240624,0.005616902759575826,-0.0040059194297686895,-0.002773437299205539,-0.001878988201209686,,-0.012751245816888135,-0.004696489984990171,0.0017691437373328345,0.02040833269736586,0.007062681140018068,-0.002121232080353641,0.019368653126670132,-0.003237308349206991,0.00668299007149642,-0.016265102853856517,0.03137261318454776,0.0018022696588682052,-0.004868675455917293,-0.00308875972796685,0.009206279790132665,-0.005625342592636695,0.017925191026766152,0.0030759298812572666,-0.008203847995833513,-0.012329315455775314,-0.007335514087245754,0.004184040231309583,0.007388122601452274,0.0,-0.004544117363630362,0.010794941973364391,0.026158042245213675,-0.007821160940242433,-0.0132658333412915,-0.013327882794817447,0.00893916903279246,,0.0013126674248311598,0.04552558204626056,-0.030392257456004712,-0.009220782732785149,-0.006942486662135705,0.12429380281409363,-0.009220263836508868,-0.017118520862406728,0.022141341102597467,0.0490341638589602,-0.0007640726266772147,0.007376153182161005,-0.0039306765775267705,0.02727734281896499,-0.004391140631703427,-0.019433010861241606,-0.00899079265687841,0.0031280916166371853,-0.006750286585500809,-0.01919490880792718,-0.0036698154147813966
2018-02-21,0.008358953574130412,-0.002968408466978323,-0.008547427180256362,0.004310785211411705,0.010238897851962525,0.001631842065593636,-0.005761167471160955,-0.0025932787820729386,0.0029361615814647024,0.010074594775752121,-0.00564808475061418,,0.006524360691387843,-0.004508942738208566,-0.007414274647601249,-0.005263213068871675,-0.00948051697927399,0.023384675376229458,0.007975316846584368,0.011016803008686127,-0.008449080135628506,0.012770827892886194,-0.07604564219809229,-0.006296824410220281,-0.002763364694437165,-0.015986895826988312,-0.003456785518921923,-0.007479144359535339,-0.027132216960689903,-0.001760248631884842,-0.0030475850639251068,0.007753938178606923,0.0,-0.0018231389604000947,-0.001138017183541451,-0.00464172658032691,-0.004621029123898057,0.006070504744472682,-0.00036426300346437124,0.0003667436135097457,0.0026234402632774323,0.0036239511658640033,-0.010318848369720524,,-0.006242233499025307,0.010620159375924088,0.0032732715752403774,0.0032374487167055044,-0.0005594595247641054,-0.055276388833144785,-0.01924285542473836,-0.0053227328309765065,0.03342110627772965,-0.052407916226329565,-0.00516259399161878,0.011506260373203459,-0.008930170586248565,0.01803610355030605,0.03861385365210501,-0.011657689457450271,0.0,-0.0010395545005112972,0.008705873073812542,-0.0019000763374344976,-0.01540278069846368
2018-02-22,0.017391400117138245,0.010122544705485348,0.019396729008888114,0.01302543911484233,0.01942563676285558,0.009869817359685173,0.01826275247765441,0.003799972534179741,0.017485389049519018,0.0020791593617501825,0.010729090358873039,,0.013626381069318683,0.02798357251859973,0.01894260759317601,-0.009523941349338982,0.01062011663607465,0.02234635977101762,0.02676294718608796,0.015028180083484166,0.0,0.012670707798914771,0.016460889199236384,-0.06774287788870659,0.003906888047803481,0.0190171897736231,0.016388892181000037,0.020426414896985712,0.008332326790266631,0.0037224106488302766,0.04213980721024657,0.01839015132514743,0.01624198818743028,0.020264696135323668,0.005126799103339907,0.02020994146367716,0.00922853507933441,0.024023638552368,0.04699477901306848,0.005497720125652528,0.025400470341323977,0.025933894510768107,0.028007523514755217,,0.00826086591115649,0.05758721620258456,0.01561037142126831,0.018350256997124115,0.014549642935689722,0.042553214424603025,0.01833368811580094,0.025457553428009927,-0.003219225745242582,0.026158402451555984,0.013645814205675677,0.03412619602794931,0.014684269945618889,0.01771656573613334,0.016985883239315713,0.035621372648605654,-0.004032196154380663,0.010405774982653826,0.013519111869702227,0.0527317580538309,0.0061212513953887715
2018-02-23,0.01977209889352527,0.023494944674661067,-0.009396019618736373,-0.006721219545644863,0.028997546836708743,0.014633382161458375,0.020424528222473315,0.012353113439857566,-0.0029953922972933977,0.019121849793985124,0.012176266098753663,,-0.00848357151608925,-0.009460991274065633,0.025866357697393427,0.019230879172185134,0.007395003274619061,0.007881422069838662,-0.032864612357937806,0.012446185988084224,0.003043160432568248,0.007338825914386948,0.08502025737430108,0.053568498293418365,0.026153761307905254,0.010876383911557763,0.013837533260547374,0.01683092424355115,0.0043394443307120945,-0.0013661492445856682,0.028912697753771033,0.010502727351185293,0.006784701094690426,0.012445479376986146,0.004659742872371142,0.01815871920150358,2.7850734465095783e-05,0.008947471268138552,-0.01913723601535733,0.021687493768596022,0.014458917184199338,-0.0032227662338737417,0.028783266616489778,,0.010184668627886362,-0.0037759606015852487,0.002642928514344778,0.013267168058761714,0.022890125278711704,0.0,0.057801658768798614,0.003180333464471552,0.0174238321670106,0.026948350442052016,0.01877150945853101,0.018000030517578036,0.006687872689059793,0.042553150279516894,0.015253507120131848,0.011617481759209403,0.029520877255563516,0.003604846491410907,0.016944506414974914,0.021940925398223232,0.013520477424884936
2018-02-26,-0.003240756870379169,-0.026987344969228833,-0.012568374816413597,-0.0038246595164100894,0.008856655072587483,-0.006550867172796515,-0.016928894107608117,-0.012399154715362903,-0.004507064846106856,0.003191292108605026,-0.002776275227377001,,-0.015005739851481348,0.0003103214884319083,-0.01985938073284732,-0.030398441421978117,-0.016355920552327374,-0.01484517291049492,-0.021092316041634196,-0.009205354304793856,-0.0048542710621777285,-0.023169645854019705,0.04104473595365432,-0.02488477680270229,-0.012743628428972142,-0.017483494280951084,-0.022899452058314118,-0.012275994393668999,-0.012811357324791217,-0.01954650867965091,0.016290009780439263,-0.0023610856797959823,-0.0030286444132203716,-0.01187136689041357,-0.0032589159669466072,-0.018458913736697724,-0.0014772126448131528,-0.018763756523382025,-0.04859854113826223,-0.023902791402934387,-0.01278535224958044,-0.01920428508163896,-0.012068246458281306,,-0.004027490273365464,-0.009974411907240688,-0.0021089883727338776,-0.00859868434519373,-0.007818584590682298,-0.03061227592911475,-0.0010539210514113329,-0.012065564543271123,-0.011515544531134125,-0.042553217392692355,0.0013029513674966964,-0.014734773625079023,-0.008603778896225212,0.0037105716923799825,-0.017990057260484416,-0.017788813905437295,-0.012780513749042766,-0.008722417523412296,-0.006579433697542436,-0.02158775833583615,-0.01267286493607278
2018-02-27,-0.0015138235271896505,-0.02054770727241584,-0.0028813672205231233,-0.01653876428229517,-0.03351955987586863,0.0003108313001467522,-0.010382430618415373,-0.009166980503689026,-0.021246040357635998,-0.0066641224769548035,-0.007114232388329755,,0.008018057848643512,-0.0038263214263585255,-0.006042208589689291,-0.011891585099025326,-0.011651652766731524,-0.041113660479351055,-0.01268887692068088,-0.011113765280682864,-0.02804879536061944,-0.016567242412798278,0.1899641500488629,-0.009924402530848586,-0.006431893072302519,-0.020283719008136525,-0.012160917353313705,-0.01590694043967622,-0.0028541124870368195,-0.010565992132034463,-0.012422509656224712,-0.0105109962907739,-0.013594602281568058,-0.015848849960368172,-0.01804833333744027,-0.02134649280621448,-0.01047275940396064,-0.017304026266728778,-0.01772732184618142,-0.009137558736939555,-0.004564975348746558,0.0030983376189253065,0.002649587492634442,,-0.01023588334868486,-0.007656109541446243,-0.016499807245425546,-0.0011828258211020737,-0.013315426877290037,-0.02105261176576878,-0.02019901003669622,-0.0016512923509202082,0.006198353635861631,-0.008888880411783817,-0.014498363201626008,-0.001994063524938361,-0.0130726172989577,-0.07855817484006122,-0.022593189478732012,-0.0061900045063045805,-0.006639093481953573,-0.018116154913081384,-0.027352205571475552,0.0009042313242655364,-0.013511420535847418
2018-02-28,-0.017516362248709116,-0.017180342264901616,-0.006503643099057488,-0.00885869123079741,-0.01734104410409143,-0.012562358807392093,-0.01770846193816933,-0.02051489204990098,-0.012781077427991616,-0.034565549575083065,-0.015634680861128625,,0.007291729774750344,-0.02297651944786827,-0.02520775228271488,-0.015317559416456628,-0.024241917938586655,-0.028455236317304733,0.009942028452026186,-0.04328918489704148,-0.015056431190616726,-0.02523762426749221,-0.003012045380823114,-0.012092256801663037,-0.014834890851426197,-0.015242365586386697,-0.029449590305471007,-0.023390139945576705,-0.006488585476270514,-0.0006047658359042973,-0.029417673569530067,-0.03357953495202093,-0.020018717749080595,-0.017921913555804303,-0.021005492791388525,-0.00675181230228139,-0.03617616060774487,-0.013346860552982065,0.0015199066169906406,-0.009590609151223783,-0.009811114945155963,0.007098404254993751,-0.0033976569815059587,,-0.02999634787556471,0.004872770675070859,-0.04045468658671858,-0.018945838457240627,-0.018727610005249584,-0.0268817586779716,-0.0006155826561587974,0.004181704625187299,-0.03295227870982498,0.037369207453171516,-0.018294796720064288,-0.004995005071146585,0.002893904249977153,-0.02708128891997874,-0.03535822749677753,-0.014532663415464664,-0.02690066248376133,-0.014760112427865013,-0.007561084909506022,-0.0012045832061231554,-0.018832210871982058
2018-03-01,0.006914803346622644,0.010541016184581808,0.02303064447269798,-0.02423880975714776,-0.007562958134337272,0.004553166629101657,0.008544945647557478,0.0262833420789379,0.03107147760053386,-0.014355504497075788,0.004765011864180657,,-0.010661200691586492,0.016327201175523998,0.0037338856845015034,-0.009999891822535134,0.0002716245363927339,-0.025627449422586546,0.005282029093421681,-0.012120451945420219,0.00573248097259893,-0.02232022203452033,0.036253814517257066,0.03607668985282553,0.019119464145657128,0.014962323807173439,0.011881545684362615,0.005218197537205205,0.0020746092891805734,-0.0024191935051692814,0.023829479793326502,0.012763024183735538,0.012099505637197305,-0.0009698588651020357,0.006476215021430587,0.009542602664514233,0.00597595496245118,0.0038649989720840328,0.014794817677014072,0.012290455803635414,0.0021539104343311077,-0.002480001880132643,0.036709253107380935,,0.013621513516112405,-0.0002017476619321501,0.01864675837345109,0.012271261117470456,0.008981174838533112,0.04419892013504234,-0.0033865274132597323,0.027006114195558872,-0.0027626669545190996,0.017291049649809764,0.011142946022334232,0.02208839971225851,0.007103466885177712,0.0293814281459972,0.012661277814635996,0.006788457744441478,-0.009958655451747456,-0.009095770336787545,0.0032965996754401594,0.025508024367318693,0.0017447129382262005
2018-03-02,0.003461810517593422,0.005389655378080116,0.012322218450411704,0.013041403760340131,0.008467351756339392,0.01557072907976953,0.02469362461890312,0.0032012774885461504,-0.015505990972937811,0.02344270117164049,0.015807609895712282,,0.03751543949820846,-3.477574694743524e-05,0.01428636477392553,0.03815922329773147,0.010043380355148068,0.03238138391549317,0.06424676812655106,0.012583511493546196,0.006333080365436672,0.027591363912204958,0.08163264313125462,0.026737154853815115,0.005820689573429183,-0.009785576119413997,0.009795823722854369,0.019371005533562746,-0.0029520494909398565,-0.0034359577128229013,0.01572064537929485,0.016435468913001294,0.0075297710081772,0.015354537418741598,0.002599678759025892,0.006085674907622574,0.001872785856006809,0.021401861688650214,0.04598131399994232,0.0007359559887125666,0.006340766037677081,0.014196931283382508,0.0463378335484288,,0.0050719435798471935,0.046887404217701434,-0.003762428425114539,0.01927668096291657,0.0047287866767939946,0.0,-0.011276008603393617,0.01040927556410387,0.013621528102549574,0.01983000957794312,0.01862055319085587,-0.0058939694059789716,0.006722623100191338,-0.03705557318789221,-0.0052816914935877035,0.011160273268731702,0.012486733155312013,-0.00755937694298503,0.014166046564041634,0.01822889655427362,0.0031353453375049245
2018-03-05,-0.0008483477009713081,-0.009510782723276101,0.009363140425505012,0.015325592740866645,-0.012594426570279649,0.00920849302913429,0.022636786103441553,0.007778208902989192,0.016114769326120548,-0.010857603719189757,-0.0006224245229520253,,-0.011283582905429967,-0.003380383967376499,0.011578497535638554,0.04000012212649229,-0.004837633556420529,0.017403593815525698,-0.0305206981014422,-0.0018020743432578534,0.010698516664304103,0.006157287055108318,0.03773581268088644,0.021195970201353553,0.0007563958535463655,0.01796747936117571,0.0056084991056883915,0.014479873418511868,-0.0056137584369599924,0.0014198921369805717,0.019296540838765308,0.005303476532882323,-0.012096270027958766,0.0008694935666262449,0.0026579432553361926,-0.00656346845948963,-0.008353695260965632,-0.0034368971715863506,-0.008577386855119329,-0.001838394716311753,-0.0034175179898903174,-0.011353248353695888,0.03244442409939241,,-0.008468697743734377,-0.004633283392475818,0.02762551334796748,0.004094058119556987,-0.006644523056855034,-0.005291000285156167,-0.0292141642009478,-0.0012877088443836726,-0.0007591551698544752,0.031944447939778575,0.02089150526639738,0.037549438402664004,0.0006566243489225521,0.043681756244607906,-0.015449266428910424,0.001149451018015224,0.0035973401676963057,0.010881200348703324,-0.009632987750596067,-0.025641039197886073,-0.009029308232841426
2018-03-06,-0.009282947455300561,0.0013964652841795822,-0.002087105359548036,-0.014792609761990705,0.04081628681073313,0.004786506564700588,0.015825348426719454,-0.14882249434854056,-0.015580401347751183,-0.005388070681098034,0.002180058074075397,,0.004149792415708564,-0.005035325498589094,-0.0022416480870757205,-0.014552890236510296,-0.001890023973025512,-0.014569294554035772,-0.029861103924997634,-0.008714581943594535,0.016811947413512218,-0.0038481950259756648,0.018181863219567385,0.007412898778686117,0.0065392731315268016,0.00844662048937761,0.012843926949872797,-0.0059187328441535625,0.0035961357606872912,-0.0028353924495162497,0.012029299176771646,0.009284820761111146,0.006395087383796794,-0.0037342739459789165,0.010772408373611153,0.003238693170474427,0.007952781520967012,0.021860047995256204,-0.016582532164903574,0.0031311030467529033,0.005786633165588473,-0.001370358056284604,-0.012483802902064856,,0.014479161263880602,-0.010085266431934081,-0.0013213810437859852,0.004272043516892365,0.0013935283005768184,-0.026595719384629013,0.005632691180793126,0.002788796353835332,-0.005166576185436256,-0.09017491452709792,0.012790124812879444,-0.01619044712611606,-0.0012033872667730483,0.01694071538404507,0.012492436638843696,0.015158676472827315,-0.0011946836085828805,-0.006996658432428138,0.004818950712020875,0.008594102286340277,-0.008235470893146024
2018-03-07,0.010912626349072418,0.01996175965310809,0.00604232524538606,0.011491103849349038,-0.02205878342632439,0.0044401594736043215,-0.004998859016399737,0.05835857321979532,-0.0004046321435317024,0.004869913881940358,0.0006214573633811504,,-0.005424459015428984,0.0005271451886552647,0.01088740081696371,0.002109663954286356,0.0025703770061902276,0.013728703034295409,-0.024337770382325763,-0.00031397540321875805,-0.00918538773679356,0.020012507066208496,-0.03316329385478556,-0.003826262229768451,0.0016349820017931282,0.0010000045999563056,0.012860697519628594,0.003730518898085844,0.005394057587028156,-0.0030461312124546724,-0.011301735051631123,0.004413868731590664,0.02340365025313318,8.720776047654866e-05,-0.00012839796030672534,0.01872395641039981,-0.0012276402958742993,-0.0074573034553439,0.00036664508611483626,0.005323507843129294,0.006072681740057817,0.008232701495624495,-0.012953056158456544,,-0.0013263812018170507,-0.009208436235007333,-0.0027288348315249733,0.007927274327412137,0.015864131618493316,0.03278685320900654,-0.010721808338169159,0.019048520292546778,0.0025200355305619038,0.022189291930702293,0.008659741045000446,0.00822844577937909,-0.0017520308204442836,-0.01126896344712569,-0.009629843215428147,-0.009049784196808353,0.009056601038502254,-0.002167860991188597,-0.007902273604102228,0.010048814316666377,0.002120171306274621
2018-03-08,0.017180557877849223,0.01948548998305033,0.00023125030971016258,0.031051162064065663,-0.022556428716830057,0.01741782666536884,0.021412555156912205,0.03866428611234829,0.027657078476523766,0.016602940993718507,0.01614900213192505,,-0.026619747629117452,0.0049527684499548474,0.042989132155921705,0.008420968799833783,0.02698687100065178,0.030340507180431464,0.014917977657197934,0.019912127604054586,-0.0037083245800625386,0.042654778811253014,0.021108159501653567,0.0031023648529844294,0.014559828192242996,0.008118125890108407,0.027855828633083668,0.016632874024314015,0.011802983212529039,0.009370529936626681,0.028576910541566747,0.018734473345185743,0.013175918865202751,0.02876067297904905,0.012713372228364328,0.009126632733425177,-0.0037740916070944097,0.015849400710428396,0.03517758072344268,0.006939806456017106,0.02234496361969862,0.003240188467867,0.04555205707845933,,0.009469856096613327,0.03124378042321796,0.017206986888673947,0.016113595477718734,0.007397246239680966,0.026455064499479652,0.019572789017239245,0.002699755052112174,0.02140814159425819,0.03473230871997868,0.03201570107703122,0.007201152078847084,0.008228586074112698,0.01833493192712532,-0.005864531827206032,0.018036344284234174,0.023208590454530942,-0.0010864900362677066,0.0031149772060281578,0.02548283395156825,0.026621979525622397
2018-03-09,0.009667622909296236,-0.008298988950310338,0.028405969163339595,-0.015278409495679046,-0.015384560208191234,0.012350428812454961,0.009025322170178818,0.0226311278013982,0.03570088057362919,-0.029137881025030565,0.0036676295151494287,,0.012940325049746404,-0.021670786699626965,-0.0093383094409063,0.009394469585544352,-0.0011824717070156865,-0.023696765705967793,0.009156449353736607,-0.014226676899065649,-0.0006203093722650932,-0.023224007107370048,0.046511708139179264,0.03166423383745398,-0.023091800794634798,0.00421198485444596,0.004384838095303767,0.009639544376423448,-0.022232306694912274,-0.0032293311820641435,-0.012837586051261618,-0.003428290762124586,-0.008744399345469778,-0.0032191910328076556,0.001902035442329364,-0.007159815618052456,-0.02170419834520043,-0.0025373790589596767,-0.022301033669886228,0.003989890432304799,0.00238222980515701,-0.002713095215053807,-0.030593769857424236,,-0.014071876830307528,-0.028188074431617527,0.018057340465219562,-0.0013214308266481511,-0.004351403047891944,0.0721648775032413,-0.003490372586007817,0.008340457549085079,-0.019169669114586285,0.006992966885427165,0.0010395311838324872,0.029551939266238447,0.003047077649977581,0.022384477318700302,0.05605653312252623,0.014128731841984488,-0.023178993273124338,0.008700486574194422,-0.011799955259880979,0.00493594918353879,-0.0036065007286021356
2018-03-12,-0.009630098319540203,0.01225688720328555,-0.006512137400240148,0.009100214001562135,0.010416656318638529,-0.006387748444923624,-0.015522860250348325,-0.01447770362633738,-0.006163929786645594,-0.016037684317920742,-0.014616276654447535,,-0.0007900939511248373,0.011932820331271188,-0.013518941131704154,-0.010341141381450925,-0.014601608552040402,-0.005242811622937604,-0.03581614293233848,0.001811747675644515,-0.019863509648578748,-0.016521272336423642,-0.017283992188819042,-0.012847986961741054,-0.00574265093873938,0.008142239468763579,-0.022316969530587816,-0.01774131576373439,0.0019755429691581394,-0.007086439586458715,0.005046401771164,0.002893312541473181,0.012968412969447618,-0.011983845576421404,0.0005061342528125401,0.0013918746142769223,0.0010808806478479482,-0.015587869304112267,-0.0003619735510079769,0.00018031617920444276,-0.024387382253360568,0.001813690931563361,-0.01686902291394654,,-0.0011312315315055166,-0.0025651956284654664,-0.008208068528816947,-0.006049273701747904,0.0038242659494063247,-0.05288456688971033,-0.049514473270845016,-0.019735783790416184,-0.010265909057875056,0.009722246321631767,-0.018697806064431055,0.0009259117974176334,-0.001952675089757494,0.0,-0.010621995702379428,-0.0050859289163287524,-0.0016947891293855877,-0.017250746693408314,0.01871910797479992,-0.012250878502380047,-0.007928044179148719
2018-03-13,-0.008501279076051693,-0.006764072741729188,-0.01062401218965614,-0.00887028133825185,-0.024055041098527963,0.001775698923243585,0.016873425296972444,0.004616944364343345,-0.002411668392082733,-0.024832514464980582,-0.006798575662766648,,-0.02148455879122091,0.008755864538323,-0.00904140818324417,0.0062696275329312545,-0.019223160151229934,-0.007482261543693358,-0.001733943465555221,-0.004614630838305156,-0.005699806937780716,-0.00688086852421621,0.06783919086245827,0.00535061618254673,-0.007432167826181835,-0.0075870932850555795,0.007877827207555255,-0.015268399548055145,-0.01221651774946031,-0.006321225300499611,0.001545177280916743,0.001249382197920701,-0.01510986575297113,-0.011182621617727762,-0.003289050189246967,-0.008338776032082551,-0.005337853963863992,0.012700819109020767,-0.018471609810304712,-0.0016393149518486583,-0.005931767797056509,0.021594516989956514,0.017949836874832092,,-0.01228477362166358,-0.001977851674126785,0.004158115141362995,-0.004944799643758713,-0.010884387014162056,-0.015228411651818319,0.007035360750660358,0.010866063028841744,-0.004379376784359179,0.05226961697907595,-0.013055588314608069,0.01202593034327415,-0.01391460203145245,-0.018086676057854523,-0.044494497652946774,0.00355606097670802,0.0032258343178197535,-0.0016457236189993951,-0.006874146555634786,-0.00331505377685104,-0.01615725870159912
2018-03-14,0.0011767041872505768,-0.03371440220900446,-0.011651516181759858,0.006115633881567328,0.0088028507475304,-0.005455760159082668,0.013757072017107408,0.014831897117445036,0.02751429261242122,-0.0008478255835494553,-0.001244605078973171,,-0.006734589433183058,0.003429969838097291,-0.0018428451046829109,-0.008307444679933829,-0.001769276022011268,0.013307951960702669,-0.03274592685958233,0.003445585818329322,0.0,-0.0038069319221691877,0.037647022920496376,-0.01121977584811451,0.004104957825151079,-0.012666020581101223,0.0014969912538027597,0.0082442594026495,-0.0064184815283310215,0.010671072869881115,-0.01889680394513693,0.0026770818447385825,0.005592435089375902,0.0025225250342002514,0.003807789137693973,0.003312790063785931,0.004673195733175151,-0.0017916711961490916,-0.026198985234444305,0.008211525984261892,0.003516299721918026,0.0008224675085288791,-0.0014304966995838386,,0.002116954260171111,-0.008919711359735571,0.002412358741125109,0.0009555819571560598,0.00632709220719696,0.010309268214748757,-0.0038256852761089366,-0.01900891044364328,-0.002546853708425778,-0.024836608477366684,-0.006256923627842137,0.000914062821995909,-0.02678877101618249,-0.015996119104727646,-0.003153405592199232,0.003543870933029769,-0.0015232542362266788,0.010439614801817099,0.018191629607467785,-0.002351207997642324,0.0035318311686161064
2018-03-15,-0.00352614532917761,-0.010615429914772823,0.005547712189967635,0.0001484203635226944,0.0008726203183724301,-0.006724274466889391,-0.0017723812776890835,-0.0341705146056257,-0.048139657701887884,0.001484929610937158,0.0021805216455494936,,-0.00420394873397445,0.003208869448850571,0.010269814111452336,-0.00523550186225108,0.0017724119079010059,0.012227371089359229,-0.016927799761640383,0.015047603924853048,0.007643261553755387,0.026816583110276904,0.07029477403756745,0.01643882627188864,0.0006290454489259467,0.002892711376979884,-0.014070660436008353,0.0037135063149256187,0.0008667543871283545,0.006903336619822342,0.005699423998912767,-0.013779831157242572,0.004659414503052517,0.0017358573519721254,-0.010557599148014685,0.022094870304553815,-0.005491953858564824,0.006689904260144708,-0.010989140205172276,0.007601768293720834,0.004459361605978263,0.018338556960762142,-0.008222051037984013,,-0.006425687816584147,-0.008600207697449291,0.004571825012212871,-0.0019095863026669102,0.005467526484034924,0.04081628681073313,0.012189003351173788,0.024990322290654232,-0.007117768344314324,0.026809625769762757,0.002158589215202955,-0.005479438119827318,0.0071363663487029605,0.04975370772615273,-0.01305288982206032,-0.007504004161422051,-0.0028812917845945085,0.003262605647521788,-0.007059637437826005,0.009714332525998293,-0.01636472143351886
2018-03-16,-0.015279517926347741,-0.01477425995006676,-0.01011489590550474,-0.026237683266245315,-0.0034873549190761466,-0.01702002356856136,-0.0061194577533809635,0.02493610463132878,-0.03892215483747352,0.0039034785333751376,-0.005905968025564534,,-0.010622572655392015,-0.032160490080778925,-0.0174394804917134,-0.021052774043504474,-0.010480342162881295,-0.027547092083031077,-0.016697011118564364,-0.01820738098965491,-0.017699067967593463,-0.026543595514460283,0.004237284282951448,0.01989407950490496,0.005207552713503372,-0.032104216442903066,-0.030279744914029405,-0.018946403916171306,-0.000354267828888144,-0.003226484776002736,-0.006644339812613587,-0.020648832164908315,-0.02573296772832734,-0.00788296504053021,-0.0005114709057411071,-0.021866048656020154,0.011617524500417531,-0.06769686519394236,-0.01954018792500145,-0.01868144944483785,-0.01807606122296157,-0.006893123818055846,-0.015606837849488131,,0.018604993563968053,-0.017147191548937624,-0.0378473252059337,-0.006122350864644077,-0.012234548121804245,-0.02941173720662238,-0.03711671428530561,-0.01229254088683418,-0.008805316183922662,-0.0039164143040194555,-0.0007179289652315957,0.011937515189605952,-0.00022491914534783497,-0.017831964818859625,-0.024241461624452176,-0.008227733723316755,0.0018698450756891027,-0.009755987004268163,-0.012331870360937636,-0.02783786455483961,-0.00751339560524833
2018-03-19,-0.0003420777914353579,0.005534076557515366,-0.0020902373494861015,0.01080796963987285,-0.0279965564264798,0.02691387223103381,-0.0007050833519260946,-0.01497195297189824,-0.010573851908688647,0.017693679287907438,0.0,,0.01844456959355023,0.004705958190796666,0.006662907561356235,0.00967763409257083,0.003026156888583209,0.012553552203107277,0.006898479531152191,0.0087082619444252,-0.0012869927784506796,0.0028830936645540817,0.0042195060610632495,0.024417594886442906,0.006610185592440754,-0.0033690882519099574,-0.003881643372144694,0.002514168660998628,0.009921029613788379,0.00020256657323058924,0.014164725772265907,0.007801156881162896,0.0074477482218742175,0.0009606273533704357,0.015278582894221904,-0.004572915865991178,0.0010442043896017328,-0.0255562954489309,-0.021883568984407464,0.0001830129546225301,0.0025836331061033224,0.0030639547312034665,0.012823798415369847,,0.007682162835161099,-0.017036269165390916,0.0356016990927448,-0.09432127024964843,0.0,-0.010101000370632551,-0.001884193220822894,-0.015394674393330976,-0.0003145204165847515,0.05504588073321681,0.005388871035265641,0.029945582061202236,-0.011137074754409948,-0.015766837978709924,-0.00959942757640797,0.005157253885741175,0.0030541310392253607,0.004378781621145134,0.0076870854503057195,0.004099062661644837,-0.010454408685462435
2018-03-20,-0.02265463329323303,-0.0017751064794465643,-0.008145040183247687,-0.007981683201689793,0.013501402055799083,-0.0029309385697435797,0.005315001635367134,-0.005488670622667002,0.0298925156153258,-0.0015698255240813586,-0.0034397521295910227,,-0.013109973215702841,-0.008545424032637028,0.011909746178851544,0.007454436819724242,0.005485908067232703,0.011294425790925766,0.018708862469577925,0.002981448132948872,-0.04703608800997283,-0.012124919322569316,-0.010504241245931412,0.01191784584358957,-0.007232273027360625,-0.005590063898582187,-0.0016425959910240095,-0.005091178517603989,-0.0033135524463526744,-0.0020225794699912925,0.00019384472092265348,-0.012087710494247283,-0.00015258456169597867,0.000872096433464975,0.006233188932128764,-0.001658550237101708,-0.00038717265480570084,0.007374379154044375,0.009189136474710535,0.0009149908828329778,-0.006979274370146782,-0.0021194229703036527,-0.0032125758373831026,,-0.0010351983441627688,0.014616580097002396,-0.0040867206872036155,-0.0006377158978880804,-0.0016516478655569378,0.0,-0.024888374154404147,0.0030252577828102645,-0.0012582480015301822,0.07329194268429351,-0.002322544288999584,-0.00969161651208017,0.0070535207331798855,0.0043689393651102915,0.019256145072983122,-0.002900193328986611,0.003044375325387927,-0.012534155786655732,-0.017461760416870642,-0.006590102494710148,-0.002003433242785624
2018-03-21,-0.014129556981935076,-0.1276123540702252,-0.015954989028847844,-0.04539253251457853,-0.031083514596383144,-0.023352257063312565,-0.042156146156996366,-0.043302926960249066,-0.009877869183981924,-0.05188380320966102,-0.04141805117096631,,-0.01328392782829324,-0.01947417407796559,-0.04385301648528139,-0.03805495184415153,-0.04105361410895314,-0.05712458222847783,-0.0359543578398116,-0.024337361627676968,-0.04056805249700712,-0.0409369669239632,0.0042462804170979584,-0.024096471402578423,-0.024044606945902047,-0.012027756931412004,-0.037340029187718615,-0.03532565244454544,-0.025501506000549123,-0.026550428012140137,-0.01415798889451747,-0.026094759527309663,-0.02904154209321741,-0.041746347298520003,-0.03278908423729676,-0.021855667535246037,-0.02480125789775023,-0.026565849925168195,-0.022961126218974504,-0.010422164389847888,-0.029087595303519898,0.011306941904521528,-0.03090244624327121,,-0.02416387121800856,-0.02593121658811448,-0.026995652144241156,-0.024032140636736754,-0.018472824667954746,-0.02551024007777314,-0.021651338301387546,-0.02144111604084853,-0.02307082443019437,-0.019675933974392268,-0.0436961262930986,-0.026690391096741095,-0.039426227120377355,-0.04688260974698455,-0.02347326010471351,-0.022595001037129192,-0.029510812356451366,-0.04304628418548939,-0.03415334721955987,-0.024891336888163695,-0.041248247713347896
2018-03-22,-0.023156735063551537,-0.006524096007467617,0.0026226382316740793,-0.010496186107144978,-0.025664503839347708,-0.03194990354365934,-0.027403051756095476,-0.0004437643199267649,-0.004475636716443576,0.0043491772585346755,-0.04517192558038985,,0.00652354349474793,-0.04325281964043837,-0.0339065017692759,-0.03516457435686515,-0.03427630388005343,-0.017767322168330324,-0.009390853034396351,-0.01351924678482197,-0.031007627149648886,-0.023618123433069016,0.021141628801125467,-0.01997496026026091,0.0020149473992234768,-0.036125217854590774,-0.025257519797205363,-0.029057995974315243,0.0193858973942016,-0.015199100757538497,-0.02891993333327414,-0.035636555312154705,-0.017899322752388258,-0.026739402277751734,0.016950672264768762,-0.02312827766754877,0.027999311412847172,-0.03335562376365053,-0.0170181726223807,-0.013119200211031523,-0.029067718411794563,-0.014825285410483113,-0.018780574248131843,,0.020482378956333536,-0.007183383034927604,-0.03671683643600987,-0.023970351673739176,-0.031179377797288632,-0.01047119438535471,-0.0345450427142272,-0.019530661445189113,-0.014185905092614082,-0.0047225455244358505,-0.03895129634874106,-0.01279708872351093,-0.007173947033817019,-0.028397539829686957,-0.024458090225057294,-0.025405928329367833,-0.01025213462227692,-0.00576709153618471,-0.012359914613850886,-0.03112590751208255,-0.029507111696494892
2018-03-23,0.04747171034289388,-0.022367966370864245,0.018549664508031194,0.027001087678388824,-0.017873991722681226,0.0403193371656132,0.041886511453591346,0.034184260635024666,0.021651456335840313,0.024828548780893467,0.04353761567458525,,0.009239216836854691,0.031022977637102045,0.03759123048260471,0.022778772948533144,0.027687697881416007,0.03395931182801659,0.011646924253685853,0.034101413073646336,0.023272652294643592,0.036081325459459856,0.01863357225869966,0.047699859085680085,0.02129709358171028,0.03706742600679669,0.0268275480779101,0.039223794995505434,0.03252225041301893,0.01987341537988585,0.06320888959276338,0.04001002343580207,0.018305375747816433,0.030838050033896724,0.03104545630555222,0.01899410324399331,0.022657718048442854,0.004203504132588742,0.016075854294926417,0.01179557601539738,0.07570548190769122,0.012164192384325201,0.06449790634673525,,0.027359211508025005,0.0038304267903086497,0.04940532178750323,0.037731238843929926,0.01594633116410593,0.03174606478463571,0.04603091513383584,0.029319381340436657,0.03540191015475469,0.03558709682090466,0.031956073475797764,0.04537038449887887,0.018242033232142463,0.025052168374686046,0.00875508689287341,0.03968976701496296,0.02352546607103312,0.022041658563517474,0.03067531421503733,0.03212585386833511,0.02569645826349931
2018-03-26,-0.02564092442628907,-0.034320064481376034,0.0009333562855804445,-0.0009391928283057904,-0.04214555537052489,-0.037799009933227934,-0.03451466603562725,-0.03562996011966968,-0.013563106137517433,-0.023862234357002854,-0.030223249310669886,,-0.0079249606637809,-0.011334856102002022,-0.01592312544944441,-0.03897525577638328,-0.021496277870710068,-0.014746228920194504,0.0040155848352685375,-0.012257781817948454,-0.021321899344471595,-0.0076951299633318815,0.03252029368516429,-0.033909681446480544,-0.010739749899413065,-0.018930236100512365,-0.04473048905732668,-0.029896702722250312,-0.028447413165526347,-0.01305979417556935,-0.024580812921707995,-0.02384854718592566,-0.0014129444381236755,-0.019399953498977163,-0.010612747494546992,-0.006825814495285076,-0.014770370170246183,-0.04898167421933963,-0.018255649842729982,-0.0053663616569273875,-0.04595859320675866,0.007186130616884556,-0.06137036405918084,,-0.016721396546140244,0.0008479579126960957,-0.07755226102403456,-0.02366562595025612,-0.0008559795270876025,-0.030769261805968173,-0.022982389909692924,-0.0044450072264115015,-0.010738911046077826,0.0034365049505860057,-0.027001462180588187,-0.02214348951471845,-0.004769603219811902,-0.019348226709563265,-0.08218823758246674,-0.022136819345688896,-0.01457982955200987,-0.008512921857389388,-0.0050671525331706935,-0.034677962395951334,-0.02275794880975346
2018-03-27,-0.011049309145683472,0.02456229677549171,-0.0016323575552774638,0.004229281778044047,-0.0189999580383301,-0.043839574227757305,-0.02875817955827198,0.002448266405617794,-0.03146866361332279,-0.00342560941979575,-0.0044035418947768745,,0.0061972863363179975,0.025116924008630415,-0.007667376460994468,-0.07531875304698488,-0.0002927341811289619,-0.01244994177317893,-0.026933351297468988,0.0057952954308204685,-0.0007261719136006928,-0.0005281520570281639,-0.09645664930653985,-0.030625120626261104,-0.01714426604255337,0.009040421438233581,-0.001747826103563943,0.008533736038294881,-0.006279830946221532,0.0025205631788223215,-0.031060903299755305,-0.006983827460985248,0.0018866415054539232,-0.001571558693833075,-0.003554760026307946,0.017842811631532562,-0.010388065145255254,0.0053214656019222595,-0.026032963408014642,0.024930282185380737,-0.0008944083017369264,-0.0019684302567086753,-0.0496192280328549,,-0.01311268303248636,-0.021362720739789287,-0.018490899130782723,-0.008814614321086323,0.00828326349240216,0.010582000570312333,-0.0025526344645736554,0.02806467365444343,-0.0066254458628435264,-0.007990941400633944,-0.012225807533714939,-0.07608696929148007,-0.010052897579537867,0.025441316993515484,-0.0766530355251378,-0.013860136461687822,0.0026111405397735155,0.006868911768090458,0.0024777487722744684,-0.0047398935025193545,0.007436552168051724
2018-03-28,0.007808837824188064,0.004031526903732763,0.013317383433808505,0.011542796007521838,0.024464807426332502,0.011121789958675743,0.020716663823431736,0.010435110933664005,-0.004351887386767617,0.024560954553556336,0.020414904888499397,,0.012044855730179327,0.007357810117393004,0.025926643864467858,0.006265823350683375,-0.011134105442522024,0.015293473129075474,0.033982220432235755,0.015156035598025142,0.015988344846890268,0.025349729928714426,-0.004357294174649917,0.023946965802328357,0.016660793566522836,0.008157386828566926,0.03179520530039737,0.009985095877721673,0.01808993052969954,-0.0012569239646047503,0.0500003412359018,0.025944945954333498,0.0054923298487292715,0.018240600426718823,0.009387565343674353,0.004674496192509814,0.007753517575401991,0.04417425744803016,0.030123180156182094,-0.011254377300222385,0.021031763995879693,0.006532360859463626,0.03352346972597098,,0.012793696549623368,0.03165239197547631,0.04626177115913066,0.017118941575422486,0.005382365110138343,-0.01047119438535471,0.012979716370906225,0.017371696502986422,0.01100855003873602,0.02761803640753402,0.025933165349462106,0.0313725191004135,0.01251636921387611,0.1929113653641712,0.032392000767142104,0.02506419386138914,0.023784638990005602,0.003979595595531515,-0.020595171821485292,0.021305889569320335,0.01806513062325399
2018-03-29,-0.006556288666777932,-0.033703217413162956,-0.025362876251386224,-0.005242786898907004,-0.05174133809898451,-0.05206094449224363,-0.02774995031107519,-0.00615246736153785,-0.03382141414141415,-0.01659142632308308,-0.022674137846184106,,-0.018392963935191853,-0.025308569463208475,-0.04194083724874487,-0.028642776661069624,0.0031115575837512566,-0.02367999830388756,-0.029419768794160084,-0.020728866998197426,-0.021459319404153798,-0.02253394360598604,-0.013129089830587137,-0.02240073108040841,-0.00914446038754213,-0.029844962668967745,-0.023632220778135204,-0.017906765708975203,-0.016876054255647532,-0.0069231696457885405,-0.06067592678774192,-0.028922285516214674,-0.028014038659032736,-0.019277885056386612,-0.010230119370097657,-0.021584410801010256,-0.014589099716082465,-0.027536030891416874,-0.02512355714986203,-0.022030757854504257,-0.03013066033942291,-0.005878081343749009,-0.05099036826068537,,-0.010311396383019367,-0.030258197007338783,-0.04551137559657181,-0.016174979206559192,-0.012397678399226009,-0.06349206649557293,-0.0288755569559489,-0.04007434511737229,-0.01859766102893856,0.016797269138203008,-0.03466121490564733,0.02851711109341548,-0.02868805749570269,0.019100202595079052,-0.05129071230255955,-0.028793111138114225,-0.022384148980403307,-0.016421351931376282,0.014953154331451834,-0.040925256741912386,-0.020225209686740242
2018-04-02,0.010259299356225604,-0.009512643110376473,0.020108530537758407,0.01116106923064919,0.0020986839794419065,0.014621073252283123,0.03304877252308214,0.014592081673487467,0.03996877002055799,0.025989365884376614,0.009552886515421966,,0.021217824571181376,-0.001536227058361317,0.01874774449786809,-0.007692255653375835,0.011371589852285036,0.00813117857869039,0.009830872023055548,0.00863094172581258,0.002924037346250241,0.008035748322416714,-0.059867060767447744,0.005332220058172021,0.00657886393297491,0.008340227823166124,0.005974577223968769,0.013058525947740929,0.02257225666004503,0.0023241289375488527,0.016966352197834267,0.006435684942956765,0.030427220883947115,0.013722847475374556,0.00043822003514870644,0.024306614886865807,0.005135384311045987,0.004633352358148324,0.010984249747657548,0.015393273359084025,0.013443533103682404,-0.002278276904230103,0.012058983885152585,,0.0015047485513248748,-0.0013092149475635306,0.019453001246568125,-0.002666189374621042,0.017974312775600243,0.0056497121870149325,0.018026069128501243,0.004961379683661393,0.011580425741285039,0.008810564358837869,0.01467978319302543,0.031423305192007644,0.010445603172972051,0.0024989365002257014,0.05960860827013281,0.02305864268501212,0.009193303282726495,-0.005181252009270443,0.03397827737841652,0.01311498358247598,0.014216158942509827
2018-04-03,0.019122311706901263,0.025940917645603356,0.01808903078063029,0.0038327870092258465,0.023036676715697535,0.013304155601610468,-0.005866956881136032,0.00915236411481235,0.0008865565496212202,-0.010217079343392887,0.009800886683428933,,0.020507120571749526,0.022215485837922655,0.014336142563382559,-0.011627971735208131,0.012120535115339948,0.0008271795806242821,0.0035151795996053448,0.005309242711886375,0.011661810134900197,-0.029208021065424306,0.042452904455773544,0.00616399501158349,-0.008079154301692593,0.022372967783526487,0.010827788787286519,0.008140967435401825,0.0030100020235308556,0.0031609156433924923,0.004824225931556958,-0.003841756527190987,0.016049629367799412,0.01518321775445175,0.016217817520078892,0.013670351770094236,0.021152843095677554,-0.00646960289480103,0.00710406890653692,0.008319694760567264,0.029205066611048602,0.002037060672632096,0.018577872497105075,,0.021384878889183945,-0.014638279279112765,0.003948997490454298,0.013811449393690722,0.012611973717151281,0.028089928274849907,0.0038335310632806596,0.01550272814276532,0.006884762202899575,0.07205238628891175,0.011730143765928513,-0.02150539031087395,0.00760452805839984,-0.08890732932201084,0.07255264788199489,0.0105796654405379,0.0017187417183441855,-0.011574086521950355,0.01874608787514709,0.023743334758424828,0.01593699730616671
2018-04-04,0.006934350944240775,-0.007854095278037598,0.012072978025458703,0.011606133597395152,0.025588535136796153,0.02919384373872269,0.0021185891827268932,-0.0021594101890058948,-0.002869440891415942,0.027363684464934313,0.014725309820379673,,-0.006610003853342428,-0.02723929176362594,0.0038971094144129026,0.026144067697812634,0.013129354754955136,0.020319599277738964,0.0396122359337463,0.009133095837262184,0.03170023599187055,0.01864454114227665,-0.013574647453366007,0.020658169223638723,0.01226332475519154,-0.007692280917684813,0.002845439568456065,0.0126276622070014,0.004155257266105883,0.0029414226456820902,0.00780154925880816,0.010449909545202196,0.002300616859060689,0.013130778681695432,0.012570289634956433,0.0002546825097602401,0.014219115120725823,0.027337095173362913,0.04522791318826025,-0.00018312754289795397,0.0005415327474047604,0.01028749897820913,0.01740846802352425,,0.01864501365232596,0.02217269952864953,-0.021481370276281386,0.009888294840021183,-0.011071007054922588,0.0,0.0009095276925228379,-0.02596705114075848,-7.900212772105064e-05,0.012219947992700098,0.01159438962092052,0.047619090869584824,0.008254655586467097,0.016871816084628177,0.06544916484533281,-0.014110157072128482,0.022306297373293482,0.01346592447154471,0.0012237427875845253,-0.027510434180893273,0.0066153941820852324
2018-04-05,-0.025578586993159402,-0.02635316466260962,-0.0022505583985976685,-0.02234269417538093,-0.040918241752050055,-0.032044139547784845,-0.020384585941433664,-0.024453522523389726,-0.031484148535122713,-0.0305587570071848,-0.02275707045576969,,0.005988555673923424,-0.027662528439633682,-0.03432393611200757,-0.006369681833071739,-0.023070528797095924,-0.034699110143537104,-0.04536051751756354,-0.027829246060164903,-0.03142448922583052,-0.03931551111866616,-0.0504587752962925,-0.02707987797228495,-0.024771573755917986,-0.0188451992061357,-0.02197276980826235,-0.022829294507559883,-0.01793192636308827,-0.011939850849647327,-0.03156020191562914,-0.023564481137876125,-0.01996778437181168,-0.024937598748437928,-0.020021092111796368,-0.02251355034542446,-0.03458839586635576,-0.013430589783150593,-0.038506856559484715,-0.02145637433851333,-0.023273573620327115,-0.0076221921904985335,-0.017416713998396394,,-0.023081337058866835,-0.02494565735259824,-0.0322074582090619,-0.024586772286498526,-0.01567332933734311,-0.01639349174618998,-0.0348836179507106,-0.027329068032440618,-0.02385472669601152,-0.14285706062020498,-0.04278907600511883,-0.05201052883107471,-0.02023397172787833,-0.05829593190748039,-0.020999583742291605,-0.020775916601395328,-0.028701019221115787,-0.012709344775743148,-0.022307586958206227,-0.02162884424015088,-0.019339205374683477
2018-04-06,0.009917906408986044,0.007797010307958985,-0.002481132926819174,-0.011735748062768114,-0.008324654169000856,0.0006049309856379637,0.020038122614463694,0.01530609136385741,0.02564783113333524,-0.011161259767335951,0.00809999024013175,,-0.008995770494828248,-0.0005045794135152271,0.002346483817164957,0.02948737701523796,0.012245199804812756,0.0006293974205759945,0.008960070682234589,-0.008866059660090686,0.010093660259718362,-0.01671358464454431,0.0024155143005657465,0.016499305254387142,-0.0036158177070259034,0.005312813167869468,0.010039982920390766,0.008881068336349385,0.0032385663811265175,0.011872116720202053,0.015576870383557706,0.02294786411778138,0.010772631325872029,0.012008427351154483,0.011115565383850834,0.006375692732629057,0.0037350859821465576,0.0046437888480392875,0.011147419340256981,0.052473804767061205,0.005984801328533296,-0.003808921560275347,0.00373895796364776,,-0.011742360812772024,0.028698688506446857,0.005414622792465185,0.001561465793322725,0.00824582846320232,0.016666717440995127,0.005835536464448676,0.0002816575924216025,-0.004399120104667031,-0.038732495264089395,0.001995655913846983,0.042876917074494036,-0.013608767066581318,0.023809523809523725,-0.03220844689083846,0.015323066444944633,-0.00259205629827719,0.008192051934429179,-0.005492020854605761,0.016272249639130765,0.0003826991888655762
2018-04-09,0.01881780931781818,0.03470406891133093,-0.0018095643814096674,0.022343671019890543,0.04721928875908166,0.02143542524562969,0.035359487089486,0.013108989908679813,0.021343028957890642,0.03829659490522341,0.020421525952265762,,-0.010813160871949834,0.029395804780874224,0.024599792761002437,-0.004981686459827106,0.015408892314860978,0.03501490513967509,0.002960438432354273,0.034632516843910555,0.004996437190087466,0.035324287134474996,-0.036144600462750365,-0.0008468251218899381,-0.0023722285658771547,0.016530786395823727,0.016086815079675354,0.017367886096485208,-0.009100239254787756,0.011104172298371129,0.03471238218215644,0.032170637243401634,0.005946850369796808,0.019112355910347878,-0.0027021062457190936,0.024308196845235885,0.010270961967271397,0.045020064248440184,0.022050030240724716,0.005876349105595979,0.023245673054656857,-0.0020357712617281587,0.028075713971254634,,-0.0024454343456692396,0.011029384472426296,0.05802871238478313,0.020490415220754565,0.01381836253055968,0.010928951069668846,0.025079590316456013,0.026087026717839024,0.006054401994099123,0.001221029230061177,0.025891092483947276,-0.030946065846330195,0.009802814992707631,0.020930268043695577,0.05192293313418306,0.011841254214968844,0.01143435315877328,0.01218793975979926,0.018228110246781615,0.02813220092271096,0.00708141840512666
2018-04-10,-0.004674989798062579,0.00021326869354520994,-0.00022657824058602838,-0.021855342438419467,-0.01603204957424842,-0.006384761566404218,0.0,0.17058443022678316,0.0023772250246418825,-0.022309716781437894,-0.019028730845201625,,0.005263263670082452,0.0033950503938942056,-0.016199504690800448,-0.0037546221198169194,-0.008793135449722156,-0.008777991378784766,0.00375632871952547,-0.01889806827494145,0.007812409640583606,-0.02432262619664105,-0.009999990463256836,0.00649807993393825,0.00872008321985751,-0.009197389969732517,-0.011037128008924868,-0.014148180750526596,-0.0010987814253925476,0.0029007590497083235,-0.003315558449273226,-0.015715277335144107,-0.004760009569328982,-0.01679859633401748,-0.0032639016607017846,-0.0061849556811737205,0.00023540618028605742,0.007755703493267374,-0.02516970056621126,-0.005133799833472952,-0.010982045733116341,-0.004696943886617233,0.018787579702692403,,-0.00025900038885151577,-0.006844928071536915,-0.007327525398017065,-0.0045834651515822555,-0.004450655854183583,0.005405400180747089,0.004382002145217889,-0.016034621437838292,-0.004147408623102367,0.009756088483765968,-0.011453923568488955,0.0036496490095605516,-0.015460008378016754,-0.006378190985462218,-0.012372820864378187,-0.004589161048383916,0.004453605078160949,-0.006880655172123329,-0.02156184922021065,-0.014146545915492803,-0.013112958606535052
2018-04-11,0.009858505854517752,-0.00604225060928365,0.026512924948272065,0.015156094020545074,0.026476602541940286,0.015031037769792865,0.003357042224061191,0.02726602018275681,-0.003702980291975466,0.030913878144324336,0.02508342451040102,,0.007517679934708088,0.005451378849834043,0.014657969126562476,0.012563134991238512,0.03205038808426974,0.022821726455859004,0.021117268047813775,0.018443697338907716,0.01550392910852283,0.04050959634657758,0.0277778112259508,-0.00028065463952853253,0.013138884505238257,0.012915551693361005,0.011931081770775176,0.026290962934740758,0.010568550117855624,0.014462901051620403,0.03170252532920759,0.007109598808117346,0.006171451439313191,0.02486005628889454,0.0055604873205035155,0.007112712968837531,0.010134438150372072,-0.014730824385254082,0.017212928217399837,0.009608618379340683,0.018724419896032796,-0.012233049920976402,0.01837516536279571,,0.015577347893133364,0.012707276621373165,0.03695186597150424,0.005919702452708675,0.014808690831406457,0.00537633891739131,0.0034539427159110403,0.007125532832515491,0.0065332305269991675,0.022946925143128905,0.015907188515405624,0.0027273004705254955,0.004625791230459919,-0.0013754598822306452,-0.022762782382571456,0.010834569181548792,0.0069919446839152855,0.012124607797568299,0.010545616199638896,0.019447393478257746,0.01482775042493234
2018-04-12,0.003387988985072754,-0.0031477985092183136,-0.0022074417140250935,0.007850194437337477,-0.014880914649364807,-0.012226519005276604,-0.0028609171547864243,0.008608381839714463,0.0313658499825924,-0.024297650323830133,-0.027732266051586185,,0.0011995239255675472,-0.007665225000952791,-0.015459406012213517,-0.01488851021766835,-0.015527669109307474,0.0005991821260777908,0.006020790383703956,0.00370866985767071,-0.002081760149557299,-0.0018635544412199945,-0.03194105871200781,-0.007721508154390322,0.0008705048903199231,-0.0009298845835866709,-0.0012051597836006955,-0.014137844067546812,-0.002099123666275182,0.000610987760893078,-0.016312663725700283,-0.0010119218176519729,0.0014565779834698755,-0.02707970812382876,-0.0065744563725943506,0.005423281464200791,-0.0008166201421951902,0.003966774032678311,0.0008058812337263799,0.007578351628344748,-0.005343079354380609,0.007229332621370377,0.007760765865409525,,-0.0041187328820256885,-0.007231159689855549,-0.013213839257176119,0.004359041544490072,0.0,0.005347588469388986,0.009601376210276236,-0.010828164114403682,-0.004381158544099706,0.0035418809947351804,-0.013338452649616528,-0.018132365772116188,0.00702743503879355,-0.022038633354096948,0.021286738456213206,-0.027366158796606643,-0.008975343068806763,-0.0045636247396612095,0.00017820117949907122,-0.003642402478408746,-0.034345365444662934
2018-04-13,0.006238075811123567,0.008384847575361842,0.005973288980648972,0.0004580159847009657,0.016112773665144076,0.007485369514734552,0.005105904188626775,0.008712621784240593,0.009840559019400619,0.007561882306763135,0.004362475237480012,,-0.001064858089734888,-0.008591239952623564,0.00015255638528755,0.0012595152794385722,-0.013237714065038708,0.012713991364222688,0.0005206112495894644,0.02635630319028537,-0.00347714221153661,-0.006667388823034748,0.005076137217272736,-0.007922998814032911,-4.5926168655507915e-05,-0.0070462672064766085,0.009710231486335097,0.007658579341911942,0.007908897892475952,-0.007937990876338286,0.010412702236523907,0.00904420764979652,0.008727705085202375,-0.0008158872160461961,0.021585104901344465,0.005017371453176489,0.009048485669684636,0.0018842719749083692,0.014492861997803086,0.02588770668765017,0.011710146968505697,0.01185856330539492,-0.012417809280565129,,0.0032800534550736504,0.0027850691391575477,-4.313214657203357e-05,0.0034867467609736025,0.005782041616855249,0.0,-0.017225904574029283,-0.010448902468725207,0.008963889516426349,0.015294131110696219,0.03996856188736109,-0.01939063752853276,0.010227429402329236,0.01549295471954193,-0.030398916175858104,0.005158369643881722,0.015549927620605475,0.004011595466070217,0.026930612171985446,-0.016667714552199064,-0.0017685221397415463
2018-04-16,0.013764086866640435,0.010690992793966458,0.004838491851780313,0.012059195949211343,0.042616481533500616,0.04323969457439136,0.029027554791769994,0.008813678900662536,0.009503839010316373,0.014919878373490292,0.0036753511003939643,,-0.0034638782222208286,0.006233190451689463,0.0037913750515785605,-0.0012579308962542557,-0.00470946885574397,0.007690075692353915,0.016384877709116896,0.004799733715715737,0.003489274916636864,0.001141341831129239,0.07575762319316648,0.03650880573758308,0.013782254872273692,0.010443256921510047,0.031794063819761575,-0.016480671021093962,0.008852002317007779,0.0020513188133530758,0.021755681236289126,0.040800135585045805,-0.009259258589615071,0.0,0.010775727084672893,-0.002495628143405426,0.009950920635524163,0.023236014964841623,0.015476109436251217,0.010571073266135267,0.020176428521087697,0.0067853315247687895,0.0918837847230658,,0.009353114314457844,0.006195198983822925,0.02613496147833394,0.013246572722198424,-0.005474928792621125,0.042553214424603025,0.01058976720431759,0.013921949526741306,0.005815791740658938,0.013904969173555548,0.009985048696012022,0.021657279829101483,0.014054628338831643,0.00046233145029317413,-0.012087505392479714,-0.013062893643545515,0.008581593205759797,-0.0005708771791256284,0.03573305565738405,0.03963458516620677,-0.0045276469901260885
2018-04-17,-0.002244268415413475,0.007800284651297673,-0.0008755666465364298,0.00829577980562246,-0.01520920096237699,0.015965907361371823,-0.029995215770912798,-0.0090861517023062,-0.008540498057671098,0.012711125369491594,-0.016977543551231822,,0.0008024853493071582,0.012389041659289335,-0.0068712586695814926,-0.04659963167415093,-0.010897394177970754,0.017219980538190516,0.024052989930040125,0.020063616837732612,0.004172281835718827,0.004157043507617475,-0.0023474714423807885,0.0674188429458491,0.018427191195305115,0.0027822511414634654,-0.00367803194787808,0.0014589745971897994,0.010766262216019173,-0.005527856826365696,0.001307490266953204,0.08170858497458622,-0.021602726718477405,-0.008075294096576147,0.007906116763305882,-0.0025029413812476253,0.0057567605315493875,-0.013637071944373913,0.017584634132386423,-0.005905033076533228,0.003851267511487677,-0.002205409833149652,-0.004582495186223334,,0.007492202069707687,0.02420372222285594,-0.004925446786534726,0.009001218230737518,0.004404102647480812,-0.005102035851341613,-0.0021681266916261377,-0.0038434442135880653,0.0021678867351528908,0.04114281790597096,-0.026674079000923223,0.032258064516129004,-0.029950541169199818,-0.0064694729018988095,0.019674020987929586,-0.009217587618252199,0.06756784304863617,-0.003997705720667044,-0.009012899542695463,-0.009879415895164834,-0.0035591440654443307
2018-04-18,-0.028339926823941375,-0.013889231699478422,0.003066533748963929,0.0014957806709146038,-0.024131274930966784,0.019026846696625466,-0.05438163774242777,0.00035267956421369817,-0.02696430546919404,-0.0010556758016528889,0.02201126576218826,,0.011220715527186398,-0.0074991970107051165,0.0035166977220641993,0.009247244328258963,0.018846065144743518,-0.001602905172432889,-0.009495303196358384,-0.007668726305923634,0.0013851839136103106,-0.011150593615484539,0.0776470408720129,-0.007991785665746765,-0.002261630398403658,-0.016384587464181144,0.013074356023032863,0.0006692135537123001,0.006785584763768782,0.017294335089350188,-0.025927916233896342,-0.017663402238739745,-0.0013309541939569014,0.02195350298815124,0.0034465111653865232,0.0003763350243748409,0.006350705445697713,0.010459455432016984,-0.007296391045741091,-0.004752209149601061,-0.0034217803091246557,-0.001965167051198091,-0.00544060768771204,,0.0008947150286464645,-0.01285213960151299,-0.031010711169005112,-0.005522395571579963,0.0010961384975465283,0.0,-0.04816224895658561,-0.01729990082822863,-0.007612050351532673,-0.021953876707179187,0.028746739796936316,-0.016964299338204536,-0.003996002236152707,-0.00558143438294878,0.02294182395058919,-0.057013216266316835,0.023284540355255734,0.012041182552215979,-0.0027072102721313884,-0.02332270778867962,0.022821860432725716
2018-04-19,-0.04097217856588775,-0.004407934720811024,-0.006332942474787773,-0.009708784519766755,-0.01186942528527457,-0.018896413095091713,-0.010661085467016718,-0.000705110450381019,-0.023635040305199473,-0.005783306774007846,0.0026509456539711707,,-0.026023995474546147,-0.011277348033593926,-0.0012187829782277504,-0.02617799264539511,-0.003984279435401583,-0.010779692049135536,-0.023208711652924707,-0.0044240865557908515,-0.01383116664707773,-0.007698143173449523,0.07205238628891175,-0.018840916911272876,-0.008312011720974621,-0.009940712019856135,-0.011134195407533576,-0.008694891612943234,-0.007643207509765104,0.00425002058434476,-0.013213441255333525,-0.013918010331167574,-0.006977640516365402,-0.002237320984166402,-0.005092896868575725,-0.008651806275163931,-0.003933774742414853,-0.010826815144660218,-0.0065761643082422605,0.0032398962333646253,-0.011549080686943491,-0.010766898339801156,-0.014818155206924088,,-0.005865560005115844,-0.01847965212609337,-0.001440920734968043,-0.012601383167863633,0.002737464396310507,-0.01538466146946782,-0.021494915229756884,-0.005002592495673475,-0.006217166348606362,0.04040410959783847,0.024403818253518228,0.002724823396144993,0.0044977501186234115,-0.009822221361823757,-0.032791263163394424,-0.014672780872656999,0.001680301258047967,0.0,-0.0029690952538363735,-0.008774735998088756,0.0197905960856517
2018-04-20,-0.002896486825350153,0.006155216467173652,-0.00021991191418191391,-0.00015078376967436746,0.005005024212254572,-0.006304443768269441,-0.008807244384679946,-0.008467093911873613,-0.015477291353050648,0.0005018779493797254,0.001982742964889983,,-0.003933098383301581,-0.0141434163793146,-0.00871445861654263,-0.0026885197887502876,-0.0074286389288584775,0.004828582832523187,0.007231262394278737,0.0014813227756766967,-0.000701449153175715,-0.006259719825944088,0.010183338551673637,-0.015097329590743724,0.012774178346904641,0.004206225934960228,-0.00325800325414749,-0.020995154791537796,0.005349770368367812,0.006650798507280342,-0.008344601536539709,-0.01847588681868939,0.0013423183346825684,-0.004844450850286064,0.005952375922453568,0.014419246188638546,0.01877926463395352,-0.002646387132199224,0.008177397314712787,0.024137556529634452,0.0036840148060948152,0.002115125123876238,-0.0277023807611797,,0.0005617858440321033,-0.015832255934421724,-0.02111848723099674,-0.009301473923439385,0.0046410796135125665,-0.010416656965389626,-0.017691033964215785,0.005600667563203654,0.0030872513931632373,-0.04854376922522963,0.006910166213305535,-0.03713766682476005,0.017064611427437315,-0.009447367133617157,-0.023670076256160577,-0.005134498423354228,-0.013416452093779618,-0.029461848923325706,-0.003063010361234797,0.003414534086389809,0.0009511938796742392
2018-04-23,-0.013919271448788018,-0.019426666295123796,-0.007254653471740147,-0.04631180666549295,0.004980098697693114,-0.03806011733462866,0.01426905525453992,-0.026685643558645,-0.021674776894390346,-0.028863255232373097,-0.0042875816357156316,,-0.00980377993760495,0.010991154021153138,-0.01183025946134919,0.017520484937647574,-0.005181156873744763,-0.062017076247282366,-0.0015383504045572982,-0.04549789148832384,0.03719308369770702,-0.054300335172300596,-0.10080645083760864,-0.0040339255167178845,-0.017436920944330025,-0.017430062050717732,-0.0476527818183029,-0.01694594574796382,-0.03468303037049392,0.0006006507832718722,0.00684934592177866,-0.025388486851049108,-0.005046142416725297,-0.004687783779363075,-0.024733564228934468,-0.0013717428434584233,-0.06165669687185682,-0.03708383535658788,0.007725162058914492,-0.002655748664235791,-0.02338745715972157,0.0064544132376802565,-0.03661865248022356,,-0.040997689291975115,-0.008260906429674808,-0.011970504973310092,-0.005895205940437576,0.007064841353610518,-0.02105261176576878,-0.011675843861142843,-0.012689380129171757,-0.01101575073194494,0.006802768899403677,-0.015893114365294614,-0.00846661806247262,-0.00713995586232985,-0.0061992925619130945,0.0003176334310297513,0.0,-0.006799867521896985,-0.01459422478063288,-0.0005121569254766811,-0.019030841426674105,-0.001900760946955793
2018-04-24,0.004357421144130846,0.005582332594901596,0.015057615621473897,0.005536091316410641,-0.03766106131757141,5.476104433066453e-05,-0.012316231355469331,-0.004021155358935102,0.002670662359700371,0.0419377289558196,-0.00165620608269601,,-0.0023378502458781814,0.027846723175700028,-0.002881116211141954,-0.017218803156303197,0.0034724311663194563,0.005192491026629664,0.017205988624449997,0.005020567855322344,-0.012178612651834286,-0.0007962016097373681,-0.01569510561942966,-0.006615335031569747,-0.033735509915358675,0.00728808311971374,0.00034240828110521093,-0.013443685425483576,-0.012823762931069349,0.0028008730619013544,-0.0013606906634566762,0.003413693768941739,0.004516859518910454,-0.0038039379701203524,-0.02220630912367494,0.013110342779247608,-0.020773231449930152,0.0,0.03487922517562736,-0.007655268529416115,-0.00869872390456139,-0.011346670133950187,-0.004103949321258016,,-0.02605962707854026,0.016001541518437135,-0.020524487968385574,0.004832077482190833,-0.010253508711942194,-0.01075267783478251,-0.0038045934238478685,0.013365320162564087,-0.005323600792974559,0.012387348565273237,0.0020187035588206115,-0.006641409558849398,0.01785712889922153,-0.015834929044617918,-0.009772049765610302,-0.014967652616177829,-0.012603213021648796,-0.006516551187498831,0.002903164342037856,-0.0033404270480981157,0.011426465669053698
2018-04-25,0.0034831167465245727,0.060629313375994975,0.00021849169062293505,-0.014157580743495601,0.13697218521946253,0.03957763154732241,0.02097458207689651,0.004771486759486576,0.006200949772171782,-0.00020409735666970796,-0.002322473902199973,,-0.007994404399900845,0.01636657244291695,0.020498928689437035,0.010781867703867132,-0.002595239344778788,0.00771417261816687,0.005301895569621351,-0.0009249060924197972,-0.017808325109394008,-0.012101504194496182,-0.0022778479154449416,0.020385973942269153,-0.01295879779761866,0.008873774659950984,0.01986318433118983,0.003594767053113568,-0.003960138885481634,-0.003192425768436702,0.03250280858483068,0.01879166108346042,0.009861135824653866,0.0010001496945928334,-0.008749027576900548,0.01737756780626598,0.002731380996411348,0.09061315359964928,0.006296067155459717,-0.0036892802916107525,0.021124895011573885,0.017963401111160016,0.026883846735904937,,0.004028916549247086,0.006041162118452181,0.03950890696442899,0.004590035344773424,0.004634517571735053,0.010869554654186597,0.014472309846260023,0.02467033948391273,0.011280295826273212,0.010011140698471532,0.01923106164783328,0.012416457398756853,-0.01742611651491377,-0.06143345757293195,0.017065024181957433,0.0,0.002521170310894716,0.008348221081620588,0.009067891014748586,0.023590098653508917,-0.012615347071987082
2018-04-26,-0.011569759589077244,0.013238943984941631,0.004361819072339124,0.012127352753902532,0.006340552089319829,0.03600877473825914,-0.011404287947242575,-0.003104989387128998,0.01024226571958664,-0.00557180538932589,0.002660412766606779,,0.010004225651836673,0.010735421743458096,0.003692262477346997,-0.006666935541329466,-0.0027465632952812236,-0.010867556965707403,-0.007282984509259571,-0.007222706046376537,-0.03138073799038743,0.009021970480284969,-0.0273972334300725,0.03822582641441019,-0.037968877651708643,-0.0005414070553103612,-0.011367658066460784,-0.0012079008835563787,-0.022783273407371407,0.005404415435577681,-0.006032149114664875,0.0018825979112500058,0.002031324440209703,-0.006357861504412643,-0.010015508364085823,0.0021806000729764907,-0.025332638715262923,-0.003273147554159306,-0.0007359374419393383,0.0010099869895023872,0.016549485116692075,0.004595246253726648,-0.007070517771819773,,-0.03626195475370897,-0.007934749292157539,0.004928185265530516,-0.009355932076747564,0.004070697191197015,-0.021505355669564907,0.012680982602954805,-0.033706971160822,-0.002931038333367386,0.018722475520083437,0.006109356517683517,0.0018867636626620499,0.009346856311562846,0.01818183799842732,0.030124724287798443,0.0,-0.011002918952579654,-0.005322122840120014,0.013289303158921184,-0.017379223910746755,-0.0015255744829372198
2018-04-27,0.018112276950237316,-0.02208053775142582,-0.01454910226275885,-0.011824068528125453,-0.020702029643906883,-0.004126787422321976,-0.01720985882199788,-0.0014657718646167162,-0.014434586562731444,-0.02147402223541961,-0.007628411154335102,,-0.0063285189883689474,-0.011560628000628848,-0.006004009164006452,-0.05234880434917066,-0.010436054414088014,-0.002487273860917516,-0.018467083903530468,-0.005968986878094995,-0.016558605853814412,-0.016210987218703066,-0.02582162619819317,-0.0903142214464393,-0.011781719034754445,-0.022068697495999823,-0.01247758994060455,-0.0061300000243561525,-0.010416196537937905,0.0005974223798375089,-0.02105032862838707,-0.01398113095678788,-0.013877316266207695,-0.005667198758094738,-0.010939088609759562,-0.020065188875820428,-0.003695666096075634,-0.009159348965003034,-0.00736624325940205,-0.010089249699668956,-0.02400303792631997,-0.00030488033276676596,0.0022453070787802343,,0.0005902513040296764,-0.015780485000957634,-0.0063179891586978565,0.003074872687976571,-0.010540607076234942,0.005494500096186128,-0.0019567811619325415,-0.029931436139114975,-0.018863329593384548,-0.003243214375263981,-0.005536695024000782,-0.008474519042811268,-0.0077162032525177615,-0.01428574904060853,-0.0006121312704419068,0.0073357458091234395,-0.01239645853277993,-0.0011892709395859846,-0.01573820508556356,-0.01851970094925215,-0.007639618018189687
2018-04-30,0.023236002775539166,0.05717210935686534,-0.007712798520532749,-0.023931397582698355,0.022977940934777896,0.010299216955919732,0.015866183963412217,-0.010642235432196112,0.004184777635313219,-0.01205181262013122,0.0010027526755616023,,-0.008168082410122013,0.00369144453770498,-0.006768943356566193,-0.0169972643567059,-0.00029336207418617644,0.0004153914847186968,-0.0033507133812686885,-0.04116135138994037,-0.00512445692614194,0.0002957465353843336,-0.02168678325775364,-0.04794812227171963,-0.01991955618055885,0.004568899438117224,0.02176554976659384,-0.006965186626412767,-0.03490832909835917,-0.00258640715966707,0.03312671488026209,0.015359145812445796,-0.00379438525602549,0.0,-0.0296633296602552,-0.02467036003720502,-0.03858583209110644,0.010814059054638614,-0.00371077808196163,-0.015117897669553071,0.01582564973554157,-0.004209676305912513,0.0026883323628519307,,-0.04601924440148042,0.006369476164289178,0.009960048724579673,0.006130799666742792,-0.03305075748456321,0.01639342660450316,-0.0037245119933696502,-0.008100394467539629,-0.009904199717298723,-0.015184418575713288,-0.0012570908257297786,-0.0018993786499551524,0.01232255060134313,0.005176003263422269,0.02048323157183285,0.012483468170206624,-0.0006438830490033132,-0.007142627035202076,0.0019036684099213996,-0.004439853214358136,0.011547600818602621
2018-05-01,0.04417548511297231,-0.01665456706460644,-0.013324603838552829,-0.031872941130204335,-0.014375547687956791,-0.007950625194139027,-0.005745909189053933,0.017062351908098572,-0.007118901494017726,-0.01623477684470387,-0.012353841785079811,,0.023031778117562185,-0.0017478624025106804,-0.006139606617696303,-0.01440905586634833,-0.003809192704429476,-0.0038778388761263605,0.010344414632041943,-0.04671192943857816,0.002943321162919954,-0.004579956660347495,0.14039413292975222,0.0075543547725980265,-0.00821084801609362,-0.07827999523131834,-0.014124399016785305,-0.011070539270607638,-0.012610812481147038,-0.003391585827293153,-0.01912627178273607,0.003262186225277075,-0.019919205790806194,-0.007906209690125343,-0.03307443356614903,-0.003035537659108689,-0.008947700333072128,0.012711391780066306,0.010800711110908523,-0.011728390653785281,-0.015684415159165188,0.0014087394524124885,0.0001915262947156382,,-0.00019544417035988193,0.00436485743640791,-0.003654118015672503,-0.009575635723393372,-0.014406929576144867,0.00537633891739131,-0.011019232170377147,-0.0168648073712504,-0.003866848442170001,-0.0022025885746035367,0.0007194495770506126,0.008563287715941392,-0.08379600240168505,0.01081354704673787,0.0041011301765416786,-0.030310924174609122,0.005475104527713492,-0.00959244150029015,-0.014312714987665287,-0.019740258336669814,-0.007039740608523082
2018-05-02,0.0018119353967736007,-0.0008969996047301088,-0.018681070124424437,0.002870082892950432,-0.0036463045468877464,0.001528911821702117,0.012661664847023024,0.007111586224713529,-0.01525729369879325,0.020049987850994322,-0.012846720859746363,,-0.04120606538790639,-0.028052392311792462,-0.006060264966283868,-0.030701601886955587,-0.0007354341407858067,-0.0005556758629922109,-0.02047617231449872,-0.01758811658667614,0.0,0.01573266237487081,-0.02807777780295273,-0.02999108184079513,-0.0034749846287424058,-0.025269150088111814,0.00024373238169506095,-0.002734397968447766,-0.10541057553897026,-0.0024014608701388163,-0.0005736028783682734,-0.0017148933918645914,-0.0038056176725347335,-0.006300663859512778,0.0036797053043582384,-0.0100211771668266,0.013837135878379758,-0.011643033613711107,-0.004789685424315349,0.004014229283142434,0.005988683705534292,-0.0023859658071914147,-0.005329327755178581,,0.027737670121735558,-0.00043445910382078345,0.029517067619732273,-0.009887891452493136,-0.003726046694771501,-0.01604276540816718,0.0009948438403843962,-0.01259534512546634,-0.006751128727997546,-0.01876380446140613,-0.011679877185515664,-0.0028302174694133653,0.018188641825993557,-0.03565964775942887,-0.055454155423032336,0.009271750900559761,0.0020820103159704395,0.0,0.002955368187661511,0.0011373397173810584,-0.005019318862638067
2018-05-03,0.03923355411209273,-0.0010966871297437564,0.005963442540294572,0.013299629561511095,0.03202190466817023,0.005642261901468659,0.014318902561682778,0.02263262738295113,0.023396291334714325,0.011309685214018428,0.0034245585437451265,,0.003130423701462881,0.014637418783773004,0.017061739164337508,-0.018099534830644304,0.004732246871755441,0.01801359356146337,0.006271263159431717,0.00696622862979579,0.011005103019833928,0.003141699512819285,-0.04444440205891931,0.005910872534192757,0.0003591389601189654,0.003527982427106391,0.024066961427787303,0.0065550880598526096,0.016061500124240125,-0.017255629757878532,0.015390410223312001,0.027172927318271256,0.009428400234466894,0.011096428356203836,0.017243388913856794,0.004612909157879264,0.004872084177602876,0.014883115395709412,0.015549707437213733,0.0038237701910295296,0.011586909784690347,0.006317073538186557,0.026949797182430846,,-0.005796507029049547,0.011521468947816693,0.026052583701976273,0.01442528173902069,0.002301469854677274,-0.016304396768935914,0.04333107663258273,-0.003967156979404529,0.01537829422424064,0.010123644031259538,0.01981761103369184,0.033112583737479495,0.032053819235329906,0.019017464582561594,0.03389002165305066,0.012860974178396711,0.006872203795190268,0.004842635809524154,0.007473739026930604,-0.0016706762965764677,0.016880016489957184
2018-05-04,0.007234979608889969,-0.005391244352704216,-0.003875978812432068,0.02475494346660767,0.027482307354190327,0.012138311349751518,-0.0032221774510913237,0.03505664940304509,0.023641842692257553,0.017940981924573274,0.011604327975624829,,-0.016030844772282005,-0.002367330544975954,0.006149127465044701,0.006144274693602458,0.008242591411109057,0.023570878455273503,-0.0202543416066302,0.0028360061720567042,0.0,0.021267029649822966,0.06744184860221303,0.011752278846139497,0.007074355424053991,-0.008254253180249305,0.008049627512599189,0.009619670881013453,0.02458909686146371,-0.0038787841135542456,0.010420759284320624,0.010816235548360087,-0.004831147322869267,0.0086690055678873,0.000267178569436366,0.002933703895745987,0.020132087451085745,0.0077005866325792205,0.004739205475034369,-0.006406618989872603,0.011139560440611707,-0.0045098105931722365,0.01927584746787825,,0.010450897399084669,-0.00623226657092657,0.040240784479925296,0.007875626258974311,0.002583011414238001,0.03314920656665388,0.009906534228323993,-0.00930478568907378,0.011546790355607683,0.03897554558032468,0.015689330711625926,0.04304033616286995,-0.00024524299719463905,0.0020735617563665265,0.029514774071228045,-0.0036278026781925155,0.013968573020413766,-0.03734942484096104,-0.008986770647759657,0.0007363318214137493,0.00477018926565842
2018-05-07,0.004806797639010929,-0.0023082589604672687,0.005950825515032454,0.021725166532395424,0.0017255827287361303,-0.004843383195326512,-0.005182767512907804,0.04293537761784094,0.012205146527830335,-0.0060510255573341665,0.009784118255300234,,0.0023066322096201297,0.00011123017404179869,-0.007009132816810704,0.0244275798308764,0.03649615972134801,0.000733786981470308,0.001589945889386657,0.007105673819930658,-0.013788047582767082,0.013193718470195348,-0.02178657475933754,0.0016381326560233056,0.016136351015366923,0.0052404424049832254,-0.0008212609212236988,-0.0008433437440630298,0.027659573935575166,-0.0032795109144470036,0.005625589917004126,-0.006016336674857348,-0.007929599925488251,0.014812238756525042,0.02708805669681924,0.0031792729708097767,0.020395920245289467,0.005337941910327215,-0.05297531453406634,-0.010805043678049464,-0.004261094994337911,-0.021059018914494354,0.0019309669099034643,,0.03828077001169561,0.030493263604074894,0.006916673888410774,-0.00282173237074157,0.0014316769508035954,-0.01604276540816718,-0.0028296155523019895,-0.009288146898151384,0.0074454861634527525,0.010718154586008222,0.005792551345005004,-0.014047396423937375,-0.00724475950957848,0.008794623743658692,-0.002642361564227369,0.018985636222699442,0.01596762172942401,0.0,-0.007485865739784159,-0.008227396170829904,0.010064409781614048
2018-05-08,0.007041036566260761,0.017907189869379225,-0.005688174833847093,0.006823008566698263,0.029285113061338075,0.009802904151798408,0.021044832115797885,0.004920440069774434,-0.0033492664659976468,0.0181161139984789,0.026394708714883697,,0.0057540798026101125,0.0159418218879126,0.021964351604328414,-0.0029806792484093902,0.013380417245591136,0.01787502240918215,0.025403434068447694,0.003630350677178873,0.013980815735372243,0.021749785147050504,0.04231627325298115,0.032262832292959676,0.007163436890883945,0.00720649936531359,0.028679685727039717,0.019957678622297914,-0.0012172297186221481,0.018712870956544503,0.013238621691913588,-0.0007133632459700445,0.0073403770321305295,0.021804024559923585,0.009419315689499053,0.004944129719608448,0.005953386557326024,0.020903271410925406,-0.011494129688077726,0.020965410269962126,0.011794176207670093,-0.01013104957790012,0.010431631798675012,,-0.005102060749357484,0.02182562634706442,0.021485617684564806,0.013931245462351916,0.005431520714271443,0.08695650202114802,0.005864419036897717,-0.004407470473290376,0.010838184134242201,0.042417773656987956,0.024956172073262728,-0.008904719259349547,-0.003834227583094374,0.002051329001402147,0.016160606885176954,0.004338852436301943,0.004159655805052731,0.015018838081764185,-0.01215326119327853,0.005395582577091718,0.010716313987448878
2018-05-09,0.014303672789499178,0.016505231451031666,0.0045765279858767105,0.01670621626155988,0.015062787284416679,0.0006716524063099527,0.015761723001852967,-0.005059594760485009,0.022936400866008233,0.003734054374247453,0.0055338145065257915,,0.01187094022370827,-0.00010947261040950007,0.009240594475109942,0.005978958332592654,0.008616832358156135,0.008911793721011696,0.01703277076566856,-0.002730034494717981,0.007256925590814811,0.009989181827173343,0.11324791223261577,0.051562751192841594,0.0030840017658764207,-0.004871405013164187,0.015170436234987594,0.007074106189061347,0.0038819355154915414,0.007872233588168243,0.011777699453207058,0.013260659416571396,0.014897585608672825,0.007759326249256127,0.008494674554861525,0.02005823284879993,-0.004998179858264118,0.015712354587578137,0.022480545828093224,0.001897896067058591,0.010006233408096588,0.012256290072585996,-0.002119276337003484,,-0.003602355636197485,0.010885141101921292,0.017006620979359344,0.00751408320388558,0.006029362524675896,0.009999990463256836,0.03385373945503023,0.015108717888374423,0.008041275624825595,0.1698881067401199,0.006310849023160703,0.16531889840045944,0.003104042643195859,-0.02814744721798479,-0.0059638132116135445,0.010673443935201643,0.007211921495739793,0.002465985571665774,0.01963246617675929,0.013013933637219255,0.01655498211552775
2018-05-10,-0.003803205660368958,0.012931643258424108,0.0018226457098544646,-0.0024802777621975025,-0.014839266568636655,-0.003834516470754168,-0.011289533356861337,-0.018044594662752877,-0.000533908831401475,-0.004679301465635,0.0009714139134064936,,0.005935793795481814,0.030620491417655105,0.007775963039508671,0.023774464440397214,0.003996380884264683,0.0057802809970020075,0.0022832819898157553,0.0008898056129309495,-0.001440912659385063,0.0048427545576679165,-0.023032607424272156,-0.0031502992768638327,0.01115682057570333,0.012085293021576016,-0.0018904253335225718,-0.0021362647987676064,-0.010027284649111845,0.005007187752799069,-0.005638693629183789,-0.0001067203108884307,0.015077705613801617,-0.0037623158947073243,-0.00038285892684675193,0.019663705831924894,-0.001386834201142606,0.007869219239269531,0.006823360381350785,0.028074512748168745,-0.002145118536816204,0.003182845735645312,-0.009526674294518256,,-0.0034004294315028716,-0.00711090141798576,-0.02152747318625059,-0.0023438726960188783,0.013127943667797126,0.06930698328024776,0.004729969104367626,0.06244375555000192,0.003061994933670542,-0.07043481909710425,0.007796568532987269,-0.008481039865910867,0.008664685471625466,0.004739344585183769,-0.012982751883414467,0.003520163831348233,0.0022855212697350247,0.004920070573345869,0.01955415398971727,0.032845552574618964,-0.0036594236861684504
2018-05-11,-0.002333211567987936,0.016413842490505592,0.010004390955181686,0.0017133753341918023,0.02343094037157223,-0.0008546543966294617,0.01579486191577284,-0.0317407535333426,0.005669870233489416,0.006219730350889741,0.006468341099887143,,-0.0018258518493647902,-0.0001771249263510244,-0.0012395247566178158,0.01015934654164874,-0.0032940178853582136,0.0027116950603658374,0.03239792610267167,-0.009435929396919174,-0.015151533073407109,-0.0038688683513442568,0.017681664646900686,0.010442458765836937,-0.004168545309637062,0.013452029911064756,0.0029182204585951332,0.004075579485070202,-0.007812183718810428,0.0007970770247132108,0.004207445153738609,-0.004611943277378683,-0.009273639659235333,0.0003512231843307845,-0.009448036986035135,0.007519651277934303,-0.015306552432574172,-0.0018716758077883533,0.022966537647275853,-0.00016741308927159526,0.003377820377102214,-0.003359617941149473,0.00634076863941635,,-0.020227649770176326,0.033353696133209265,0.0032606706022921816,0.0,0.010140766315919869,0.013888875091518038,0.027340380996784708,0.008470801429944386,0.004016592413389697,0.01870914600468887,-0.008913495666487803,0.06609641988008907,0.0026993876663854444,-0.00890985728373761,-0.030193360898847388,0.0010022330700671933,-0.0039523412955509984,-0.004283878579277589,0.019388931707679635,0.009553154334182912,0.000550695299466275
2018-05-14,-0.009088076738371642,-0.016148778975979883,-0.00022504122583399955,-0.0021770085301612285,0.017988575246387972,-0.015872268790349864,-0.009953620252736273,-0.06573494856411133,-0.012991793418124065,-0.007167960120009531,0.003213125915779713,,0.0,-0.022242682088092436,-0.01213499256985584,-0.008620631661405698,0.0008260036628848777,-0.0173233035723952,0.03138135322843616,0.010837376053142833,-0.02637369236497278,-0.008313837597546447,0.0231660938943945,-0.0013597834223031402,-0.00699252226649083,-0.0008951928283266186,-0.019636744726350353,-0.00963451534760762,-0.0005949782941729875,-0.0005976609554779744,-0.017850819702683096,-0.02007761921651019,-0.007377523487287152,-0.007638296814031165,-0.0018686789846233953,-0.010353000927693423,0.0021622806674872486,-0.012430210971145605,0.014722287772934273,-0.008042997852128697,-0.007242690008866237,-0.00842695095491075,-0.007305319872920046,,0.003922201328541375,0.023762407254058093,-0.03837675545846975,-0.0002138966636154871,-0.004740714776757415,-0.018264822286715,-0.019386842993699194,-0.029366118561055976,-0.0034405112937634375,-0.003673090963450143,-0.001866602003957385,-0.013129124519503987,0.03230956083485825,-0.011105186999850525,-0.02668080078854762,-0.016270445252421717,-0.0021363026752311276,-0.004302309149283645,-0.013997459610066154,-0.012193657728107321,0.004956218881046137
2018-05-15,0.009332713176841922,0.008254960704957792,0.010096714441847121,0.014181066070462434,0.029718866765261476,0.007080662119067549,0.014755133341700866,-0.02456143663115251,-0.004429344738973273,-0.003361382388317402,-0.005124831151291365,,-0.006334863265849422,0.01974212944732967,0.0012939311948607646,0.004347850438942702,-0.01004376462775447,0.007929990819439015,-0.028509833189348743,0.005053155758558692,-0.021820898676906952,0.012506388667721913,0.056603717566302336,-0.009123172332059837,-0.005702959389958462,0.008359853804725148,-0.0007189936131527519,-0.0024839126346406504,0.010397451666761981,0.0023913545547378234,0.01335334959779666,0.009215596129866555,0.0017581564997646293,0.0027426816066284943,-0.00761841035632671,-0.005719418887910388,-0.001376120563753469,-0.0060764883287287574,0.005803506390134716,0.009290666990852348,0.002580054652057351,-0.01057555570083224,0.006316539057808379,,0.0037186782876585944,0.0003869198571677668,0.0018323256405801125,-0.0017088800228669543,-0.00028009483932678325,-0.018604743487125486,0.019051068789067926,0.009186036071688441,0.0018469128756395392,-0.01935484154504019,0.0010200965597952916,-0.0014781740113167796,0.020391235167437127,0.021390353059397293,0.008093479277920368,0.012468393141835232,0.003976519330665784,-0.0074076319087662545,0.009269385825184218,0.003986179778444399,0.005296721813950356
2018-05-16,-0.006323787296089067,0.002665630605635183,0.008759765758579618,0.020743677018395523,0.0,-0.003477659670395261,-0.0024645114320190897,0.056418015135436095,-0.00440758312131706,0.009297040619838715,-0.008048927333127565,,0.001416783416284595,-0.003339143933776545,0.003146734369133375,-0.025974278068064627,-0.005420608645980596,-0.0007153860175704851,0.01356363914021097,0.0017796645104302122,-0.0007691836883623182,-0.003665165184765229,-0.012499945717197591,-0.018963821864480646,0.006284341029278329,0.0007397103885278256,-0.0026104623134505234,-0.0077191214501013405,0.001314898094173289,-0.0034130998318103734,0.0031109534239870396,-0.006767265328590177,-0.011966668326433894,-0.0033527660298814377,-0.005595456485639083,0.005913040750384235,0.003413460185011541,0.0030567349447157,0.010458112072264436,-0.011380954829234402,-0.009984514727801708,-0.004772194666040508,-0.009049662780717727,,0.010462234108429058,-0.003673787945273843,0.006910172614059018,-0.004065893526537523,0.0008409209929700623,0.0047393322087359024,0.004409329914279336,0.015797687141430927,0.004271078239413528,0.020676626527794673,0.007472892339660975,-0.01406372368197839,-0.0026723252237167427,0.016230338206858708,-0.006771859790704271,-0.02085951914576112,0.008986973579605761,-0.0006219225512755777,0.005129723273974651,0.0011526170053806073,-0.01489819856245267
2018-05-17,-0.0036366391917594942,0.006266662374804222,0.002449193567330088,0.011741780683494518,0.01404058576135947,-0.004672001043388829,-0.024903757680255212,0.005197149094846809,-0.01444942076467537,0.020601985661181654,-0.017851354083342486,,-0.008116080997508046,-0.0006059572416731163,0.0054332569911061945,-0.0014810130080529227,-0.02235876191174635,0.013143264547363476,0.006082601815864175,0.017354484903509437,-0.021555068248713338,0.05748947683464767,-0.03435805606000941,-0.01947050569452713,0.0037669070128920623,0.006213237362338475,-0.01074663792283459,-0.00878298782655007,0.0035764110784122227,0.0028203968142213043,-0.023900741197173114,0.0018998512008148172,0.003149178582200207,-0.016200476677338815,0.006935219693274597,0.005020766354524309,9.359856541935052e-05,-0.005877250426286396,-0.003925880731933673,0.0011851437523298092,0.0018712677768510932,0.0001917935901201151,-0.003197838189598734,,0.01386692288061564,-0.0017467388030306674,-0.007145383997272048,-0.004727120858638689,-0.001960206501692152,0.0,0.009833059054318527,-0.020097420212773942,0.004654953601825662,0.011049713568388686,-0.0030344229670351552,-0.0022522752149490843,0.003844418468731625,0.03812466650878554,-0.027131554566867888,-0.013860718953213946,0.001207709087472697,-0.006222705094726,0.00691480209008466,0.005756742844795104,-0.009590321872960716
2018-05-18,0.007084945725348124,0.002358747459646926,0.0033320271781114297,0.012498237630345299,-0.0007692483755258328,0.007044143460552821,0.02619864279090023,0.01978963464667327,0.012966642277618456,0.03613018428811565,0.009583727622314075,,0.0038758691831508596,-0.009736021855114019,0.009266740306639987,0.0148365073130583,0.006718270848145913,0.020615233311640946,0.017412613390697107,0.014103435319947843,0.0,0.019839222935560397,0.0299625173858038,0.013142830984933074,0.016047860050332208,-0.005733430906691539,0.013434389104801436,0.002953655419086987,0.004872320112243589,0.003816911900889064,0.0153272513397118,0.010004669530911725,-0.004185237425764932,0.009178685051704605,0.0037033957941701168,-0.002924613245110508,0.011952031099161653,0.009908074798527178,0.013256911561005058,-0.00963794608516777,0.012868417582767133,0.024097122208448507,0.023567152699917937,,0.007112002602052581,0.013025254091680427,-0.006912296476321411,0.019214125555862882,0.004489088361100624,0.04716988134401512,0.0034777975312714204,-0.01726244804977861,0.02284520923246669,-0.006375200158702521,0.005072596830210996,0.012039173641812617,0.014390032288493781,0.0610421620606485,0.027707543542699442,0.02733007025687928,0.010253318792124988,0.0037571590301319624,0.013325566429316149,-0.006486925952856715,0.015642301069655584
2018-05-21,-0.002504636115675196,0.0,-0.005756057511955959,-0.014548021150566193,-0.0007698405741368708,-0.0025608078786804045,0.00014807921151138714,-0.018181833945029813,-0.0023428629408750457,-0.02445597198400129,0.011129063377808723,,0.0005720729659224322,0.00727478271324955,0.0062562190155548425,-0.0058478413837674825,0.009229065095063715,-0.017115552929414357,-0.004991745599474684,-0.01284771241995264,0.02045628501832164,-0.020464097286165606,0.0072727203369140625,-0.013113371815948738,-0.006803718351946153,0.0029571679364592818,-0.008025835043717011,0.0012618172994820487,-0.009023763863506673,0.010806139457141928,0.0023932028380053705,-0.01892619264976081,-0.006547127898594796,0.007668212516663386,-0.024211750457999726,0.004765827045946525,-0.02204891680815968,-0.0037400615541377524,-0.011669053255036865,-0.0020491180937826092,-0.0010244682009629136,-0.00493050745534962,-0.0006027502333171286,,-0.02070278673926229,-0.020149886169110065,-0.006305345005572005,-0.017792890845125475,-0.0022344333120263293,-0.036036001204980406,-0.005545288458063347,-0.006473428880796939,-0.0014056509752539137,-0.002749746415285914,0.0025238195074694936,-0.013382922317901946,-0.0037753678512774114,-0.02011218029494677,-0.033322787235185114,0.004306620680518014,-0.007761350859130101,0.019338635431980444,-0.01097225260310808,0.00038405811115693744,0.013201202026576375
2018-05-22,0.006411315678757745,-0.005930306551836906,-0.002449300337179161,-0.006710491768139204,0.009245057277769586,0.012937936366005598,-0.011553252298050154,0.008012834119695667,0.008679637883319824,0.011802174738205329,-0.014567923870772437,,-0.0018579322727817482,0.014516062509042582,-0.007716799499374205,0.011764588872752224,-0.011817809159994197,0.00985932248069954,-0.014333774996450721,0.0,-0.00693900275714654,0.009607611942083372,0.019855619904663557,-0.022431772292379693,0.005822844308035924,0.005012833460585675,0.009904234765180986,-0.0007979470100299979,0.007792092316401877,-0.014848666021801127,0.013957856766807941,0.009018732755573078,0.004393335948128074,-0.0046014191543855,0.021230187205165008,0.00559531040426875,0.0258258342669202,0.016866099507301335,0.0035779355791769607,0.012318379502843424,0.011897454879496339,0.0053312828907972065,0.039503088556724464,,0.011494873566033625,0.0062670479722486405,0.02057315965494344,0.011430156275949344,0.006998892179243654,0.0,0.024917520225583356,0.002137984114317204,-0.0022682511331043598,0.0009191386743243601,-0.011075922619682377,-0.07083642888214015,0.007694346310110678,0.004295949847749059,0.014763174167753412,0.00025238189801957134,0.0028581431219198983,-0.011627889998445329,-0.003752414796433179,0.004479120512604684,0.01664865619288336
2018-05-23,-0.001115088177841117,-0.023295745011138735,0.00022326875735845242,0.005104233223518051,0.0236640806805537,0.0007553855752788774,0.003146938820041134,0.02561386234421459,0.012346288583450438,-0.0005845229755838677,-0.00755566080989889,,0.0037225043004027736,0.0023260040955397354,-0.003372370392485835,-0.024709153949831753,-0.013240269216142408,-0.00025404894080383045,0.0036358349831346892,-0.004561833771121293,-0.04891318644261666,0.01021813748743483,0.02654868899744267,-0.0007307135881504667,0.01542095292370771,-0.0093885195583715,-0.0004697101418785765,-0.007190711893524937,0.025931197174474008,-0.008641267505554495,-0.008331932594154878,-0.002005653712081057,-0.00972036730650383,-0.011200802719555036,-0.00012980917935356828,0.00036263559691396274,0.0031657657946355666,-0.005189946273873702,-0.006773623093314085,-0.0006759692708256937,-0.0035475735475518633,0.005740177655688461,0.01325715742642064,,0.01395349182083816,-0.004670988313621449,0.0006062418631096467,-0.009382035542745082,-0.002224429483723589,0.00467289251077152,0.004420293204097092,-0.0023705276772761907,-0.0014108297273173198,0.011019272890350207,-0.01340556342602539,-0.08434713113115888,-0.018803236826493985,-0.0004752960288350039,-0.004371756014124761,-0.009583999985033897,0.003449552605792938,-0.011145539385558068,-0.006263626870375183,-6.366739143814915e-05,-0.026877981189568634
2018-05-24,0.0022856240898898594,-0.01997290360496473,-0.00580240781090724,0.007617850656608471,0.009694266660711826,0.004416479152626884,0.001344515550816272,-0.002066874676948216,0.026691001735794195,0.00303622752814503,-0.0016549569050900992,,-0.002282053257519623,0.0063288483871586365,-0.0022555557409426052,-0.005961580018073898,-0.012552332156358759,-0.011730484266740948,0.006036731054447131,-0.012400855732445648,-0.005857491963480288,0.005184690906477218,-0.03275862947797348,-0.0017551958718917682,-0.0029224732545816146,-0.0022212364961905484,-0.0012621020842082942,-0.004616864845575996,-0.012132383601174968,-0.0038516708426694635,0.012602741522492522,-0.0026868455063834285,0.0009886088995223474,-0.0051246773614352925,-0.006562210132541324,0.0007250082800174251,-0.017006418494746267,-0.005432072011864131,0.006101872212400883,-0.000676858735778274,0.0005085765722878666,0.0075677871109329775,0.005725922816189888,,-0.0026441907147756183,-0.008603795903894706,0.006419159262332608,0.011623199203789403,-0.005850968904502429,-0.0837209575688137,0.01489509042099102,-0.0029528629630684033,-0.0029041108183451847,-0.009082686593175682,-0.01444794431950347,0.0442869790294369,0.0038558825020409415,-0.0014265661277205188,0.003599112439287566,0.0007640433998372664,-0.005081984026107711,-0.005635541971153346,0.009145824237241529,0.003376433555298819,0.004206909369097511
2018-05-25,-0.003606063257285297,-0.015927832967108535,-0.017059450457880043,-0.02964744219646598,-0.01329396644630032,0.0016893033249025802,-0.02734965720138416,0.0015533337024693505,-0.0013602271411772282,-0.021133607081876504,-0.03978786635234588,,-0.004003522646428559,0.00307468260747501,-0.02844652074415932,-0.032982994889497186,-0.039889100849432424,-0.01430891710215576,-0.011761522918047662,-0.01392091236135573,-0.06224064528091311,-0.02509447706131085,0.04278070684604707,0.01406592065161405,-0.03031918388246857,-0.0007421113721521877,-0.014768416473204704,-0.03395577286427287,-0.023539276746934568,-0.019942996297188653,-0.00216451302706433,-0.004227215463060152,-0.017041196883214593,-0.04274373423519884,-0.013342262219091183,-0.003986605268849974,-0.011221820641141966,0.004434259729362067,-0.007135135505984214,-0.011676757943014482,-0.003558393915999214,0.008065758989960647,-0.004440833428079105,,-0.016419199593086575,-0.012425966410631761,-0.002768087526558216,-0.015744900319835442,0.0005605070487291197,-0.010152274434545583,-0.01870584397671604,0.009395980454954822,-0.015114842099251846,0.008249326658720246,-0.03769637709921814,0.02120441024295716,-0.005237983459952744,-0.021904718308221716,0.017608039140968756,-0.029007590364501512,-0.010967465228846285,-0.04219146933042717,-0.011348955436563446,-0.014349171471974231,-0.03551892882656538
2018-05-29,-0.002128890594909172,0.035588681304695724,0.011189763002245279,-0.006568722468650923,0.03443114146466808,0.00745252767120097,0.007668711785214333,-0.0010339059082515867,-0.0011614095162557625,0.016199403345110275,0.018300925171279347,,0.009905153265878486,0.025462390371799204,0.019131697957753158,-0.007752478382567651,0.014762026095550107,0.01197766773000164,0.008986993307235736,0.006781908717210738,0.023893778546886235,0.00045125198883799733,0.0649572855787568,-0.0024562660192759544,0.0110502218579287,0.0053466809283548855,0.00880108672534674,0.012951369055490991,0.01481029866710415,0.009966771658459272,0.00650770603929951,0.011063939302891956,0.01314927115869069,0.02284554682408979,0.0125284810387154,0.017224680354176902,0.01210592598908189,0.01039098351324208,0.007545889148031781,0.022602764664611863,0.009591061065512774,0.009405460887020434,0.01089413328720168,,0.015590868816984349,0.020571239054424373,0.017699793291497734,0.017077342115756178,0.00980393964505022,0.0,0.002747590202800021,0.014806047676621636,0.008712581301383304,0.045454545454545414,0.01577783338012262,-0.02574749530592635,0.01649911855478936,0.023369012699189673,0.028051857754248344,0.004716938726022635,0.016405675621299576,0.011834432861393074,0.011438160721774171,0.009018254618304633,0.024173821821494412
2018-05-30,-0.003359832582922384,-0.03951077875823983,-0.012646739625974401,-0.02198987313556744,-0.006512312197922587,0.0029110106331380337,-0.002283155053323993,-0.001897543695622339,0.010705924043896475,-0.016834433548761463,-0.011235924303606981,,-0.011371502625144525,-0.0014945735411969752,-0.0001125705188349535,0.017187871420586864,0.00014988128001447443,-0.02283569101803984,-0.009629390075958866,-0.02124005853925215,-0.04235092004125729,-0.035916989366197694,-0.08025682158414493,-0.020712634504820415,-0.011419171444203902,-0.004284108794301633,0.020910056216069783,-0.014313341745647579,-0.007274590419934168,-0.005345470739028579,-0.008620651442165728,2.1710063889290865e-05,-0.01115993445598873,-0.012367209841076643,-0.011236930134582934,0.014070827168622069,-0.014104558047337457,0.021900169264636338,-0.019614933672837953,-0.003181561255410581,-0.0011118314033249366,0.0032675326260604987,-0.005487363343277707,,-0.013029429017048177,-0.008806504379108238,-0.003162063642869972,-0.007013776657250559,-0.0033286050613151597,-0.04102566203030167,-0.004623993032115137,-0.0018943366156112251,-0.01093479041632539,0.05217394621475879,-0.006962867212419455,-0.04774088625594208,-0.020029939401356667,-0.13939106761977238,-0.023961312441811322,0.009389708261133167,-0.00493201683840272,-0.011046129611804623,-0.014003414162487626,-0.01685392875341718,-0.004425613185111699
2018-05-31,0.018033961402798893,-0.00899544128614671,0.0022872924916812476,0.011635220424798476,0.04879825918659986,0.007314596664868223,0.028019499247186275,0.011061171498396805,0.016939648700687426,0.012948391818775828,0.012396810886055487,,0.004888491859349475,0.010647724091020772,0.009041344694208142,-0.004608320183611347,0.008847035727728603,0.01059859980730904,-0.016285867791998587,0.008357446632695664,-0.00361003571775409,0.025951731380874143,0.008726036748416544,-0.02484839949725659,0.00872526279873398,0.013352896192953656,0.031818216465999694,0.010935277425596857,0.009906468363554355,0.008061297538654255,0.03405802874609787,0.04259581399221091,0.013710162071888465,0.01298898356971212,0.014753756086350212,-0.0022342206296365186,0.0066446130290696015,0.011523634086868961,0.00618407957035072,0.017302342354718947,0.019728713619247218,-0.016464262873287616,0.023691700418672745,,0.012084397312689621,0.0021717334225952456,0.021531143789449203,0.013484673329389851,0.00890611032304478,0.010695176938778195,0.008430839969030712,0.021843404246612463,0.007931255171054197,0.014049592639210795,0.019956662101484612,-0.020590827978527293,-0.030893841756977514,-0.04864571922014849,0.024900736382056587,0.012920273042898556,0.009311632320959662,0.026280990044540653,0.007618727514547841,-0.012662317845728466,0.012965338145930927
2018-06-01,0.008357931489755499,0.010708823870855921,0.006161760492993329,-0.012900510059847048,0.03125005380975021,0.014455850842866047,0.008705818588053527,0.023247873681223385,0.007919237961382164,0.011241413056376492,0.0,,0.001430447310012628,0.006126114465829335,0.002986777083598513,0.02314816089169769,0.0008914155676258417,-0.006644255799432952,0.0024709394274418095,-0.008914978613724367,0.015398460398851288,-0.012060793123971902,0.0017300608445842691,-0.06355223126519616,-0.004275822101691196,0.02796489191673701,0.015894230492266015,0.006744112103560296,0.004568483804742174,0.006356409799539886,-0.0043800420150064134,-0.0027543188820422504,0.005690339387542043,0.00046144896375333033,0.0013750744938154646,0.0025929852535593323,0.004863401187090055,-0.003660120439128889,-0.007230816743437618,0.024108218242711255,0.008731212275151057,-0.004939441824700519,0.005223230216497621,,0.008545654645833123,-0.007091768324983372,0.02806481345634637,-0.0006335102441815676,0.005517251397628931,-0.010582000570312333,0.0017061497049417618,0.016977251334202137,0.003815064951359748,0.0040749172938221445,0.002291723654449518,0.023765982064507085,-0.0010910783566646653,0.012202266298245057,0.016859761047419486,0.01964242040922337,0.0016376383087366442,0.001280475711840534,0.00525985762500758,-0.015784341381804956,0.0025600162038155183
2018-06-04,0.00771501488025228,0.001412866230440235,0.00317511864144282,0.005511151803698988,0.0,0.018663651200122366,0.02648090986813667,0.008185731018599318,0.003444561528479051,-0.0017464435407562595,-0.009523715780298314,,0.006429648907029462,-0.0009032451586232781,-0.011633943105396782,0.0150827775465463,-0.008612786664232264,0.0033444078717328463,0.018979872165933553,-0.00513002334683299,-0.016057106942387045,0.01920263555586521,-0.029360980555091176,-0.056689340862468796,-0.00740355863385167,-0.0021364497202840393,-0.0017519233797044231,-0.006742525784573683,-0.007000142288423605,-0.007335276984906547,-0.005278889149644916,0.030213667109172615,-0.0038541578599146087,-0.005624788129771963,0.000327224412004945,-0.0029387267001133033,0.0058145838389112026,-0.0017590470019936966,0.01493088797158637,-0.010158039589758694,0.005114625226667169,-0.011602339964639996,0.01102794499565185,,-0.010877087619248882,0.0037697096412512288,0.0008305808537985016,-0.004015198281144605,-0.00027433321482728257,-0.026737942346945265,0.004598868644182241,-0.0007689550470907358,-0.0026922874551926768,0.04058441658972245,-0.009848893090891875,-0.049107142857142905,0.008979657187780044,0.047646378878927864,-0.018905466401010762,-0.010758065939765804,0.015153653103802789,-0.02301780281179011,-0.0008171675829420355,-0.026261228440140783,-0.006018853823440029
2018-06-05,0.0034656986786782973,0.0074566214162521405,0.012661035564666356,0.027403853263257227,0.05521883324982535,-0.0003536862117876627,0.02049496340473711,-0.0006627523088874598,0.016431306556409675,0.03182452073907771,0.03159340811015143,,-0.005252641816489878,0.017110852869391957,0.03830681963446492,0.03268959872288191,0.022019175811422542,0.022874107529534005,0.029511063574724883,0.013986108247205697,0.029011791904794082,0.02654594686674261,-0.056939448637085666,-0.04653164184526282,0.002038590035147614,0.02726244947120393,-0.003535993498621215,0.0170358551863099,0.011090664181013343,0.012931301285669328,0.008844998275804095,0.002051322672665945,0.010783562565405802,0.02336808080040087,0.003465710297227087,0.013086704156377804,-0.0003435551850617946,-0.008292881725985524,0.04435262962983577,0.008796207984670401,0.002935680544676078,-0.019899905804892426,0.004510582082311476,,0.018318046459482984,0.04111479652795058,0.0003018976747120039,0.013154873515770937,-0.001646450965149815,0.021978000384744734,0.014581170900983764,0.010517894844696674,0.006907797769834412,-0.019500780495410708,0.02930743347175757,0.0046948356807512415,0.018640944084124422,-0.012602714643086488,0.09744783937389845,0.0005060403584773443,0.007756275128607548,0.013088937899391029,0.017264204963528318,0.0017156189809617306,0.019816816602509668
2018-06-06,-0.0026804800264838002,-0.0066014770672148115,-0.0022327579506673523,-0.02575841605611595,-0.04977662598427157,-0.003803651977406841,-0.028322677262078932,-0.0029845846638547613,0.0044019167798994285,-0.00815478500641209,0.0016642779497086924,,-0.01384329234906223,0.005333317258230386,-0.004928834582835662,0.010071855512620909,0.003224520280681098,-0.001405421074848534,0.00775370811815157,0.00215982525303704,0.014096919069844116,0.0006305156580401761,0.003773581171086837,-0.040518639464455775,0.006649794275764842,-0.0009727092978467633,-0.010924562331057985,0.0052534436687816655,-0.011679522138325793,-0.0006078835199381238,-0.020164930860193997,-0.016295803387829544,0.0043980713286699835,0.003987100118373776,-0.003257917697232826,-0.0005821593498466227,0.006376670112394844,-0.016515086218328867,0.00756545225510008,0.000968806862104099,-0.015709027447043278,0.0016012020676756666,-0.01646481316703352,,0.008501815108022948,-0.0032276360909258006,-0.008485966394558786,-0.0014656881627971297,0.003023864766480644,-0.005376338917391199,0.013369029761863604,-0.020340965017849433,0.005992545955131545,-0.023070801025749987,-0.01052625248116923,-0.0009345651787018294,0.012042252857755065,-0.037735865033389215,-0.01067291441269691,-0.0010113344458403395,-0.0030494334455384298,0.004522034147985243,0.0013273404173861358,-0.0015071673553697096,0.000899420044976118
2018-06-07,-0.009097324355712422,0.011176033244337802,0.0035803425257654453,-0.003754774432251695,0.024177276586745178,-0.003143258294014406,-0.0005298786857109716,0.014801253514701296,-0.02535119993611279,0.0026320600782856474,-0.002658740947663718,,0.0010127679857281358,-0.006811365247156753,0.0004915968279273208,-0.008547056504987327,0.00029208380997514105,-0.006206365019801208,0.006761399308937266,-0.0012515479348294,-0.022589116097633255,-0.009643701138358995,-0.05451126926608041,-0.011448960666804564,-0.0013307924233623147,0.00013949252347988939,-0.0015074741382846701,-0.0002570184180691326,0.017074752245277214,0.0012167479763522948,-0.014853284485714768,-0.0015246527819041678,0.005918794888815526,0.00279745291492417,0.010916293011383749,0.0023286099855042153,0.0011181096927401768,0.004889046631412208,0.005460562451345519,0.009517737616914435,0.007434711957491569,0.0026858372937899055,-0.0022966293444167674,,0.0016559448481527905,0.003238087458873551,-0.002357883617361889,0.010486355997367802,0.004932583244793065,0.005405400180747089,-0.006266529163000745,-0.002008110265535712,0.00023517619507429366,0.03338761045012739,0.006801584501300084,0.008419097409096299,0.015399273364094856,0.008650496955612041,0.004966987221204366,-0.014929058671030448,0.009759444028257125,-0.006430956190973336,0.0068276477546631575,0.03293312556952177,0.0008987817175225565
2018-06-08,-0.002451881881362472,-0.006571471117766459,0.014715568956704228,0.0,0.031475379818775684,0.0030463392416790747,0.011617042212880069,-0.014913140619229992,0.011086395938177729,0.0038970510563116623,0.001666324697521926,,0.00751810429190547,0.011177368312010438,-0.0006370270325731786,-0.002873721857424627,-0.005258005698725365,0.006309364498090941,-0.002547245131006348,0.0061245393621818245,0.016000112277442247,-0.002800786415005363,-0.08151099545677543,-0.016138190690545007,-0.004344211466300374,-0.0011127074062560194,0.007230514947618838,0.00299929311505287,-0.0023856806508818496,-0.0018229642370323207,-0.009627408380539881,0.012608337476286424,-0.011284621555171181,-0.0025198400141165367,-0.0027156367633770495,-0.0025555398974963506,-0.009338774080348333,0.012903084668457243,-0.0006787151073697206,-0.003995148287606942,-0.005707026033968776,-0.008928416707856712,0.00244061494736747,,-0.012609528431358874,0.0011391934593425468,-0.0063294328248232334,0.00020750255836676779,-0.010090134329347134,0.03763437242173873,-0.005476175649284598,0.012495917711026205,0.004388279200384204,-0.00394005033206124,-0.005543261084644757,-0.018552875170511296,-0.002182803927947119,0.005717574772920342,0.045457353862759176,-0.004366657000959173,-0.006058728933630797,0.02977345031558265,0.012366525452878419,-0.012753225705915305,-0.0030530288820216356
2018-06-11,0.005490918942904877,-0.008619843317610565,-0.00900878594484833,0.005810558310637592,0.007628788475879222,0.005701178257960349,-0.0024776989875099353,-0.02262519708105537,0.002300360435735227,-0.0008625640779287291,-0.005322711493832566,,0.0,-0.0015977248143899114,-0.00355157699677755,-0.0230545322221255,-0.0073405922280331826,0.00761362498291307,0.011144719769348166,-0.006709744255071204,-0.0017497933627822482,0.0058081371355664935,-0.025974001846660322,0.03917404074202713,-0.015865084617051606,-0.0020884086549569636,0.0063896768368079115,-0.006236808849768627,-0.01780265305035611,-0.0006086839718616455,0.0055023886622314055,0.008579325363227586,-0.0009786675007433798,-0.005774747019808624,-0.012124969895341842,-0.004309198886459864,-0.012965800485235879,0.004489995723010676,0.0010188382737001955,0.0017651853296984932,0.0025727587961981158,0.012934017834766331,0.006584561056527161,,-0.014983611642390371,-0.0007587239097849308,0.007520494311620052,0.005395461562669901,0.0,0.041450800564520884,-0.0023362928956649487,-0.007757806879183593,-0.0024964704838267293,0.06724678834715636,-0.0017415965044283999,-0.023629488921441566,-0.000460597338824531,-0.008527550723653965,0.03212891816285279,0.011352077301030272,-0.011610947819938877,-0.00188554571749866,-0.0007880478652078082,0.015878359233132633,-0.0023421392923727025
2018-06-12,-0.008217100095043728,-0.013446653483800697,0.003990935153815878,-0.025292864111618685,0.029652952810270472,0.0035967177727189714,0.021066075265569584,0.02127659574468077,0.008224123433780539,-0.018266794995187685,-0.0020068995188341487,,0.018653900349629327,0.0023514850745034455,-0.02730714268622303,-0.013274300875895317,-0.00473331391807752,-0.017651778703895782,0.017451077517050217,-0.0141375426705459,-0.003505626232968795,-0.026968391355747245,0.3288888931274414,-0.021541316254067744,0.006649840886645553,-0.00544096755879897,-0.0034490380030645085,0.0051582525003572854,-0.005094919768245054,0.0008118714779772329,0.0038307583611456586,-0.00899128462039056,0.0007346231835405614,-0.0019964107495622496,-0.0007877736234035426,0.002690345894238666,-0.0025701261278171517,5.2194294500207405e-05,0.007126016736304308,0.0024020703827987155,-0.004540223481407368,-0.001715236459442937,0.044251453591239276,,-0.004645310467262576,0.016321834435586657,-0.0006856745090046967,-0.0037152943715602627,-0.0022036559354433605,0.0,-0.009533155374272573,-0.004038366917571201,-0.007117552415349171,0.036323186021636866,0.0008723174772833353,-0.0019361526788775896,-0.013017210221310416,-0.025229387648146195,0.005863940944921264,-0.0038269185919721505,-0.004258301004010812,-0.0031486182944385765,-0.002799875884694214,0.00629178696390742,-0.003972150911014216
2018-06-13,0.0005244504339629863,0.011990121345872629,-0.0008832902577987634,-0.011853350958321518,-0.004289197066983941,0.011144664310384744,0.010011784264219559,-0.012499999999999956,0.018514218918323166,-0.003930028790698259,-0.011394145312874526,,-0.006198159527211589,-0.004007725299440823,-0.016554706290694998,-0.002989812441565709,-0.016792875169829746,-0.01014810546421352,0.01376702653064732,0.002331105795707611,-0.013192607368985865,-0.02060768599791507,0.07692308305681972,0.019358521244041693,-0.020017983647631854,0.006080686265274471,0.013878455445518023,-0.000769646660235157,-0.0032174895561326577,-0.0028395469961211006,0.009267534736436156,0.010296252333640732,-0.001793981668959832,-0.017641286703312664,-0.015042092426707732,0.007349039673326674,-0.011961360829956913,0.022867500788668282,-0.006738606734722596,-0.00885524809810978,0.005651815916296599,0.01069139037948963,0.03405887182434464,,-0.01604588245326488,0.003361511914861559,0.017187909752479857,-0.04909877558976827,-0.0016564513303641837,-0.009950239314132636,0.004052800291376668,0.023971858689096237,0.0,0.014306206687290102,-0.013075210525672287,-0.0067894952337743675,0.001984648713103665,-0.017647013944738,0.037531198826580514,-0.011523554572458794,-0.004426012232442322,-0.001895074582964562,0.009728193900089499,0.020073733070617772,-0.007614350190712216
2018-06-14,-0.010272755241395037,0.008303757631487052,0.017462339533561133,0.010536552171799052,0.005538470928485584,-0.004576946257703773,-0.004956271015943092,0.0013502418743407407,0.006593224781254348,-0.012526972557456939,-0.007457399413161703,,-0.006661860645630124,-0.0021263867837558736,0.0022163838935354008,-0.01948999710852395,0.0027206449924477294,-0.020373391588325962,-0.007569173449345601,0.00873932489548368,-0.01069535674144817,-0.00952193629209741,-0.11645962629442963,-0.04933900123539092,-0.00010216809483887257,-0.012930544002220157,-0.000724082808550075,-0.007404029095825271,0.0025913743856236238,-0.013221957682274743,-0.007742052458344029,-0.010150949671125509,0.0016335424844682311,-0.0012032966004894563,-0.004801194674755704,0.006138047024182081,-0.0014487566465298807,-0.004877592143843312,-0.016960660936089167,0.0076349086261400245,-0.012719211372823058,0.004533122167817094,-0.0022653012457408694,,-0.003224137710694741,-0.003350250009536704,-0.006181891275767959,0.008278645505036542,0.005530903148688315,-0.005025120811725348,0.006727116294087843,-0.001172226599849835,-0.0002367047047659998,-0.03878703659365301,-0.009186023201563476,-0.07324218640860636,0.008153238078431935,0.008982012675301965,0.001257995940245893,0.0023314348689311704,-0.001185220137026044,-0.015822802415486836,0.0060922807936993895,0.00019355299202317156,0.004384121265647245
2018-06-15,-0.0005292735196295029,-0.010947239760626504,0.0034760093063044284,0.0048122556897280955,0.04712365058587342,0.004557175708828076,-0.017316655374048917,0.015674978287152808,-0.021204100466520992,-0.008773848668254147,0.004098320149964252,,0.014269074147040595,-0.05215881626653052,0.0057576177957126,-0.004587067866444694,0.006180447769702724,-0.008932268908838803,0.030731209286255723,-0.005030424939794331,-0.0018017170140035565,-0.006453971881044018,0.07205621147434438,0.01508030624861001,0.0008683773141966444,-0.016659578438051992,0.02097022022493622,-0.0022855284033602707,0.0055778582525174425,0.0,-0.03429507481754157,0.0003669650108382161,-0.010521017038590208,0.0025948042876584587,0.0002677434217159824,-0.008862614092538412,-0.0019991893346552603,0.01256061308713452,0.009316751468512408,-0.016766067416538855,0.007290599646616158,0.0054535478125909975,-0.004030841842472044,,0.00279951280030466,-0.0013071101216587389,-0.0006410547838576752,0.005185907421103808,-0.005500480523640938,0.005050500185316276,-0.011025846671238515,0.0009831988946076287,0.004570019733110886,0.013939807688042372,-0.01087524027054887,0.005268703814126363,-0.005892253370351819,-0.0005934853801448092,0.03534633777963303,-0.011372259563854792,0.00059359909926604,-0.01736334753085267,-0.004336418462822067,-0.021481110432702066,0.0018192450077347821
2018-06-18,-0.01615991821954743,-0.0047721766609557514,-0.002597768767436337,-0.030810930556435356,-0.024547052093022437,0.006375480989251114,-0.023306518184069258,-0.041154988571417306,-0.00019186409830351803,-0.03839435405380498,-0.004761857890149157,,0.010973923463332369,0.01009965923163092,-0.0017626714374253671,-0.024577555428047737,0.00044917224769203123,-0.036185129130525184,-0.01632226147841298,-0.018538189775607616,0.008122799971304717,-0.03728263975484769,0.01639342724524062,0.007717493672592779,-0.026943229059058216,0.027222672141389515,-0.004131609942225056,-0.013267472558032178,-0.03255911797110567,-0.008657918597854253,-0.005449099605095431,-0.004218736151732738,0.010303475848168375,-0.005823396960506821,-0.025590959422027937,0.008245086190069584,-0.022615367693080257,-0.004134856178426682,-0.03213646976627538,0.0006560909801669457,0.0,0.016146188444255305,0.03734631528980259,,-0.026611374211544803,-0.013275927537275356,-0.018559783475612046,-0.005373782727990384,0.0016591997139376868,-0.005025120811725348,-0.008445808562508317,0.03631079453804387,-0.019138060101497656,-0.0028943533094293317,-0.003785087733410686,0.032494742395577036,-0.039865237671321774,-0.0071259405074861615,-0.04929487816484701,-0.018039243063609156,-0.017049793894675314,-0.007853477792048813,-0.0072584101482213725,0.01852460619268026,0.0
2018-06-19,0.004361852670200728,0.0024487576312279824,0.0021706190911647827,0.011200866902870477,-0.01018574420935714,0.008819555259391043,-0.003298124242117173,0.03444101281600975,0.001034662778242934,0.004602556819026882,-0.0006837557192229671,,-0.022126095721002548,0.01650450851120011,-5.697440285856725e-05,-0.022047520566848,0.008984620990092784,-0.0011861426599074631,-0.013716583712761965,-0.008513974518548961,-0.008057351715025196,0.014548782895991597,-0.0064516069489635175,-0.010721833777504908,0.003723438106984389,0.00732997645329081,0.004564343949140959,-0.0021900492440454222,-0.0028901838079931075,0.00332705127614652,0.010013353172332318,-0.0023536510072018624,-0.004324240061150841,-9.282504737428976e-05,-0.001512499896683006,-0.006219508057543344,0.001123726067932207,0.0228364445871021,-0.018368434362305952,0.004096030829438657,0.010013707413906392,-0.0018405718462021214,0.029087795870277988,,-0.005608112485873229,-0.008717014586775873,0.008225454474371174,-0.07456242726603413,0.006626042363718998,0.015151500555948827,0.0015329275185815838,0.030146316105198467,0.0024785846020760616,0.0058055098154059515,0.004885240377342948,0.034517781988618434,-0.034741614905782536,0.023325437381182867,0.027428816276547474,0.02103279860081675,0.006787584106654032,0.009894636730177764,-0.0008304368090755743,0.020258931280339842,-0.010893846408340013
2018-06-20,-0.0055764058232264935,-0.02748103739409291,-0.003682319745120677,-0.014660475760176261,-0.0526634875984241,-0.011348009699612582,-0.006131393744498337,-0.009034648007221202,-0.006010127326652848,-0.014678081296949474,0.0017100483465095628,,0.011099793208992681,0.0016169608907028454,-0.0030387610002430288,-0.012882382044191565,0.0037106133173467892,-0.025151814224978697,0.007402164433640168,-0.024101309302375085,-0.01714803566992873,-0.016210522884362866,0.00974025069249751,0.012386360112750294,-0.015517213513671413,0.0008396616322210448,-0.012355594777809786,-0.003687099566297758,-0.01037818315214778,-0.017202205693853112,-0.02375620296284997,-0.000759073477711647,-0.0048341814006592765,-0.00027903046356114736,-0.014322252600821428,-0.002434009744500254,-0.008188359409325607,-0.0024752586429449552,0.021230638352968345,-0.0016318446010485932,-0.007165991676883032,0.004117595734896007,-0.003167289894392855,,0.004390115685225959,0.008411261260276026,-0.019823875090249854,0.006538951865001641,-0.004388441604008864,-0.009950239314132636,-0.0006802758659867347,-0.023417361848461993,-0.014996652352120443,-0.012265518073952153,-0.004141136748274432,-0.01373897453302153,0.02182080288647703,-0.032145010215629655,-0.0406106959223671,-0.019035029662335945,-0.0010491847948449484,-0.007838088085235118,-0.0036390386225853,-0.006724592563337128,-0.0020186252026888063
2018-06-21,-0.0029115087802721318,-0.021559668874529092,0.011521738654556968,0.003967530098504257,0.009584701332962409,-0.008409345657574563,0.010428670066154,0.0032078107070303563,0.0002312169265263897,0.0037019525797368225,-0.010242068722707387,,0.006615114305824399,-0.00437205828001519,-0.004266709731491902,0.01957566449615955,-0.00635833116862361,0.002937921423022294,0.008684136330053605,0.005989012308892816,0.011019261040289052,0.008168131510515098,0.06430869917362281,0.006499715994300992,0.005041613222976027,-0.006291465177280964,-0.00012833468739259501,-0.004229353695428095,0.005999341206913922,0.011176867979615146,0.005939958287360492,-0.007945265344194374,0.011444573125093838,-0.01637047227921007,0.0038419728166390055,-0.0017428486101593865,-0.003329401982270719,0.001191054043905515,0.017618130112855512,0.004740208784744793,-0.007217550818135465,0.005692615507574494,-0.010470767668364522,,-0.004434803721614644,0.017820235877282764,-0.023958691575200253,0.023201770185967252,0.005785197985291868,0.02512560405862696,-0.0042552895832885795,0.008904788596357793,0.01125684981161612,0.013148306113442754,-0.007412930628524883,-0.0039801146853623015,0.006382089096977239,-0.02173905281478483,-0.039941282796361555,0.01329106576960748,0.005698964264938544,0.02633314306097656,0.009845736778127279,0.016733697353428223,-0.007908736403151595
2018-06-22,-0.014871129676296224,-0.004706154251145289,-0.005802373258772753,-0.010373656777783347,-0.04367091934987666,-0.030611940875939325,-0.047099626476511225,-0.019690309744182843,-0.02806981209375692,-0.02274932667007712,-0.017592333866223053,,-0.0037752058691562507,-0.013005019566236786,-0.01453869444690592,-0.03999977882246508,-0.02157741231680299,-0.02401002646439443,-0.028918220867294675,-0.013965290155280918,-0.010899160347302095,-0.02458595229128724,0.05438068576099386,-0.00018997409193910464,-0.0014785104208067112,0.0009847648757137506,-0.025665166232184955,-0.0198213764246139,0.004977390324341524,-0.01647565555069641,-0.034095270332067384,-0.02013625765497229,-0.0020347040866181,-0.00907822820782822,0.002922877435195481,-0.0017457926348101171,-0.002037628068776498,-0.02671736231394861,-0.02596954494933057,-0.006344563193958486,-0.020117744594359888,0.012781728700287598,-0.06473033211778467,,0.005319517381537686,0.005028561898011041,-0.0471404542696916,0.004081867058743915,-0.003560549366986021,-0.04901956201103741,-0.02478640556839362,-0.014639984199904532,-0.0020824660264542327,-0.03028118815856906,-0.027140331822436026,-0.016982986754806917,-0.010853802151130076,0.0018517764125975944,-0.0018583828407574554,-0.007206117382968169,-0.019832713306049854,-0.02245047396993327,-0.014388474971778198,-0.027828430596330223,0.0003703384728930281
2018-06-25,0.012405544167352955,-0.009994669862981032,-0.0006486666003971964,0.00349418412584801,0.02581074468459099,0.016799393006361685,0.00671231344907075,0.06832617239890681,-0.0034864529602887107,0.00030185224117396103,0.0021065592199425165,,-0.004631723867988158,-0.0009240186570929065,-0.0083279553960941,0.0,0.008517136993911656,-0.007614715032818853,0.002500551260040229,-0.0015653643890599644,-0.01010108031717849,0.0,0.04584529667434767,-0.013867772619691188,-0.001586111294756054,-0.012510857814917897,-0.005845704119473605,0.00018044768100922148,0.0003271522989976017,0.007209650776464738,-0.020508758880891542,0.019641840614548878,-0.001957912632884362,0.0006681572362887689,0.001179298806974316,-0.007695020302743272,0.0010378238126824701,0.013496060401948728,-0.0028438412906817145,-0.005894124983152671,0.00701303604172776,0.0022236302424376575,0.03877957871052162,,-0.013961548930071399,0.012046056743944211,0.012001852313748618,0.0029358959693353004,0.0,0.04639170696636952,-0.010516985236055265,0.0003669642737220702,0.008265977388894674,0.003717486352707633,-0.006365805122788837,-0.02235776975123449,0.0028356448606725593,0.01109059212893726,0.02699616299368457,-0.001369402724081259,0.003955368843948648,0.005905651138123691,-0.0037492084719704666,-0.021064839897574017,-0.009821678018516189
2018-06-26,-0.0014635337846341523,-0.006621918059645293,0.0008650353041237402,-0.005139837978941242,-0.03419353115943169,-0.018083004300295413,-0.020558720780383788,0.07070541127346952,-0.01761137616183217,-0.004467175267720891,-0.010511620465977423,,-0.011985251648083728,-0.013668198713415292,-0.014328964264743727,-0.018333416014768456,-0.012818567091411492,-0.006861447189841274,-0.006349115531289029,-0.012094908380709368,-0.037105711003274866,-0.0019331972142775378,-0.06712331988391307,-0.017915629125592192,-0.015413385821046233,-0.02291812514742253,-0.0138441294922379,-0.006318387223391508,-0.0066794036323407635,-0.019579078546951956,-0.018321015936137997,-0.013235872788008196,-0.006048231228859446,-0.015449122595215137,-0.003257125244815806,-0.005169728720899047,-0.01437773039761514,-0.015879379742761213,0.0007130657843466004,-0.013833999358784488,-0.015542972846679826,0.007855325636797472,-0.022534308063530295,,-0.008889918626007187,-0.016114284787696498,-0.02591000256496845,-0.0216168931938423,-0.004672873669807065,-0.029556622475449656,-0.022674978606882834,0.028664728769510317,-0.010188119811161966,-0.029629601372612835,-0.022046278355537963,-0.03430348780716441,-0.0025815435544818133,-0.03473489945913122,0.007309997535504653,-0.02605647727972482,-0.008334000008175302,-0.011741712629682488,-0.006406021642274884,-0.02640264026402639,-0.002807632961892237
2018-06-27,0.007276221132617389,0.010053722395523712,-0.0017288862244049241,0.00816632068212253,0.022712100636145927,0.024655133217022396,-0.0016502983495492174,0.032417886104573856,-0.008943065011283502,0.014644320290790658,0.015226724277591641,,-0.0067076336870767195,0.002847939933587007,-0.0034954612697102316,0.0033956472221459144,0.021692636168018753,0.010549022796371155,0.01072565085635735,0.006952496037391009,0.008670789124637368,0.0052633803304555915,0.02055798350395488,0.022557895963222663,0.008338290388544944,0.02462108098576543,0.008809880035383078,0.01471546799336565,0.014765191981762182,0.007944842018244636,0.010049416949935663,0.015365577715857226,0.003207140786503526,0.016369364005691445,0.0065359677985314946,0.009684761504301198,0.0015607756712547882,0.0019914981459223657,0.008550225516223087,0.007014158851109453,0.01117487998283484,-0.007555902771362755,0.012884508649734672,,0.0036861841028918985,0.0009377440884530408,0.02180558034561364,0.008975541843594614,0.004142509012266871,0.010152274434545472,0.013231794039475275,0.015477974665982774,0.0019300077886308387,-0.003816808341898237,-0.003661108682474268,0.06566198464939577,0.016023405831174342,-0.018939405798291675,0.01576195226568089,0.012109853182356689,0.004125409431781968,0.003960350903948973,-0.013176588982035775,0.0006101446636652685,0.006569056383668892
2018-06-28,-0.0021024573664006896,0.00238000392778992,-0.007793513924493234,0.003802187505575594,-0.020901413437488747,-0.0009698112831901806,0.022677977320156195,0.038377661789688045,-0.009228530278243663,0.0025699441413298274,-0.016742234524424027,,0.0015804167812614178,0.005160139339826841,-0.005440746595403501,0.050761331313394775,0.0005982525171042141,-0.0026465001226813056,0.0024835092668327174,-0.0018008074710035293,0.014326433882859924,0.0027257726934657445,-0.03165464693946696,0.010166866841309963,-0.005495086589287657,0.007251652302771694,0.0021386731597166087,-0.012756159689252478,0.004587599292772193,0.004261068602462448,0.009339949278804216,-0.01081225490465143,-0.005410046444928485,-0.006956820269541697,-0.0015197095093623103,-0.0018716442666458777,0.0006433236387681784,-0.009733467763898052,-0.009184255742271108,0.006633545902445137,-0.00020300451697585764,0.001318620921970881,-0.010090492700057463,,-6.529148539369256e-05,0.018733240855478117,-0.016441221690674523,0.005018646000543914,-0.0022003338871883216,0.015075362435176265,0.003936030092864362,0.009273839417336394,0.0034509736887855524,0.007662791289950066,-0.01179632514244322,-0.033333364159169876,0.008856366751114342,0.000643515373641268,-0.019946872439894237,0.017250758480732653,0.0030438426167287425,0.008547035360885191,0.0017966013134156356,0.15156860851709042,0.03374959894814045
2018-06-29,0.011182378591630293,0.004964893040638962,-0.013092123214862639,-0.0021409289770082385,0.011340899192106235,0.008224557530564391,-0.013739355162393219,-0.0019599522476593245,-0.0024314745366496027,0.0016987292560113332,0.0031928344416474186,,-0.005451013050845166,0.019053193789151157,0.0009620268065482218,-0.009661771573320932,0.003586329262187604,0.004569937206247543,-0.022522484546704136,-0.005639285480069978,0.0018833540422511508,0.009727787816474986,0.06092122529719601,0.007405989190628626,0.0051498590726128946,0.006211265613286665,0.01144190886774843,0.012195769542965307,0.0025369998112338976,-0.013152274214787818,0.009857273418934609,0.020105323530945407,0.001978160719010358,0.008445064594343465,0.009893544042361535,0.0062111177156727315,0.012490369849247118,0.015644285488622955,-0.009269310336721737,-0.003954016157501461,0.014197659760019965,0.011854173306420135,0.01724444243469736,,0.0038024641489751154,-0.011216892859296168,0.02254121623050187,0.020199589465060397,0.0013783300143133115,0.0049504903750889895,0.0010690437447509193,0.01782661223745352,0.0,0.0775665769850169,0.003913974409115228,0.0616510105958501,0.0038480406516003818,-0.018649515002952755,-0.022977114068266302,-0.0005473056025303569,0.003489352277947999,-0.010430210897903303,0.008722666494979103,-0.0020593439026209692,0.015873029403518757
2018-07-02,-0.0174164620612679,0.005370372376082955,0.009507058230347365,-0.0034657729869173037,-0.010554079750826784,-0.011565135656379955,-0.019359901059469165,-0.015009113214798253,-0.011402646750842016,-0.009372782306644512,-0.01768048626697316,,-0.019183775602032327,-0.007641002576303957,-0.016475719529218114,-0.0162599729812134,-0.016378948711290753,-0.018050039499423298,0.019815621243582937,-0.009073901105282278,0.005638932867528368,-0.006517219939315422,-0.01540611466865327,-0.013006571849806026,0.012382168208515232,0.0007015565230326093,-0.022615987227718848,-0.0129001217721183,-0.0025763305115672486,0.00451398016864113,-0.014541777092711983,-0.005162854048226251,0.009294233285465525,-0.013989238019523231,-0.001438741658789544,0.007570585686222486,0.0011364993223230702,-0.023459664935620683,-0.006117177404351359,0.004134900423708343,-0.009599213555231079,-0.002662627411522789,-0.019237597060753675,,-9.723614937218183e-05,0.010228476973231038,-0.022291874444363202,-0.005117031455184939,0.0005503210547510573,-0.00985220749181659,-0.01513020950086108,0.007746121798643646,-0.0008798224295074597,0.0007057324508110696,-0.020662874334548165,-0.016732253678873876,0.0032339725594690005,0.011795501232089611,-0.07225349003910242,-0.004104836674329593,-0.003023587665980987,-0.0026350160327002214,-0.002020340455246794,-0.011084280856359818,-0.013493944280567716
2018-07-03,0.008046822224198058,0.009293654947674757,0.014892432574175718,0.003974834778016856,0.03333333333333344,0.0034062854005068033,0.02360702115766644,0.026203308258390345,0.02553384796537639,0.0007509475176732394,0.0050394641591622324,,0.020588497540318773,0.01805726420438236,0.0014043933415570642,0.021487434573496778,0.007568989134346671,0.014795472621034866,-0.027338479686716544,0.00312871249151625,0.04018699400387349,-0.003850442613855809,-0.0028449474153087184,0.017952609162558808,-0.0003181461104104777,0.02074846599159974,0.022404709025040992,0.001633650611197357,0.0035978978440431852,0.00813169207921316,0.025873999131343695,0.00372749609079559,0.018661878434896417,0.006501759301730914,-0.012280339903196547,0.0005779620234793725,-0.0009010601260368567,0.029678820625410607,0.006517029705396471,0.015318686324268915,0.0071681167914980914,-0.00011875971433628063,0.02015268362676026,,-0.001910477961588497,-0.015279773450913026,0.02486923334016855,0.015429666465026859,0.014305437655110831,0.019900478628265272,0.037050484618739166,0.02003633608929034,0.00024064856181116312,0.05712266914738562,-0.015127546218451804,0.025025024642791216,0.012895738872332974,-0.02461134527810449,-0.005468763302039603,0.005495920215137007,0.001667969859430407,0.004623419480848989,0.014252328024787708,0.010493112803054983,-0.005759619212226563
2018-07-05,0.013861932247769992,0.025825586789021582,0.007984653406130082,0.005113783780237302,0.05548391034526201,0.006412761389779309,0.006785946600796677,0.00013880289438450433,0.009290702865198064,0.004382204602551898,0.0039398717738110545,,0.005475430337041454,0.19634555037346013,-0.0005894944105451216,-0.0032363644628745636,0.008713789948719297,-0.002945259159580993,-0.003948928748280678,-0.0004564392273757045,0.02964950873701877,0.0020041003108259847,0.0028530642330242273,0.0230769148188108,0.0007422875932951989,0.032962741513818505,0.012082910165017502,0.004756843818101153,0.0003678635886903425,0.000637103432813424,0.012217002558192469,0.016557597271845248,0.005999917064043014,0.003277745998390813,0.0022920417278078364,0.009588725796374264,0.0,0.024086757707787232,0.011510866626905925,0.009085124969635539,0.014033661294764022,0.010502215850086705,0.0247496183052609,,-0.0028874409355156283,0.009721224223635083,0.01895091061688614,0.012992757213269757,0.006509539285325383,-0.014634132725648952,0.008016784075596473,0.0239367708005358,0.0036013124731628654,0.03335557088955876,0.023646010699387654,0.047851576688117126,0.010019732612751131,0.00996013375503546,-0.0008410200885162755,0.018584395949836408,-0.005450176606538459,0.010519440837784,0.0010375924584338225,0.023364159105168314,0.011766823515441782
2018-07-06,0.013885646352781444,0.0012383149043546648,0.011988610588965942,0.036271109316080574,0.01528117302402876,0.01659616164256117,0.009071753064949117,0.012487880251004668,-0.0010093948448410828,0.021754498601999295,0.036389388663842226,,-0.004585728532659039,-0.009734840772569031,0.025239434792463378,-0.003246389925724791,0.02680978403599621,0.04106002141283471,0.016791099466057613,0.02853856597049731,0.006980851540079103,0.031718917468480656,0.05263156109765865,0.005501614862894799,0.014297487276654142,0.01901338062096647,0.010561969557318474,0.027954345551730375,0.024122202246449787,0.015061230851386664,0.009538476295021248,0.007992524406871038,0.002385607972737125,0.03094374924999821,0.011434430243984384,0.005492466666653817,0.02436543179456252,0.007430018336494371,0.008534556412703509,-0.0028937115330448515,0.006820920813721099,-0.02929997746890256,0.02625838520901036,,0.02062743587371041,-0.0070354083433137315,0.007762901639380093,0.01586947277225348,0.0013470393514098955,0.0049504903750889895,0.0034576457838975116,0.004653742504441949,0.010207617521059698,0.0296965813391854,0.02467925858923703,0.012115520833081428,0.017157142622676647,-0.003944800753860389,0.031110407612896296,0.015025481668912377,0.01765841431754578,0.0013013030432338368,0.011604919932282298,0.0040934374537870966,0.015745222512004498
2018-07-09,-0.0012071736824424972,0.01854898677071848,0.014173907909768468,-0.007602170933174834,-0.0036123643038051823,0.0023289787055904565,0.0016071154179402303,0.003014954324006558,0.01265030916185328,0.015325311644592166,-0.007573076695625014,,0.01065342891559462,-0.025932182699947015,0.0016465078583596249,-0.006514955462244898,-0.010298845735738915,0.001986243050216885,0.0009173575819576563,0.015094811101000083,-0.009532034781487453,0.0009001093928135973,0.010810800361494177,0.0071128830316316005,0.006578395566436912,0.0014350681772283824,-0.00011993919214758897,-0.005000218181185789,0.002737008871020352,-0.008359131778624462,0.005784963991294578,0.005386253120532869,0.010551612559488888,-0.0061517876757843926,0.0033573830812070327,0.0020485569338941634,0.007667629187549041,-0.005861102733981993,0.02009889044264357,0.004514728624350983,0.002650843744463449,0.012824179524872914,-0.007971922545719767,,0.0045265682457571454,0.013238658241036427,0.01604840219309578,0.00556394132444038,0.007266168084634872,0.014778311237724884,0.005685876823824154,-0.013573605925808252,0.002999182603343531,-0.01003133851570126,-0.015221711435025265,-0.023941054425895447,0.002639060498582202,-0.01122112743065784,0.012432888210448967,0.002643713655144042,0.00029940109405335313,-0.006497814493136245,0.007371917097374947,0.005454736611543165,-0.0026425324691270458
2018-07-10,-0.01297586991940669,-0.0392555403669026,-0.0018771050792760757,-0.0387807344454969,-0.01691835602444447,0.006844206585369106,-0.029283680778465104,-0.01516601411839269,-0.028416271777493396,-0.01889630518611074,-0.005202863064404317,,-0.006267704348334013,-0.0020880494327759624,-0.004020408990697222,-0.00655725201674795,-0.00469001266937108,-0.0317874663201263,-0.02474796581980021,-0.022596808423874126,-0.024497012464841372,-0.021653716448262972,-0.058823536911562724,-0.009054690129426168,-0.006690906713608724,-0.009511353317101179,0.0037014247321607296,-0.005245585725002777,-0.0072037352165745805,-0.014331047048800727,-0.018404997175946902,0.004202298163146878,-0.008949899941566697,-0.0021571846474103262,-0.011403936772740209,-0.005565060486518392,-0.007285611415785653,-0.004913136306193722,-0.032146513368092045,-0.006420834298119349,-0.0013706923101562962,0.005792907849646145,0.0072661250420014145,,-0.010631142023856843,-0.03367698831060584,-0.022586534082485343,0.013832522528629099,-0.0058777698514462795,0.0,-0.018331373527095796,-0.0028939561361810417,-0.01715727863198524,0.010766312647539467,-0.01252200327769526,-0.020754688190964043,-0.012245306057320993,-0.03404534651483593,-0.010884699093960615,-0.02530993696672934,-0.013459104854677717,-0.020274581914254908,-0.0037178089726944696,-0.0005711044667183751,-0.009713817114216483
2018-07-11,0.016765869044252035,0.01712765818028328,0.001044886424844016,-0.0029886279212688605,0.017824154887489785,0.023715114321803732,0.029650121139320307,0.01415089646441925,-0.1374466950290889,0.01594251779027056,0.0031381247360338094,,-0.013044815332043602,0.010345822422109352,0.007496655431946442,0.01485138406084019,0.008835046349799702,0.019450010841284282,0.013157926168376743,0.002983430906666973,0.004484336247917442,-0.004383952293705473,-0.002840906397000853,-0.00036550543343383257,0.01112197478823762,0.020783764560393436,0.02543829097382999,0.006912840183549429,0.004461687509256684,0.01667714901442907,0.022461055703274502,0.04121216677043571,0.012040815500790947,0.004323607589428402,0.01913344754434032,0.015418232922795205,0.021951494994035814,0.021625464007786643,0.008928576302078106,0.01227812789155247,0.021670876576716624,0.0004751326919718579,-0.012301521167992546,,0.033229894305083274,0.010283873345921402,0.01494753850822228,0.010705559363494377,0.008330938810770405,0.05825248898587154,0.017801190799033417,0.00334040077911002,0.019779117982273275,0.0,0.005547846587139915,0.01926782216954992,-0.00451866118672839,0.011057349306114572,-0.007054158152785206,0.009196473401867689,0.011217083200882882,0.0013349304997878342,0.005734803925244947,0.01862756338465954,-0.0007133830285300791
2018-07-12,0.0015706336802827625,0.010668048138395392,-0.006889232316085403,0.005495588330305168,-0.017512017966856086,0.009133768896724348,-0.0007021982438369934,0.0036936289753346507,-0.035813076777574726,0.013755975435666423,-0.007647098597773794,,-0.005519100662789267,0.0023586472863750263,0.000829032868671753,-0.0032520308500936235,-0.022040529068450332,0.009539689651846261,-0.018784379280831986,0.01762204638082232,0.0035714534003927767,-0.022869137551077223,0.0028490001397227793,-0.011700171494002154,-0.004647788305193523,-0.002834499079846897,0.002630620421708585,-0.003564923274545717,0.00942216159214082,-0.002313156587559706,-0.002483261834582695,-0.0012571498325892883,-0.014323743796089694,-0.004585810681651092,0.009150216681286683,0.008997771084826134,0.016150447659769807,0.0019330929837049204,-0.0035398558383237244,0.003670622633765941,0.011901180580664361,0.006113015810049527,-0.042805240831487845,,-0.0012413940390503253,0.00037724497057900486,-0.007602596754501589,0.009968733983532596,0.0002668148666375991,-0.05963307819265162,0.0012001162177623925,0.003302281185826317,0.016961215281476427,-0.013157897095553817,-0.0025615956296930475,0.028355386705730012,-0.009660235911590043,0.01435406948081197,0.006820076610119186,0.012329232978918192,0.008844225796363236,0.0,0.010349311375741577,0.012509091120740834,-0.011957696145369567
2018-07-13,-0.0021950500286089802,-0.003932079151968582,-0.008408696095691837,-0.02964553999454067,0.019053439288285734,0.0052177800587500656,0.004468189041621162,-0.019217713088814925,0.0039021084146906304,0.015137377553963605,0.04308278420621581,,-0.011830046671796657,0.013056667956622858,-0.006172736573054616,-0.048939737132523975,0.0367169564192813,-0.018969977750594724,-0.0016547314835000382,-0.015928753191045697,0.08007115177904467,-0.009521756522429259,-0.04403408301978806,-0.0009249546890044424,-0.0064334853856202745,-0.0015511749525191076,-0.006567535074031294,0.02221635095861152,0.008756379366890998,0.0012649038169196825,-0.004021574434618147,-0.011976988370040353,-0.00984681825802336,0.03967659680504987,0.004567020629961949,-0.00713440503333429,0.0021357995972695054,-0.00043408820817780747,-0.006039101559642934,-0.004770286885824371,-0.004932142306165899,-0.00011786909682720559,0.011824115285196335,,-0.004351894590672201,-0.006218612572788551,-0.004492408663075542,0.00041284197164914715,-0.003996885092489411,-0.019512176967531936,-0.0006850948495706888,-0.007860946554438586,-0.004092340131830907,0.01206346542116199,0.008692378972710246,0.0,-0.017628024807003984,0.0020215453276770656,-0.027503397391944295,0.0005295352676764065,-0.00921261819957031,0.014666835769629794,-0.006648332300940529,0.003988926430488204,0.02944352562897601
2018-07-16,0.002828645669702201,-0.008727136311853623,0.011659850068037159,0.013995380658950785,0.017491008254632234,0.011764193682617163,0.021291574429525006,0.03807668008101417,0.024895837835451573,0.002190402422335813,0.007722995429242818,,0.01596203892022552,0.005523644488496737,0.0018254234349486254,-0.025728945463612707,-0.0015842103835967958,0.0063006847352360396,0.011599912214041996,0.00890983770907905,-0.022240414474539838,0.012695391673082534,-0.01485882679779471,-0.004813892420165944,0.004281886586789074,-0.0007763629398294114,0.01384867592251915,-0.0018144396199617496,0.0028640106620219097,-0.009684342127066925,-0.004999077648215167,0.011041253780862403,0.03544776374155467,-0.0007234699242729681,0.013839833714433869,0.005613888484104379,-0.004857809366807131,0.013318611065492592,0.01715506801256006,-0.0009589382682172465,0.009913177816026852,0.004188826524436529,-0.05243703696859592,,0.002716264060921736,-0.0007582695052167354,0.022119830976828903,0.0090795693850787,0.007222712474671322,-0.014925358971198954,0.009597664883276735,0.0018641458735630945,0.013412744773480645,-0.04830611821577224,0.03564427018356797,0.009191176212782759,-0.02727657616989454,0.015467417463399524,0.040599864560402654,0.006615687606047693,0.0016502689633275391,-0.0019711093176517647,-0.026033174911761714,0.007559844983772157,-0.007545066989958715
2018-07-17,-0.0054848602800322555,-0.010586001158264802,-0.008591571331203696,0.012960941623065825,-0.0011855635310437096,-0.0005477318654328878,0.06635986758791579,-0.002945028116413728,0.0022560072055120006,0.009386950083484225,0.0039986282458146505,,-0.004800497205155296,0.009944218463142862,0.011824717541857321,-0.00528178585637018,0.007209984824290583,0.01561744273749599,0.003510755812884625,0.013614951976706147,0.01769150721284407,0.008768117126501496,0.009049764968910745,0.0046511627906977715,0.016171165744575333,-0.0010363075288879475,-0.00014026858771221118,0.0009521296244103805,0.004569456623914059,0.008290870935088401,-0.0005795179135897888,0.007884969860119773,-0.010146215365914202,0.009321376332888098,0.0033632062185096068,0.005135596016965671,0.0071494389145214665,-0.0030002744099837386,-0.0007026398745482165,0.006557344602337922,-0.007833768050131251,-0.004641570058691258,-0.011463090332867187,,0.00781439238132875,-0.007590229368113377,-0.007844768251025314,-0.005316896882489819,0.00026612168351269894,0.005050500185316276,-0.002546427218519609,0.001505289701007051,0.00749760715255765,-0.0006592108656257034,0.025340575955135503,-0.010929003135556004,0.001599456381082831,0.04635760209146467,0.0035947868010812734,0.00972651502619537,-0.005240473882385133,0.013824767839480057,0.020496018346412237,-0.007996010101102957,0.000176800646909836
2018-07-18,0.007773129322351968,-0.047139826277871055,-0.0012684387308112832,0.004154161512711196,-0.008308682126264677,-0.016251439318926697,-0.012115660068139467,0.006176142101768978,0.007615673432579184,-0.013602595601275858,-0.015266951546906715,,-0.006432055818082372,-0.0011157970577279075,-0.011666780888151429,-0.012389080083065274,-0.012312071540472425,-0.0059890904486764596,-0.0018654142773758542,0.0006536934117071791,-0.00496674305376632,0.007830104777436286,0.04932734243400927,-0.002222202442310528,-0.005526148687623578,-0.0009076435608540434,-0.011385737300455445,-0.0069624810034429885,-0.0054670568279373555,-0.006114205779337634,0.00502693375175145,-0.012540006954338101,-0.014554106599703132,-0.014704632844555476,-0.01064735752483792,-0.006664377947546929,-0.0005317588575707299,-0.006066058199987512,-0.008438912179117852,-0.00683230644578714,-0.006849204472985648,0.004898873854707331,-0.029056597403569362,,0.001390179560133431,-0.005735951549648233,0.0013113063260714597,-0.004111884034936675,-0.007966251890226594,0.015075362435176265,0.00935994683215502,0.004808780419007341,-0.010099498848037958,0.019129285275192975,-0.024714301325225452,0.0,0.0028237247743947425,0.008227855245036553,-0.011177999356501767,0.03644890304674697,0.008278015484898926,-0.004545362257071139,-0.009748536961721732,-0.0055761593242293905,-0.0042424654552003505
2018-07-19,-0.0022932059800215843,-0.011562106995091859,-0.0027514868410570825,-0.01820297085380007,-0.012567270854478507,0.000402643441726136,0.021137263009808782,0.00400314134761115,-0.00019025356870583376,-0.001210009131285772,0.015503644943052786,,0.0008830675950044498,0.0016754799588361013,-0.0041790974609777765,0.012544494834167308,0.003333861351390466,-0.01864862644664045,0.005607025571729318,-0.01458414482250936,0.0008318624740413227,-0.022309590204213636,-0.03703700181639635,-0.00742393314679457,0.004784977330495099,0.00415310126053936,-0.0010173845806734638,0.008970883340102542,-0.00026379307446089406,0.0050911825502619745,-0.0013466855985965198,-0.008651662127580173,-0.000714565164865566,0.012648917910140112,0.002457940016538984,-0.010735208227159121,0.009230161389528702,0.00889041556621617,0.004255405467448403,0.0001600140994166832,0.01791167496721302,-0.0016445036317614958,-0.008730768759469876,,-0.0007097801658441094,0.008653753661676422,-0.004523214955899912,0.0016515445737403933,-0.0008029533239142239,-0.029702942250534492,-0.011802326804535745,-0.0017129739711169156,-0.0007671659644977735,-0.06925564453292454,-0.013804851257713135,-0.011970492086821438,-0.0013469505186797237,-0.032642840414429886,-0.020766382110007697,0.023109725641520473,-0.0019404867541962245,0.0032615003786393704,-0.0009093793305922082,-0.015101050935147242,0.0014200124265768554
2018-07-20,0.0008882802352196961,0.005511543448360801,0.0023348318155840264,-0.003876840283824401,0.00969696044921875,-0.006450891550111915,0.004412809909606352,-0.0087718773452099,0.0303808118226232,-0.004592884085158122,0.020577603211408668,,-0.005438931053569296,-0.001616867625886198,0.011396410896603149,-0.012389080083065274,0.014301948352651417,-0.003947100968576089,0.005344163461203033,-0.008026020050347915,0.012468824343333518,-0.011955929643154728,-0.005917224457964498,-0.016080789411233476,-0.010497600203411617,0.00012945175992040703,0.010952694393516538,0.008934532506646775,-0.002419530764991018,0.0086536060629403,0.007705624666851207,0.005979326669814711,0.006197652184232849,0.01860164820414867,-0.004771670840472697,0.00463487056924361,-0.013082922085735804,0.004620371726211214,0.00211849412451115,0.0027192365725270395,0.015997177725743272,-0.006706950710317572,0.004459196790941977,,-0.022411918917228157,-0.010295636390680984,-0.005899004219585557,0.0030912538525009747,-0.003214547633493381,0.0,0.008019093554745949,-0.002451639457519361,-0.006832272885485602,0.011126553973489273,0.008820743952533183,0.006523736517551892,-0.001716346056255924,-0.00454248510819899,-0.03310157507722111,0.00024519654155374937,-0.005085713640202161,0.009102872452176225,0.00015839842024711892,-0.004847805185683285,0.028186476148029493
2018-07-23,0.007254421040066461,0.0239371609729766,0.001481759585192588,0.006430320977656834,-0.02821124355697402,0.01511653201758878,-0.032068101917822944,-0.016626514651649327,0.002860899918140758,0.014153405281971843,0.0026018993207770347,,0.0020690737925586067,0.04107444574461594,0.0007474850508459863,0.021505295427185267,0.01224901495903219,0.012401300559898853,0.00600899383956377,0.006457731260677502,0.008210148695240838,0.03180116222887297,-0.014880938653975218,0.008171803761007457,0.018216496830723017,0.003489005644276677,0.038934727045355055,0.00906898727839578,0.0008818337964109357,0.012973199315375217,-0.002485332582983779,0.006443930662101582,0.021559106307632803,0.007057818420573847,0.005327237258946793,0.05029240212909625,0.013319321642013993,0.01782738567016362,0.022551243471835347,0.011644413569166678,-0.0028713215985504137,0.008174089796199047,-0.014724546787737824,,-0.0015788252546844461,0.011365945235564112,-0.0028065778473139735,0.0,0.013168310221832291,-0.02551024007777314,-0.003893209224645533,0.017913166258999524,0.037643616801752655,0.013755145102465782,0.0047518841554337055,-0.008333347461841778,-0.016457772983715202,0.02542368877243084,-0.01903033212777827,-0.00859108245684892,0.007216409563393755,0.03414937537086882,0.004035704189929268,-0.009402902834769189,0.006034471309311895
2018-07-24,0.009430024750923582,0.017259965409533118,-0.001268504601053655,-0.00016830656070232486,-0.008647392982017554,0.01878920500125658,0.02466075619832986,0.004090579039241371,0.03970728440950366,-0.006559019403942767,0.007784621571232053,,0.004277506649061902,0.029476425121555794,0.007074122767382063,0.008772087661029104,0.009146237852112105,0.01819231097768048,0.01768840207219835,0.0016227477141170787,-0.008143291064730773,0.010583658044022393,-0.021148016451026264,0.018661671870019214,0.03405332915132275,0.016355321129855716,0.0141397664231524,0.003433965103956549,0.0016301370469617993,0.0018590612524738148,0.00479109624943419,0.028190848313395245,-0.0057205511424979205,0.0090231564526988,0.002517125493272765,0.032994414708358955,0.005549315691455892,0.013183042508064124,0.011371302678974349,0.016871997447718057,0.02944475308885286,-0.014453025143448595,0.015532305198427299,,-0.06537631472786642,0.008761983300690668,0.012705501118788654,0.0057534423004561575,0.00769248929770483,0.026178048376628515,0.009685820502953968,0.004614125489575516,0.0037993204822424076,0.02510175653354252,0.00151359148709318,0.0802987730779392,0.005119532560411422,-0.04068654852341136,0.03802573929879505,0.012379532397182702,-0.00029884575142102854,0.0006230849857720155,0.004334751048853613,0.011036096877253376,-0.0020564426320457407
2018-07-25,-0.0031315508753098076,0.008806075206546415,0.009949189279829351,0.02505459932853782,0.1433022588000079,-0.029839878546057075,-0.010594952465286966,0.021184106077179576,-0.012346587553377475,0.009552399266717249,-0.004184280116800609,-0.15959999084472654,0.005727407445068611,-0.10184195530676954,-0.014400199498821431,-0.00869580727730912,-0.005298504354834921,0.014948704766581722,0.021896211201564153,0.013180008433363088,0.0016420474966722942,0.009976976440756014,-0.04629632559441832,-0.006846830871827692,-0.014598474796905236,-0.009629973267538894,0.007492474487412082,0.0017745009144138901,0.016846334639925686,-0.009484420989777309,-0.005149471533814842,-0.02046581497453992,0.012906280398016667,-0.0028649230688545524,0.01248686545979183,-0.012963077566925718,-0.0043776428682194,-0.1896091745708789,0.017717343759763526,-0.007443207348715175,-0.01091769463954817,0.0024444018140845625,0.00060626009009912,,-0.0006431061911806868,0.014727951893140911,0.011791876124571443,-0.0016346865924776743,0.004474688693152595,-0.015306168375089801,0.07000995777391772,-0.0024031616195103744,0.00808917527321662,0.00794175303015665,-0.00547807553453028,-0.050129607392797815,0.008075594838568012,-0.02650765859243487,-0.006769469139103035,-0.0017119568130128382,0.014183652922326262,0.0006225406146762591,0.008396704549208156,-0.005316455259238073,0.001373840973849294
2018-07-26,-0.016631109463851823,-0.035980500373740565,-0.002096106524342667,0.00032783034687966506,0.03215259620286903,0.005127223105519718,-0.015462789481491823,-0.04135639277342096,-0.009544034152499936,0.003701433901926121,0.003878733100598497,0.07567825489131419,-0.006863304539184156,-0.012589187390009582,-0.004335724953609232,0.008772087661029104,0.0049058980703959865,-0.00014043013959663675,-0.017008946435717154,0.009883936938285043,0.018032822923534697,-0.013522027921060054,-0.09546920584775209,-0.037637352561625814,-0.009127796049642978,-0.017272182090523502,-0.0253675576725938,0.0022351951496417666,0.0023791592974631293,0.0035384817402976942,-0.08588967136453174,-0.014706969490037802,0.009748049420843286,0.010274027484354908,0.004110609449302638,0.014918862436627656,0.003560705176308021,-0.007772676224052977,-0.0030130992556792746,-0.008123685283623727,-0.017697570492664072,-0.007017223744904544,-0.021702559710432223,,0.021469006345698816,0.0007441594645800631,-0.011065950531261914,-0.004910777093924512,0.006551600056457829,0.010362746465985007,-0.01399803281932066,-0.016033683861485848,-0.00964387935735811,-0.04070912043297692,-0.0018992128753168025,-0.018198361894736115,-0.0313038462273586,0.013614756205066803,-0.030882068378310756,0.015433266769671272,-0.013249085160874863,0.004356088917130574,-0.004085519396896609,-0.021436226294086258,0.005488067636918226
2018-07-27,-0.005602791070971502,0.009827925982432095,-0.00546065976299781,-0.011643012411284626,0.02534316413419324,-0.020938043492589764,0.00562600292479476,0.007906885187607626,0.018729135157110166,-0.026590797455775528,0.008048634167922453,0.05530973357969082,0.0023528220748243456,-0.026263227384560106,-0.005448363367187792,-0.027826389408144192,0.008369548414288941,-0.019710742593522346,-0.012359469000283396,-0.012593726127185345,0.02979069100224252,-0.018465517487255556,0.016100120446162602,-0.0015489221431019828,-0.012031302751277395,-0.006379480071277643,-0.018237745870776978,0.005512614272442207,-0.016139636013936864,-0.0008294303014255711,0.00020988160230572817,-0.03122051968927686,0.0047132913161329615,0.00603326642628943,-0.022679747190149535,0.014699913204262005,-0.012280307148980762,-0.02189935128600551,-0.0030220588299983975,0.020790718379078088,-0.021452535768191172,-0.004491256423809542,-0.05700857326928288,,-0.02260918395821776,-0.010040656404308734,-0.03130686634750546,-0.018507063739616525,0.0046862426608649255,-0.020512861581634567,-0.01036836251362927,0.010636634288887059,-0.01062946478017146,-0.05201911656857394,-0.023406241054971244,-0.01760891101955364,-0.014503595081160503,-0.022834126578133995,-0.023588372374675926,-0.00868486419291925,-0.005817986397908648,0.010532756109045138,-0.008243757180599554,0.013480487990420231,-0.0023879799153687653
2018-07-30,0.0020010829049141865,0.008528967133893062,0.019218615139687367,0.04562816440955486,-0.056127711035308225,-0.0010004034202905077,-0.0023310788928604387,0.013074551339963492,-0.015187596174115137,0.014926219707096955,-0.0137337164958935,-0.033543024386311626,0.014082235409118127,0.00877935116493167,0.005158414180248538,0.019678154109931345,-0.005533432823754292,0.028980407921163298,0.010694137939301296,0.04081358376365696,0.021110133296896372,0.04768422399136618,0.04753520934621003,0.015125049135401802,0.01783382315913462,0.01978551269235518,-0.0022925885581825955,-0.006361288777697149,0.022194068418937896,0.005189787709099392,0.008596941377595924,0.010318065656413467,0.002648173134114362,-0.015249031259179868,0.0968149174810411,0.008059846521178526,0.018712216922269098,0.00888567321619238,0.01414613154050648,0.01635525136483551,0.006738257821368165,0.007879840795302906,0.007433740188081295,,0.01919792309574908,0.018219538736251373,0.0029902198017510706,-0.0010474130903344037,0.03472402115232809,0.047120437147337935,0.033043021468453615,-0.009421060340055964,0.019834809118766783,0.02093862482783937,-0.005066288188580015,0.004716981132075526,0.025432283869331274,0.04054983813426971,0.027466588287701876,0.0029201721648783874,0.0244596285905736,0.0067443675292271354,-0.00244257637649814,0.003611999136717614,-0.020516332495089995
2018-07-31,0.05890997359177308,0.018215739957007093,-0.0031083261190902878,-0.02269138129956294,0.008183285278483776,0.011100188511422582,-0.0004203858110349845,0.01657385152271762,-0.02241061812347811,-0.009935374900330363,0.011981971669915659,0.01952281031818548,-0.0452769075930235,0.028979880320930684,-0.04636399694812876,0.0,0.0005563530779224557,-0.03657861333493251,-0.006528404155157763,-0.021637354438042378,-0.008422557599065517,-0.01989060110380858,-0.06050414591890696,0.01967531277968071,-0.018772549878148914,0.0008992978576694011,0.0047016456449258115,-0.005854232790168834,-0.015275831313147581,-0.020859167510975052,0.014760934932915859,0.015938902390470577,0.0009052084963117046,0.00617641231413435,-0.006183971021069601,-0.0011134081836876586,-0.0035878992142189814,-0.005388724090607644,-0.019262621444618322,-0.0057686764886275554,0.0018852225612773221,0.0021491456318669666,0.0027560326649784805,,0.0013641092739948846,0.0031356437114471447,0.006574857828632208,-0.00692123287425539,0.008514858141482895,-0.019999980926513672,0.004056850771248843,0.008206272950347815,-0.006188331259404545,0.012729798241233103,-0.0035251367438901005,0.05633802816901401,-0.03487332201318927,-0.027080633539565913,0.009056163722604094,0.012132987624346114,-0.011278997597037987,-0.0024360258349969133,0.0005923972848433934,0.016109637339428495,0.006283804205513777
2018-08-01,0.029230975723041785,0.012884256665104177,0.02556627198417427,-0.002435239414352197,0.016774966502704824,0.020676972776122904,0.008928855900033561,0.013229959101226152,-0.002075573046888768,-0.008589386071156557,0.0009600640405269534,0.042553191489361764,0.005454576222935437,0.011248024020951375,-0.008634990620951077,-0.024561584677587067,-0.0012510983728950542,-0.003825931186017262,0.12168557641015698,0.0005008757664204389,-0.03166028144309585,0.0012682561694425942,0.019677934467733804,0.003934040469663724,-0.005459151059124756,-0.0034663058115799172,0.0066017737950563316,-0.008684963902930942,0.04910902689030672,-0.016874047637122858,0.013726864044331988,0.010865957939365734,-0.01047935513767162,0.0042369112256970265,-0.0029889806211816916,0.007801512620306372,-0.008955491132825344,0.027497692100389326,0.018963703769095952,-0.004122782090624111,0.012137971733860109,0.009231525966673537,0.018086160207133162,,-0.007344274781214355,0.060684196686253244,0.016838215644682242,0.011615362255052775,-0.007012448690114859,0.01530610755402484,0.0065268125085058415,0.0699942954509265,-0.005782142855990546,0.03142463495317682,-0.014740782218202075,0.0008888753255207327,0.0001302928968709427,-0.008825469436970823,0.1618801307070199,-0.003835902217626308,0.0008890972494501881,-0.015262532579209287,0.010695682108951665,0.00011246569410294782,0.011101548340842093
2018-08-02,0.002892999046820277,0.014823454621557097,0.012363103656617191,0.01806636883642998,-0.015965999456725388,-0.006018567620502124,-0.0048187789246012525,-0.010551346016589691,0.006748188917154341,-0.0036885147064610324,0.007352941716356032,0.09387751988002235,-0.004068975717732015,-0.010691809556555243,0.014916528162698839,-0.03237402090221231,0.014007537853564234,0.0036231674173980988,-0.008686895166673536,0.013019513321633092,-0.003189814670284341,0.008937986599394154,-0.059649067917173504,-0.013995148308723837,-0.004360216585921894,0.0038646942090545533,-0.0023928394433058164,0.0004272717690962935,-0.019936962540952785,0.01244348060295608,0.003031429278319342,0.0013412765581222175,0.005333399635984115,0.008092626841465389,-0.006485570020456133,0.011159116426078697,-0.004565417504435065,0.007994709721792947,0.011963986430115092,0.01088613052717502,0.004369224895933943,0.01003261338381356,-0.004092965222252887,,-0.004821420266804655,0.0012135584682899658,0.005905204495685101,0.011900115831328995,0.02244674983893291,-0.020100483246901613,0.009726877423197111,-0.005340050354441406,-0.001715134125003015,-0.06296548925879941,0.003191699343346288,-0.13943159112786774,0.02712913166707187,0.01917806340105077,-0.003919521066382159,0.0033696349018612626,-0.008288854268182155,0.002479822926287678,0.004451991561279733,-0.01883189676209851,0.009263961572051338
2018-08-03,0.00519248562164365,0.005490566681225495,0.002202356238945491,0.0007993374453449942,0.05083832048099435,0.013415305387102894,-0.0056337235548367115,0.01386298269880637,-0.003948250133556597,-0.0053668910378615875,0.00031735642245878104,0.04253736303919786,0.0021185919889876725,-0.008831754169868367,0.0021974598707754645,-0.0315982559848641,0.000138149240885177,0.007003242826924216,0.0006116756305321047,0.001695026111329767,0.0016000975890824165,0.0039757229741310685,0.07462688160516184,0.013815282742775992,-0.002936526966337949,-0.000770015573900662,-0.00039588013778268927,0.00786016768906772,-0.010171151309063653,-0.016316820150472977,-0.0006081606918600935,-0.0034442643813870077,0.0005304746959986506,0.00025641893743721944,0.0016012464179637753,0.014118310735005357,-0.011324081695361587,0.04449324375758623,-0.011494074030202972,0.004398541579539117,0.0008331161694472566,-0.0008179817752278495,0.02282202889114382,,-0.006122720105722013,-0.005021322257872107,0.007655372595827714,0.004125864175351657,0.012333122545425734,0.010256400224333495,0.0050457842041038425,-0.012231611676362109,0.0003737408325674707,0.0050577813621721646,0.002187459960236504,0.024767817214512045,-0.004317329137330184,0.008736566763514642,-0.017749896605615545,-0.014871971411863694,-0.0007465392327646869,-0.014842209356342395,-0.0017882897121109798,0.002119917441328001,0.0010197916700973586
2018-08-06,-0.009374896519624198,-0.030909031427003075,0.0037955100815931786,0.021725237432380418,0.006690641210745252,0.00797189690599387,-4.6906104129718074e-05,0.009597730480746192,0.015487501960946837,0.012089931686845024,-0.00031725573931229434,-0.017537572002580215,0.00724729253144063,0.026174611848390983,0.00827355342649061,0.03262928446808977,0.00013826658315641005,0.020791421291100676,-0.007943439862029389,0.012195860611498466,0.00798701581950323,0.015215875440589777,0.019097161858724343,0.0005599921498558036,0.01426166742623236,0.006549225556028215,0.014680837562150328,0.00805333821769505,0.0005995643821254948,0.006893555236750837,0.008113653210379823,-0.005568403057031435,-0.0042416191821121885,0.003671467856201316,0.009161222758765408,-0.0005883124968842912,0.0015464931606437027,-0.01012453719063433,0.053156345713399666,0.005436547253251378,0.006935839521955867,-0.0022219457595337166,0.002593172396122778,,-0.0005754855131371306,-0.01461914179484769,0.011494822070919897,-0.0039034218701090584,-0.004873438298845678,-0.010152274434545583,-0.004412072824571345,0.0035125345883399994,0.004106255258336633,0.007908023835961897,0.00773806762934659,-0.05438067834765603,-0.015431578407797408,0.010659549964845638,0.10988623587715551,0.004139715591792603,0.0032861906319796574,0.003138656539598328,0.0034662355544787804,0.01486473495106222,-0.0011886385033490487
2018-08-07,0.000676117683370947,-0.0035080711265343956,-0.005572068072879133,-0.007348407235368226,0.0010225183184946474,0.012907476510019888,-0.002622174216827422,0.01224120888395741,-0.0038585616260544686,-0.008495897544094855,0.00920355491672864,0.02550086834736609,-0.013641012795624907,-2.85911609554379e-05,-0.0008410856372778053,-0.003717194037570204,0.006628921765914564,-0.01875277832140243,-0.0028736858982568725,-0.009402583365112016,-0.007923728871655933,-0.008965257128823123,-0.020442911055977397,0.016044787963320317,-0.005858750965222148,-0.018754502469800705,0.004371657668026607,-0.006138578577721265,0.004792104931092611,0.00877203541985172,0.005231217685750078,0.0026646459893131524,-0.002206293595848452,0.0020416374563512196,0.0021323383282858543,0.0032369156443345926,-0.0066163436033220835,0.007453329781459406,-0.005047281502169931,0.0016521003866962758,0.005602701526037146,-0.003223400876414928,-0.011994346315498672,,-0.0010500328325908637,0.004415402612683472,0.005721044857661006,-0.0018563881608156807,0.013957121256538363,0.035897400785167344,-0.004278519945823289,-0.04381496868441903,0.0016358714548521114,0.01925816656730861,-0.0057098853378435566,0.025559121266014673,-0.01593291797321228,0.0,-0.024316999264261008,0.01770130895596833,-0.0025307770461953094,0.008761008526131597,0.004502135325994416,-0.012449955064321894,0.0062905214187052305
2018-08-08,0.007864654913846358,0.018564043030918187,0.005403408955150013,-0.03606855789000207,-0.024514787748041722,0.006360983466085601,-0.017981271388308184,0.016467242043193497,-0.01312242808318842,-0.006790499227189883,-0.006289461708370747,-0.05079930104988195,-0.009270550799881927,-0.009111949712288903,-0.006056878600181337,0.04291010305781895,-0.01248446149944571,-0.008517690843384274,0.024294541102055422,-0.0014764372487335864,-0.009584816317293576,-0.03438965656897508,-0.01217394289763074,-0.00018359018915325986,-0.01311915756010773,0.01469257336745411,0.002481492786631234,-0.010957733905325728,0.007793332084382376,-0.003817608910515413,0.0036030400991213796,0.006566732884661253,0.0002288115658513057,-0.007725539650724089,0.0005474283283251058,-0.0007819863415929884,0.0012684399985618544,-0.011286421141089131,0.016486636515847808,-0.010346282900518644,0.0016439402308634499,0.0045270938787291826,0.00503435542911479,,-0.011933982047057312,0.020749032673260004,-0.007584443946970221,0.0030995578548493885,-0.009900935819724732,-0.05445545314048028,-0.0012278293268828122,-0.005691039291295774,-0.003489235841518501,0.0034989636716822314,0.007147224114068651,-0.02699902410302324,-0.00013134504546929993,0.004614350327763361,-0.04830689844604441,-0.003097854412670964,-0.01179094876969411,-0.006203558705333068,0.010741686847444587,-0.0014261266152185703,-0.0054460754220486685
2018-08-09,-0.0029785320807643734,0.0034564813502624414,-0.0073650139551300065,-0.03251658643416522,-0.002094288729237448,-0.006436593187619355,-0.025242726221655132,0.00987215236308936,-0.020085219816806665,-0.012539182363172419,-0.01297470065651185,0.034805401537228775,-0.02761175404745808,-0.011242415581154908,-0.010638138947374198,0.016100205172168147,-0.023895912499755534,-0.01876972756457851,-0.00964830310101139,-0.012181264866331643,-0.04677417104184478,-0.019881461846314674,0.005281727238559464,-0.030486681802619264,-0.0039469979159767465,-0.01678635615103219,-0.009450728856162938,-0.017837059857785276,0.005071013221980003,-0.012348297174966105,-0.025728180040949455,-0.003194948616422888,-0.003429946435159148,-0.00983927138904106,-0.007960170998971505,0.0005869695094842253,-0.008203621157099605,-0.015456732974083676,-0.017779166743848274,0.001060561602720611,-0.006109372615756836,0.0004681307572402815,-0.009989667254587498,,-0.00037763075628372,-0.01705403264859018,-0.006511681711209416,-0.0045321707485860285,-0.0017072738573301605,0.0,-0.00399520837284606,-0.009028888033020599,-0.008492026539150044,-0.07322176984394058,-0.002365556982245609,-0.01280679815715513,-0.008030562709217093,-0.03215221643551325,0.008625279557523235,-0.01935914338665934,-0.006948363299772442,-0.025592992201084908,-0.004702201117701699,-0.001313885881344734,-0.0066733362297926035
2018-08-10,0.006457037292198153,0.010229966108519006,-0.011028483486408391,-0.011653307559482795,0.035152156089570896,0.005248317917343259,0.003973011615457045,0.009650289938981205,-0.005418864394697631,-0.0030937041911232033,-0.022763776245815603,-0.10452077502784629,-0.027922148253011314,-0.006443123775737969,-0.0074330964790261245,0.0017608569770006799,-0.01565605832557393,-0.00662140049328408,-0.016440042916430087,-0.004205642606438076,-0.03130291115783723,-0.0010215818358684237,-0.059544684818991445,-0.006061748234031494,0.0001564961573925494,0.005734205122343683,-0.0030898533784423643,-0.011977083337623928,0.011309331562504799,-0.008622724379694802,-0.008187940041057495,-0.001266752979478869,-0.004053417429506823,-0.015899092044361685,-0.004348910866386224,0.0018585042801388951,0.001660864818526786,-0.0011650351255190206,-0.036519385990973374,0.009838110195985239,-0.007247637243952054,0.002165132499469369,-0.01318418070372318,,0.00240326675904301,-0.01822653563508303,0.0052197179465116594,-0.006415694000544758,-0.0029317406931307355,-0.01047119438535471,0.0003084959174561863,-0.006318038192322573,-0.006912021445252381,-0.006019557858215396,-0.009879453925646597,-0.008648681640625044,-0.027206576364789292,-0.01830511578058791,0.0025880310425296926,-0.007799383871346821,-0.005474929761180358,-0.01024988406155014,0.0021125335635627795,0.0013156144485939603,-0.007579932566967318
2018-08-13,0.0042131244916781,-0.00888640505011773,0.012570921678977331,0.00274105649039047,0.014698475532477051,0.012366845697121098,0.004445311611859237,0.0237090829194746,-0.017908254136615787,0.002305192319581373,0.010170805452621057,0.03029079131934531,0.005355257587889906,0.008333566908304002,0.0038286742950981445,0.005272436427015803,0.012290608429318839,-0.000740467232828057,-0.0033220256422311634,-0.005082238551769924,0.0034935686469852456,0.012709064748560595,-0.059590261013739876,-0.008766969477188025,0.009330667744751331,0.0018142435783079502,0.007608297083985027,0.011901722083477173,0.011474466351914847,0.0006525541237685228,-0.00681127280102245,0.016603829288534433,-0.005529359824169244,0.006673132530230275,0.014457161452442024,0.005526139675672503,0.01578212342319696,0.005887232008461973,0.009887883729932101,-0.0038970883439107817,0.012475740220247777,0.0037358539143217406,-0.01119217027558339,,0.006300819903739097,0.005890525895299703,0.02073254698482252,0.004582202848820938,-0.002450486318031131,0.0,0.009099504069230546,-0.0006003056696103348,0.0018153854327036534,-0.0037850257827763967,0.008381593776075835,-0.002180991874569771,0.005593481519094778,0.027624349782459534,-0.024606514038646665,0.00491282290832884,0.009787563101512964,0.006472581076317541,0.009850170432031735,0.0050270757422565815,0.007984985916968057
2018-08-14,0.002335876725712005,0.015950574785563276,-0.0033263747412131117,-0.017597642929617296,-0.01598400037499126,-0.019289990364543264,-0.041194322492919766,-0.012731939326008135,-0.003472449618491691,-0.021760811374545885,-0.01396603038915123,-0.10192082940579772,-0.002582586777920559,-0.008468421327473385,-0.013390400760000976,-0.06293707883767607,-0.01942601598855087,-0.02149425562852536,-0.018958455584092593,-0.0068349763262218755,-0.026109651727620364,-0.021276645569432984,-0.031683231327954586,-0.025187417820995872,-0.006817251179644712,-0.031949153717495515,-0.020601737126696218,-0.001350285518478933,-0.010563208322323048,-0.016297262987715277,-0.013715690728317687,-0.011776901036769871,0.007181709229704847,-0.008286100696074938,-0.012734822445176874,0.008688057425584761,-0.0027935323893055752,-0.008724012266144165,-0.03231080428882016,0.013692409503687886,-0.013560668106122664,0.004827289277760993,-0.032860266722489095,,-0.007997284021345918,-0.024134778876543583,-0.008988939240913374,-0.00808631526052972,0.0110535448731095,-0.01587300085546861,0.003820849947702154,-0.01190527224736515,-0.0050591645601879565,0.0075988132696971356,-0.005739173420091337,-0.018579201620133157,0.005697808330739518,-0.041666658655289734,-0.02574509095993638,-0.011243956500468721,-0.008784154603175276,-0.004501677409018412,-0.010892880765296264,-0.01665431022429975,-0.0013776361470008158
2018-08-15,0.014650003001594136,0.007901620482248628,0.014360859389585867,0.013565255451339686,-0.018781767761626766,0.002071577924933621,0.0036521235106001804,0.026160709048319797,0.010213742612230847,0.04286244147573859,0.011857972731405875,0.009602763632464262,0.01343268924919272,0.0064862392790572265,0.008049828543449156,0.02238797329929576,0.013255680013996463,0.03211597570619129,0.0042472773887900495,0.019704120907669376,0.0017872257188864538,0.012159367025084578,0.018404939682048038,0.0031558154833217777,0.0006761658865359621,0.010021338119671208,-0.0066221924290083,0.0163574283054968,0.015369747239409426,0.006924196117823245,-0.006110805565089472,0.0021615425804624167,0.015717370454508384,0.009410594125988991,0.006510955826689813,0.009967755656077548,0.025684590002164498,-0.02690339654610452,-0.0006742185625713271,0.021968416364078314,-0.00018564576287749546,0.011691748995053874,-0.01213235036312088,,0.0016468836241849694,0.0,-0.006330206684783901,0.005434794752416039,0.0063172547116217,0.05913979218231891,0.0012179672701133626,0.027385628600671508,0.01724512726044969,0.009803930029937957,0.017715023848315914,0.022271714165168488,0.013085294700315053,-0.01402523184116522,-0.0095662528859215,-0.0009892337490687853,0.011459521047646914,-0.001291974991478484,0.00955466278440431,0.01132951857726705,0.011553417160490964
2018-08-16,0.01997000185127118,0.006006881380203,0.007976357175473403,0.029684025048195117,0.022762572984700746,-0.002279290398177758,-0.0024763261230618117,0.011011348118986852,0.0027790839827654956,0.0012137999663126564,0.0006512595790892917,-0.040207454888481986,0.006706889110059233,0.006677772705308227,-0.0009693491865359061,0.0273723459282873,0.0015816091732054893,0.02260373052066611,0.0048636774746986244,0.018400442286212293,-0.0008920668562963918,0.023589321591995782,-0.04216868219732306,0.002752642311607545,0.0064430400222466044,-0.03532228454484254,-0.006707375165310503,0.0016309532349489952,0.011619059507724794,-0.0035491843015095226,-0.0014836443107913988,0.001946915490656398,0.015020916687175978,0.0,0.004882161875224833,0.011403153684438116,-0.0019332714367007453,-0.00515176373788262,0.0,0.003050202249118117,-0.0005574982291748354,0.0021742114412166558,-0.017553653202084907,,0.008219455657850094,0.017639722104741296,-0.0490209232435761,0.00540559520751116,0.016175797668829928,0.0,0.004561926920010118,0.006670667524575791,0.008476495508597415,-0.03136669645444701,-0.004498175391280168,-0.005446622912616883,0.005459748687552057,0.022759579322469303,-0.08928302310985059,-0.006928947574918132,0.006797254135648245,0.000647026233802972,-0.0029268252776419867,0.006401435037775016,0.0034096107643633022
2018-08-17,-0.009743499172793046,-0.011942135889690397,0.004352158610746448,0.005165978905566915,0.01062210822510079,-0.002927367006458015,0.010741243217089247,0.007695057611998735,-0.012185236789749143,0.012528881607429154,0.004228975227000609,0.009909878639362768,0.012373436063473076,-0.0032153868988343826,0.0029736779675242353,0.05861468534990277,0.012343822867864285,-0.00480828769168995,0.027146264886650506,0.014230758566205814,0.0017858232572798283,-0.00042651879709298957,0.04192868135531724,0.02588234695733771,0.0064029215469068035,-0.0076795827645349535,0.005017097255663794,0.01028389844080424,0.005419393838828501,0.002893963044311443,-0.012738714770160753,0.0008382276456058158,0.017922673055066785,-0.001306613331929829,0.0033402461002278727,0.0025579418090433403,-0.0031054814569621003,-0.007479912567118441,0.004387293208095722,0.016072924660915255,-0.006599712267804536,-0.00496662291800809,0.03456655504640871,,0.010563715886346081,-0.007684185745436167,0.012335478753728424,0.00124048647228725,0.005701950082704688,-0.010152274434545583,0.001513877184115442,0.001442766539112128,0.005206571639551072,0.07016189889567159,0.010215953685433377,0.029572802387657804,0.019202318886214043,0.06954102865380118,0.009623619556435647,-0.0007477024226828499,0.015003993394565818,0.004524631611689145,0.00026698840257965983,-0.0021012898304175742,0.002888225451837201
2018-08-20,-0.001949365425707117,0.0011265973681109376,-0.0005910195979283994,0.021551631631890444,0.021021025321151576,0.0035753524597155195,0.005012535248440253,0.01245297843504023,0.018333911293493044,0.008638927655345352,0.004859186848054975,0.12711866064992616,0.008843819841660716,-0.0024119804934392697,-0.001324665583548934,0.04362362420030785,0.010066494008971194,0.009519231273750428,-0.012087800935367765,0.007209379453761544,0.02852040512910614,0.023482163019159286,-0.012072423604111981,0.011659033140474229,0.00020511421217217496,0.013267205656008807,-0.0037153167644651264,0.012172309779070467,0.01958871135072293,0.000887805267609787,0.02408580057467047,0.007023818071174581,-0.011178030505891945,0.006107071003851106,0.005689370392822912,-0.007087575354352893,0.0005243445692884041,0.000695555425791472,-0.008064678241156864,-0.01425102359431707,-0.008327872559202976,-0.009581121284303773,0.031397777621287704,,0.002286158749121636,-0.010264690402244203,0.022111069914801273,-0.00020619723812265178,-0.004016191871925923,0.0,0.005894775749908598,0.010031942695785778,0.0062156738995091665,0.007204569666492189,-0.024309770061589187,0.007446776045129555,-0.012084133879583847,-0.0039011976053473507,0.043638852919460236,0.019701069984403574,0.01862542559137359,0.012226495119074254,-0.0027059510482566607,0.006544840091873949,-0.00118578821695281
2018-08-21,4.6548733713347445e-05,-0.0010229774979719775,-0.00473001418816521,-0.009412318557714516,0.0245098043798897,0.011404839643848641,0.001596135723140879,-0.007310248911430284,-0.014108456795068669,-0.010571899476118585,-0.0012897738260910785,0.06846060589226544,-0.013775741699943111,0.004952261166035088,0.006506155417908666,0.01768497073514541,-0.0016840666552930816,-0.002571877795475741,0.009125155948838115,-0.003303515727948847,0.006065806238311655,-0.008482157072133512,0.006110022554106864,-0.007179313544762533,-0.012720639414026236,0.0068189060661381085,0.0035649487420537085,0.0028911943215319535,-0.010138980556232413,0.0022174464805406746,-0.011969893413406707,0.011246510206472493,-0.0054674546156191495,-0.003035123308278709,-0.01474511332830597,-0.00038077191039431746,-0.007613996747735663,0.005909091678495404,-0.001354967048858069,-0.0018797466646486294,0.010190755641665161,-0.0053293310973691055,0.018993022338020582,,-0.003152475319299075,0.0014555507189932815,0.03750193730743856,0.008056069658341602,-0.002134555404949001,0.0,0.004357570137649036,0.00425308363578103,-0.020149886945359685,0.024320469507933984,0.015148274677019291,-0.004223800521376941,-0.005261002124064107,0.01109661094519332,-0.0008076457486387856,0.0002444558827678911,-0.006965896142787642,-0.0006356009834013188,-0.003630172036684476,0.004862606623225574,0.0035616675106473483
2018-08-22,0.002046025185515443,-0.005018103435992849,0.00019796554795847854,-0.012778540717331421,0.06650724030466848,-0.0010499879325082118,-0.006324563669714123,-0.012741133002949212,-0.009395562235315125,-0.007285069492550145,-0.0045190744574916675,0.0844444698757596,-0.004761820276920514,-0.00895703008721016,-0.01581511328485341,-0.042653862893773375,-0.004359030694453425,-0.02033928683091346,0.016440392228741052,-0.023340801493521468,-0.026701026817833484,-0.010027468832219055,-0.008097158176053498,-0.01864889736373565,-0.0046240350269896036,-0.006502199048462054,-0.0004829858460780878,-0.012534362997267956,-0.015383813107168742,-0.015711244631278598,-0.0014876177061393658,0.004130910830800083,0.003714711766573009,-0.0020875352766206445,-0.00989655146717594,-0.001999351822260409,-0.005933295002354733,-0.004261865466189452,-0.0016960068444614729,-0.0010138627362098473,0.004670143603427324,-0.00046589368646232643,-0.015300209717532542,,0.0011433795109794254,-0.0001815784695303746,0.015295430208666971,0.003278459277473722,0.0030900669769706735,0.030769200673000707,0.0002991727467576144,-0.002577781779058097,-0.004653198555462423,-0.05237430279213473,-0.014922228658506898,-0.0010605100771919895,-0.015073284531924358,-0.009038049820341065,-0.004787970396720964,-0.005379120740331089,-0.0018994273223806868,-0.013358745850728937,0.002607943219201214,-0.009565591585445898,-0.00929513504753221
2018-08-23,0.0031094098000752357,0.0025729194245633913,0.0037618267839727437,0.017590383358077055,0.07581868807962766,0.0013085721135976947,0.01723986381996423,0.010182342169947622,0.016586387166582783,0.00546785043234399,0.0016213297316691744,0.055669368939258224,0.0236042030390069,0.0012868814676572082,0.014985164772013393,0.009901045348129411,-0.001977244737704331,0.010381010938139035,0.009907111198766527,-0.0031111147680193962,0.00796475235327887,0.025357393176341336,0.00204076568368472,0.009889512104876985,0.0052195506406313985,0.003409046694062834,0.01276672649740962,-0.005204409415079714,0.0022667208257953764,0.0008993810500386168,0.014474233001798176,0.0080229000270291,0.006216882608725882,-0.00043568955605410853,0.007095415222337476,0.009063270618817842,0.003999510163520403,0.010121637179727916,0.007135552877560514,0.0010148916970826871,0.007809635936458781,0.006234124849426648,0.057935553356611935,,0.0056012946373174,0.0038159938668451687,0.02016213977021697,0.006127733528959789,0.004739138901769913,-0.004975119657066318,0.004337574612985229,-0.007542424517417046,0.005579995588497644,0.04347827309185015,0.007574390840662915,0.014331275448526526,0.0006761997826600918,0.024104226473228074,0.008497354291167936,0.013766358242163879,0.004831458632899244,0.005157984476417132,0.010940274521763493,0.004658516336361496,0.001194081740337305
2018-08-24,0.008234538949932979,0.006365581418372512,0.001577476728648497,0.0114155223500223,0.05337784449874672,0.0116984128662041,0.02763794111857454,0.004922622719732539,0.018994978838838383,0.012479273381490463,0.013596648474851092,-0.07182139515734609,0.00810209010245333,0.0010809033659910927,0.012774633375579159,0.04411758723248682,0.024338382745679565,0.027711108985104538,0.013613757834818108,0.021561669714866616,0.02985047276643904,0.00994771981447018,-0.024439895985400084,0.010176627508888592,0.014019383677882358,0.016714288191734816,0.01578328554694397,0.03185729572739193,0.012156359969575758,0.018194117138247812,0.014477542238448216,0.006832641782093196,-0.0009624531262436564,0.01770118355759953,0.007657590330127473,-0.006239918637935715,0.009493666079747998,0.0160892988578325,0.03306368998997988,-0.0007240302366193774,0.011070125509832884,-0.007179957340239129,0.016052622878126366,,0.007012452897634747,0.017378611270022937,0.013518501665371385,0.00142111085697616,-0.01933944926129394,-0.014999985694885254,0.0028293998964394884,0.03217923145651769,0.014996822276120314,-0.01341804960669013,0.01622143038292312,-0.012035599049180279,0.003919254984983356,-0.0019084405938867288,-0.010996885063753514,0.007031656934004982,0.008888096320426087,0.014111609128104607,0.01059469340556718,0.014024038892137991,0.00698576013177421
2018-08-27,0.008075648343156772,-0.007753394324289564,-0.0064983435944189205,-0.002257440542432154,-0.008313578381570097,0.0026663776936470818,-0.00910848187664759,-0.000466537398226885,0.006855618864603841,-0.007152115487051303,-0.0012776079060433654,0.029975555489517358,0.0007728829021604877,0.008257912084800312,-0.0005377334840398484,-0.009389840089044865,-0.0001380810190378945,-0.000281422141813481,0.0015798885995756962,0.00513792981172112,-0.015345191674299596,0.002052164989062355,0.04592907490205933,-0.01273525899771133,0.0016898494776698136,0.0014700445168451814,-0.00828646702515412,-0.0009480651329593082,-0.008938085540210805,-0.00926518698622314,0.004550148917906283,-0.000568573326774402,-0.004446954710399131,-0.004883697985155089,0.0010946416838133466,0.0006659164431082054,0.0,-0.006762099761488005,0.0071845975234956505,-0.005218412294861086,0.006021913266744727,-0.005249162179081446,0.010724637620502797,,0.0009328433271527103,0.003558808598215224,-0.00550929006244949,-0.013987508122823233,-0.001924167437919233,-0.005076137217272736,0.03623378580706027,0.004144668310265276,-0.0063532340562771905,-0.04151753132567482,-0.002530518817840166,0.013771137726167337,-0.0037691468521906524,-0.0044614210768837426,-0.02320917226401842,0.01974466101764283,0.002599706236311894,-0.001897709992297325,0.005354441306518298,0.008643696908657184,-0.0005072528424416856
2018-08-28,0.01492924301104015,0.0032902286770624123,-0.000991375196285449,-0.0014543023993702775,0.0059880850478024605,0.03377448472317157,0.0006287260839963338,0.00595101697072975,0.0026114754195327716,-0.0029042372505260206,-0.004157151795753711,-0.013536366458805515,0.008803052989459603,0.012907682316541491,0.003869052985500998,-0.020536851588266902,0.0020723200958077115,-0.000986077132385521,0.01833944174093416,-0.005940495650337163,0.00952378188033931,-0.0034811975207490464,0.03992011978605725,0.0217558932998152,-0.004651956189431372,0.009208934719375561,0.015081862187403594,-0.0007037317744876814,-0.006159926858998022,0.004007806884753551,0.003705969627854744,0.0166999601217801,0.004020157591184903,-0.003271885386163742,0.0,0.0014258995367291138,-6.214809509141883e-05,-0.002042502193443152,0.024319078957149465,0.002623041301500262,0.015962088393020712,0.0063738051282828945,-0.0012211503741713647,,-0.010985118851082332,0.019680579520987562,0.015534540493351567,0.005139877020603034,0.0,0.005102035851341613,-0.008311400903762589,0.04248179516487527,-0.006542891891906377,0.009708746161888326,0.0017564057430472513,0.005224660563682315,0.004324276019217921,0.010883487678582604,-0.021964997834462707,0.042031120270164424,0.002737401315000554,0.007604556383635996,0.0018249985955831605,0.022060074091221793,-0.0018624594726436294
2018-08-29,0.009193804638410352,-0.008096022152997762,-0.00039690579799989134,-0.029940160229530943,-0.012301641424825704,0.0021420801683240676,-0.007832897135706118,-0.002551922318054567,0.00772137456745825,-0.009394905520266117,-0.004174800868326667,-0.013722114022807652,-0.010103984824193724,0.007857367572593699,-0.02050632369587868,-0.03064540896047252,-0.014752551151203774,-0.019737526140563122,-0.0021299153183236275,-0.016329477496637934,-0.02058324082513263,-0.018288921497522925,-0.09596928912458003,-0.017147161346240947,-0.01129869140945472,0.00885987404930777,-0.008073348758179777,-0.008284696489121002,-0.020923954456668836,-0.01663316653786351,-0.01046164510263603,0.002093859194600034,0.0006672040901785081,-0.004924183249117919,-0.013300106241514453,0.0014241898432476585,-0.007616103213452963,0.009892094979359278,-0.008230445848761425,-0.003924010435525149,-0.0006250200127304595,0.0017588333915374843,0.007988227133894243,,0.005318129785219394,-0.007998425677799514,-0.0024418281237565953,-0.010431752295974706,0.0,-0.015228411651818319,-0.015318208508618869,0.004648079286035278,-0.007708362089430487,-0.031065093348629724,-0.015000936582929225,-0.004157940843798391,0.00040333900223554764,0.11146290560224781,-0.006098187840544389,-0.015183032185729695,-0.0034481441480141983,-0.008804853030790816,-0.002267623152547249,0.0063291039980653,-0.008480414608303288
2018-08-30,0.011554064759837557,-0.008368706285323824,0.00039706339476341945,-0.004671476320282086,0.011249525653341585,0.005158808357790701,-0.0007310103573139326,0.02290965542090273,0.010985231960925601,-0.011847777842455276,-0.0025797875511771595,0.04173915697180708,0.004948945865479448,0.0021262119996705575,0.007974536792279663,-0.01830241823241363,-0.003078561083341702,-0.0015101931741129393,0.008150596782933617,0.0016951818616388614,-0.014010416666666692,0.0033492414202778154,0.03821652375388074,-0.0015337043058175626,0.004622746756304474,-0.007340547905368977,-0.018047863502584582,-0.0066417812519190544,0.014482609580363404,-0.007442654589077002,0.003938622690542459,0.00870004091401344,-0.0019265414594590302,-0.005295399223495534,0.0002461421408839204,0.0016117703253697435,0.0017512779453974225,-0.010752159435305608,-0.0019152404862730066,0.0007298300455089723,0.0033945221776352508,-0.004272998027863628,-0.008895304872443388,,-0.0006693639898575077,-0.007361845840661352,0.0103307652366329,0.004134247349213638,0.00048200343850535177,0.015463902322123246,0.008365285352377683,-0.004308288890911172,-0.00671224653838054,0.0015266796570208019,0.004548970482252779,0.0010438253751106075,0.004976592002474467,0.029059843364828364,-0.004915032852453649,0.003221854439234395,-0.004901254432721158,-0.0063451048633453855,0.0002605719181727473,-0.008762053934894154,0.00034227196842340213
2018-08-31,0.0032069270984915743,-0.0147949722277545,-0.006348886244530227,-0.009386336226484104,0.11481920464395823,0.013315420436047276,-0.027163998817546275,-0.0005683881637523758,0.0018261341033787293,0.010093555526981213,0.006789606190811481,-0.04841404761277013,-0.019544520054429748,-0.019151854934232104,-0.006846590132732033,0.015254129362408664,0.0022460692228829515,-0.0043930999619470334,-0.001924924752097601,-0.012764155658674725,0.014209497649358305,-0.014603536055151634,0.0,-0.014784954506367298,-0.004084329677650933,-0.019014747529804477,-0.016634254664352643,-0.0006308560089454129,-0.004622167237962049,0.002045084031673916,-0.009704268793334636,-0.007089287700944968,-0.007201728269678576,0.004974482997850194,-0.0008616118625677238,-0.009749031401559471,0.004681508188186134,-0.026005761108283454,-0.014070861283336566,-0.0093311218251938,-0.005519486521736283,-0.0004116442754348304,-0.011096631004519297,,-0.002814136496311681,-0.0226028174240801,0.010759707927853857,0.0,-0.0036122931558414395,-0.010152274434545583,0.027757530759883853,-0.006933029260788537,0.0015183216584595538,-0.025914646002559993,0.01043523595532636,-0.0010427369398331443,-0.00026762990467410486,-0.014950086290102194,-0.04213355721254075,0.011697157762584176,0.006374231104814276,-0.0006386825098418925,0.000186342178681409,-0.0059110432427808,0.005471990794148951
2018-09-04,-0.006524922535955935,0.006662671497108086,-0.0049922617660101976,0.03587167962443094,0.016037090930298703,-0.021912171605654396,-0.021856739433003147,-0.0046639022298903265,0.00906885567446536,0.0012419221298696215,0.001284582480454599,-0.010175470720257707,0.004395143513622468,-0.000346086515819799,0.00517032232336101,-0.023372455132020353,-0.0032214888210014836,0.016999365022265733,-0.011764474544672332,0.017501093678160773,0.00437850378787874,0.022441739664001314,-0.05725966065770571,-0.0009745283652212722,0.007112466064691958,0.003230220610688894,-0.010079930855507513,-0.0004208107345561318,0.005054667334052354,-0.007256376734491643,-0.005004728232645417,-0.034728391613135456,0.016003535916571554,-0.004863302207772979,0.0019090489989606052,0.010514046029564739,-0.0018020665535126712,-0.023253156098657968,-0.009576487614642581,0.009860249189036718,-0.02882438714176072,0.009351186446023174,-0.061661181028574985,,-0.0030237628559472984,-0.009756118884394094,-0.018611434364145363,-0.011115840519422826,0.011602301542133153,-0.020512861581634567,0.013003504323750859,0.007451799476084542,0.006671537711978592,-0.010954569058968966,-0.015588717379872219,-0.012526143417640578,0.01365456812484278,0.007869554943431334,-0.028413192133419196,0.002493631324000267,0.005181974848284865,0.01405750773087111,-0.0032400173430138235,-0.0005454740388319834,0.0025509591429249134
2018-09-05,-0.016617384657861,-0.015232593931038041,-0.008428739667187934,-0.010617888936940822,-0.023500528618558447,-0.018302408612638987,-0.05468441609575292,0.14251429966517848,-0.024613563969382968,0.013239838885988231,-0.005801306255169059,0.017369787109865698,-0.010939364574966692,-0.015176023291973206,-0.006630103489513095,-0.008547162193510927,-0.014893596056241964,0.006970551898879185,-0.005659845668439356,-0.010741276526160082,-0.007846703783820796,0.0015184980999312092,-0.039045618213151556,-0.021654249551311677,0.006495931404166377,-0.022138530543220014,-0.012601031985547406,-0.01279682622288325,0.014555983346777879,-0.01096378868446568,-0.009639468421111186,0.00957668714429638,0.007434268817865464,-0.004275979895242532,-0.002932071043059814,-0.0033104510066267467,0.02358942770512984,-0.027814097656903236,-0.007538432937205908,0.011075722466956428,0.0023044446904145754,0.012819264464152269,0.015475698383768277,,0.016647012530630834,-0.001277013566613805,-0.02047249463435763,-0.006869189543864729,-0.0016724621395662886,-0.01047119438535471,-0.007476130228369571,-0.022140892539371126,0.0055734901852011465,-0.024525348987071927,-0.019991898816265508,-0.036997886431863525,0.013470567086125262,-0.03457896423205442,0.000748019836589231,-0.003844419301127,-0.0031502161876281187,-0.004410827190128641,0.010909185479955008,-0.017247986170562113,-0.017303053003840607
2018-09-06,-0.008068193870741869,0.004587240671245496,-0.0020237135191273348,-0.002146091902680003,-0.016523024040950962,-0.0031863848938521455,-0.019408937003846383,0.004601371199917548,0.07690872948288874,-0.005665116022557037,0.0003244388630192496,0.06550519549791312,0.006478088330663878,-0.004951082379848981,-0.0011016714225948743,-0.006896484561827121,-0.00670423770994244,-0.0017657108321740278,-0.00039273937834682915,0.0008515335075027775,-0.021968327892401107,0.017436369006763375,0.004514668555645196,-0.032701957217277644,-0.0027149182805026317,-0.009055966501980706,-0.005405486530820958,-0.002600874115698537,-0.009792941024755364,-0.011085665820220303,-0.01713927340783672,-0.007197363681276325,0.0032876471954801367,0.001928164956749745,-0.008296177741697885,0.015753716216784674,-0.0011550171625070993,0.0031376816921699913,-0.01122833677186097,0.004179598907645632,-0.00487410891941098,-0.009895592654783791,0.006407669648933467,,-0.0038783554510369855,0.0014613101890663671,-0.0031534512277576754,0.002096152164031251,0.010052466699671525,0.01587300085546861,0.00028425425461842124,-0.006307505687788262,-0.011309257328540934,-0.005677185341228963,0.013128698129851513,-0.06256857347655598,-0.005603485030476252,0.030618180415793228,-0.06303609176210712,0.01884244050444961,-0.006608979855747932,-0.008860658086795925,-0.005080341545636857,-0.0032213375241541,-0.009148777696963206
2018-09-07,-0.013420426402925512,-0.003716661746002159,0.007909298595847103,0.0033090878773796017,0.09167276500426147,-0.0066903325749549936,0.026538436569185198,0.05655680860217083,0.03452607252253648,-0.021243791413162127,-0.0012960754296791333,-0.05003272369073586,-0.011616940831079114,0.0017665423650750078,0.004899763706267324,-0.013888946234872024,-0.00014332095284252944,0.00516532858915264,0.010602989454722822,0.009785220493914615,-0.0017969575897021084,0.006637774567544552,-0.00674151331618722,-0.007214976009713325,0.005033198868980238,0.004015585646412356,-0.002148495742692602,-0.008550366135931187,0.008628174327317328,0.002101987509909309,-0.00322876434946362,0.007286726692055989,-0.0008010683831303211,-0.00533602818030543,0.0062431637774285065,-0.005699034921772705,-0.016985123539783875,0.006992214146438691,0.012023864840033927,-0.0015787539397864592,0.010812243408143685,-0.00040643379685356695,-0.0007743612258364063,,0.011380269866967607,0.008755967992482905,0.010556937931335275,0.021961635934077517,-0.0033174510270151947,-0.046874956344253316,0.027564370093011048,-0.0009609813447010174,0.012423386239395207,-0.025285514994233593,0.009170407836061711,-0.010538659365318392,0.0074700201573723035,-0.0134529018534425,0.08456157301917577,-0.005793285488943423,0.010268141944440368,-0.007663067512309607,-0.03186997020174098,-0.0010586863549000292,0.0010454510049153765
2018-09-10,0.025282523717846894,-0.006821508943043009,0.0010058564111223856,-0.007421197409146041,0.007025794449966316,0.0248270784425193,-0.01238778232479798,0.011591704085044174,-0.033498172381464464,0.009916308105783367,0.0009730028782195532,0.007228949994373179,0.004764693812382204,-0.007494453469415907,-0.005530240989997881,-0.01408423890056576,-0.0028720075334787154,-0.00014082761359479612,0.016708699559636164,0.004493633230550742,0.011701153645560014,-6.692436764521581e-05,0.011312152270284148,0.00602161371358334,0.0018906093715473915,-0.0038616081203104446,0.01270564390875717,-0.007330450502223362,-0.016382616391816485,-0.002330444486007499,-0.029589701305371086,0.008341338228040174,0.009474799086130803,0.006332001784621122,0.0008683403754463637,-0.007329630030389445,-0.0022295343886216124,0.010719917211834185,0.020791928081940192,-0.006900697551253221,0.017005117091264843,0.0006973776869669823,0.021583734965416435,,-0.003191503128049944,0.012115700979842492,-0.007025010239068541,0.0012280546382361646,0.00594357389782374,-0.038251393885527674,0.002627198309806511,-0.0032150112044750934,-0.00029932018037814867,0.06276150727789176,0.007111926645458455,0.018934893184864965,0.01886065766130307,0.011363571094088698,-0.021225884732538947,-0.0015689465455611673,0.0018605462912522075,-0.0038609601824390882,0.005043655084700838,-0.0037371607179120803,-0.0013923428248009406
2018-09-11,-0.012418937426822207,0.0006435954728352122,0.0028140657333357577,-0.017776819136387068,0.07009962379608115,0.00143423328566894,-0.04362764998683921,0.007359800097631153,-0.011438897888741861,0.023635258845321472,-0.01361405926436321,0.09056731366374104,0.0055329545710478545,0.006899575031217964,-0.0023773957834539727,0.016071450019114364,0.0155549899905425,0.015841891117648776,0.004777454654727231,-0.006850332147881,0.0,-0.005517719929685638,-0.013422806620974947,0.009287941297282165,0.0007141438384352661,0.024089612692045348,-0.01545374858270232,-0.008948353670333753,0.008409781947542827,0.0028030520181094865,0.0,0.005783287771996104,0.006136539184018908,-0.01179751096595505,0.002231826671174497,0.0031238789418193136,0.009465495407502855,-0.023743492691212453,0.006143142838562765,0.011291342014609462,0.0042247434226161396,0.002033178572815375,0.03938978130947235,,0.0018485397640455314,0.0053601045960138816,-0.016862454730119825,0.008585314161315027,0.002363476517751817,0.005681812794001706,-0.010481320292493379,-0.012418473072657865,0.002095652574027884,0.03149610852062956,-0.005296174294095679,0.005807201032068443,-0.004851436947433618,0.007865241741447981,0.039722289113205855,-0.013692356420296758,-0.003571913471117405,-0.0006457846993884742,0.00624443360684257,-0.0015116973939771627,-0.025095969968560117
2018-09-12,0.024155460102561088,0.033140648434496045,0.002205010721467282,-0.005581856396362772,-0.05371001525642083,-6.53290868404266e-05,0.03780570292416807,0.03061134996823145,0.024055110970342408,0.005800527629106211,-0.009530098211583682,-0.007207757547356475,0.0011002303930256474,0.0016174684437937348,-0.0021912405095957377,0.02987672613646497,-0.005105836243004425,0.008732831126747165,-0.02434406157228175,0.0013372095290968833,0.010676134327846976,0.007375383926193635,-0.07029477403756745,-0.01002048390954502,0.012079607301590967,0.009809466227040486,0.00899608332402635,0.0007890643671848441,0.012733200231548558,0.01583965375767349,0.014244149626759128,0.016849861823769574,0.003802960487723883,0.00389086383604198,0.011071346633641843,0.00575627934752454,0.0184456772602819,-0.003950668709796323,-0.014138922633050832,0.013884799761852529,0.010742042771401117,0.012173893048246676,-0.004865530757473424,0.757575840770488,-0.00039566894251141793,0.003198898681680662,0.011707989227923488,-0.007701871018921946,0.010374936726562645,-0.011299424374029976,0.03986089659068903,0.022706246429928578,0.012174140425730062,-0.0007633762282924783,-0.005718885673784646,0.010392627502734397,-0.004746754560874034,-0.020066923056559105,-0.003717242227533002,-0.011606750079442563,0.0020080740689907284,0.007110332519269846,0.010736143792433817,0.008523069999289756,-0.01680366402769473
2018-09-13,-0.011351077199000636,-0.006747946147842132,0.0007996855744913933,-0.005102862677944131,0.07349086981982444,-0.009890105002663963,0.012912435460381122,0.04549533007673756,0.003907925449205818,0.012209456008518416,0.00763120158834929,-0.06628789019066506,0.01020736012000123,-0.005578700955410465,0.015096457247798512,0.0699659933462955,0.005559862097116008,-0.004397370675135015,0.00487346641625952,0.006607458767086349,0.0035211512302466552,-0.007456378287254206,-0.017073096695716106,-0.004131393587478938,0.009770181682890788,-0.00998392053540631,-0.0035190426153008936,0.003985400441086195,0.015907408696092196,-0.001375647216462883,-0.000658144523800086,0.017071729607329278,-0.002858996155427951,-0.00017585074553649882,0.007646351710208776,-0.007599824280054346,0.01364416552308434,0.0059494599453384645,0.0035854247007127693,-0.005259230561556971,0.004074151831434669,-0.005440738754088681,-0.009751388248327997,-0.146551785089171,0.012952967827489559,-0.008503224780491592,0.018758433379636008,0.0059236358555159185,0.0025672000116025995,0.06857143129621224,0.006433187729879997,-0.01392962839646461,0.01682401789967236,0.003055764811822348,0.014677055918307591,-0.036571393694196375,-0.012116551803385556,-0.017064803092291747,0.019830074248618157,0.02256515274263471,0.010163292945735813,0.002567284320472041,-0.000678192374923059,-0.004725931839381414,-0.004909092940778792
2018-09-14,-0.026626284924882615,-0.003239784091349285,-0.005195563678111914,0.010429184168030847,-0.008863108334600245,-0.03155027437226787,-0.006835188642939638,0.002660694815122211,-0.0063890025714227194,-0.010672531260813467,-0.0029632389188050112,-0.019607840608587335,0.004352709839652302,-0.01263729441317818,-0.010838944974992826,-0.017544056164876087,0.004819629187989616,0.009109763321220932,0.00775944439470222,0.009008762069475429,0.009649094764154764,0.008662781922930796,-0.034739478316511696,-0.009541570072769678,0.009575269611329817,-0.008176586885209725,-0.015407628834594012,-0.005889013074728777,0.018149351761352905,-0.00045956382539091845,-0.002635193352476195,-0.01708430741138023,0.0033691745987030064,0.0029955601311586477,0.010502995038515595,-0.0005674177082694021,0.010542009571546496,-0.010719590593022743,0.03897390842263748,0.006287556866002131,-0.010849595237081622,0.001209051867722355,-0.038978532597265025,-0.141414108330856,0.011973476093347868,0.03341099810852022,-0.009043775836834689,-0.001421399194389994,0.0011638249978169757,-0.02139035387755628,-0.02463699332732161,-0.014483569334856838,-0.00028999167412857574,-0.043412009890031134,-0.0164193048146688,-0.001186311979778032,0.029880068060140763,0.019097217048208215,-0.001219520705005639,-0.014636643381883419,0.004817839632146326,0.0025611122066684366,-0.0054276561380309785,-0.017931911924367716,-0.007674144138985484
2018-09-17,0.0016523575780218458,-0.028940370109801772,-0.003214218568584837,0.00016903309068094785,-0.01541782285830573,0.017305818361681213,0.019007307749989488,0.02576615428945117,0.02853094271196599,0.0214069140494364,-0.002312236988892602,0.03172414056186024,0.0029408080703234862,0.007446234441989663,0.0027603780591256566,0.0064938053764656,0.006772222301574482,0.01949116973680365,0.010586820922324769,0.0075433966627524995,0.006081710399190143,0.0,0.12082262620448114,0.037696319100744446,0.010769268560558043,0.01222832290445175,0.0062766999509003,0.004388117520254253,0.0019810255795071896,-0.005513243424008496,0.01497136592342585,0.011044506692330591,0.004143953805237244,0.00404049298110154,0.009492270812168968,0.011067932321639828,0.011433707307865859,-0.0017436600426994353,-0.015630103974285547,0.0,0.009541961126118936,-0.002415606146561111,0.04937917938550007,-0.09647060843075028,0.021253149802126448,0.009854653780960954,-0.010623290788907336,-0.003050116433382599,0.011625314642377926,0.043715804278675385,0.020207420253587793,0.004760833103263584,0.013211176749183817,0.02627387839817641,0.0059616994740008256,-0.0011876303770244068,0.001140285321549639,-0.015332223078116214,-0.03350969709584439,-0.004570203889532998,0.009166266453122907,0.003192690874056936,-0.002198120635703238,0.007508487158791821,0.0034985359275019334
2018-09-18,0.0005954480207188695,-0.017168461276213742,0.006448974193064672,0.014380063463435677,-0.02254936466713453,-0.007537144683164243,0.013292761600402159,-0.04473003862512237,0.008593035462572285,0.0045107428992832155,0.02615042809926038,-0.022393050621172805,0.006789894740270919,0.005995989568820637,0.024015580980791595,0.07419331521754113,0.03307145118219301,0.024753423573706135,0.012000229193976475,0.01889014303528347,0.03195158140417509,0.02247697054731912,-0.029816539096325756,0.0010090663537922762,-0.0029325186874401554,0.0028506920555360082,0.006134794642761898,0.029228023504320078,-0.023139658329116575,0.020790163311643628,0.001084619161766387,-0.014783427823443995,-0.0005690342664131931,0.02904660118572555,-0.014937620566919607,-0.010665893217214784,-0.011421293177101943,0.01721752765017759,0.00984445660194333,-0.006248270509857323,-0.013338147528248023,-0.024619541918231014,-0.0018767916574493615,0.10677085807158981,-0.016906632591990434,0.003594920700402904,0.003542508647408127,0.00815817944959929,-0.005745827281993243,-0.01047119438535471,-0.00883291318127477,-0.011922866652794739,0.006591161274340118,-0.010861159006506638,0.027064666783636948,-0.03091555911170618,0.0013922408349886783,-0.0023068578532494666,0.049340296066073375,0.010560334825911344,0.002236163837196381,0.016549939528252455,0.0077480196132566626,-0.002935800745296091,0.013211072164545534
2018-09-19,0.007601801284035314,0.018237493801592564,0.007809426493930571,0.019513103350931482,-0.0009611912905117537,0.009281436034859869,0.012906335704065519,-0.0544247688520757,0.012986313014043072,0.006133114846210264,0.006129053640113069,0.025982913807925945,0.014408518167231765,0.006874941863883821,0.007445181224366992,-0.0030030572910929587,0.014514615034612932,0.021209758045803495,0.0033878939302993683,0.016921923023232255,0.025104505955065637,0.011024511910906698,0.044917271007973936,0.01391133997244487,-0.005636939021401499,0.012859013181057533,0.014732702251863516,0.007725267793124324,-0.007856116689502812,0.013577845910146769,0.02275184154075216,0.008464025116908802,0.01082128539565641,0.00858691427032543,-0.017279342942718046,0.0031207645170479026,-0.018184612705415493,0.018152819776799056,0.016037830727649194,0.011431836495157333,0.016741278919810698,0.0005911720621158967,-0.004360144188407911,0.03294114505543422,-0.034746888560961975,-0.013647059418121166,-0.02095752470896317,0.020230837860744755,0.011326770088253557,0.021164001140624666,0.00729193077429402,0.009252034957648148,0.009608612314279119,0.007058835497089522,0.0015387090516456592,0.04907975460122693,0.018703001510407047,0.030057831254102663,-0.0023076098021079794,0.0034074319567700684,-0.012967110881931143,0.04257982518119796,0.0039953256815046245,0.02219704435710823,0.00597574849996696
2018-09-20,-0.010771307457522195,-0.00453107971425426,-0.00019863424054955559,-0.014559092026249831,-0.005131489603787731,-0.015064474134848682,-0.015979820596651595,-0.00997777367863062,0.01294252078188518,0.012981147485594313,-0.005129743675502341,0.03132290992630371,0.008310352113722441,0.012220178018614636,0.0009647067098736972,0.04969874494783588,-0.008557627944947077,0.002435819759702529,-0.00937908913684038,0.0011929689043139735,0.007347078943755969,-0.008178001185683681,-0.0045248824844553726,-0.006164274560498173,0.008873180669336511,0.009087159492984664,-0.016323112238883608,-0.008676883835528892,0.02263539759988986,0.0029022964517628758,-0.011440516195365014,-0.007858447770174193,0.006339041850621063,-0.006575172832898546,0.009960104815638138,0.002451166104647573,0.013598856030753614,-0.018612084015596442,0.0006189527282027818,0.004521064921151341,0.0060754229260306936,0.008802456677154513,-0.011413395689337746,-0.021640043981983603,0.017518153261291358,-0.009339008741555355,-0.010628054184522506,0.013285601385155665,0.00708575742844153,-0.015544027049267939,-0.012064972059500412,0.007824339996848728,0.00162119206807243,-0.02647976234792826,-0.004416971703487538,-0.003508807622898402,-0.02195756545796934,-0.0022446132920153072,0.0025810871734046614,-0.0024904464203173715,0.014550201924390382,-0.008408237550811215,0.0010511276243365675,-0.002437416524443181,-0.010080674277951118
2018-09-21,0.014380231229188967,0.012572753822841953,-0.013911039992003826,0.0026558897769926038,0.05125725754752364,0.010104372755515678,0.016133255033738303,-0.0016797340334491206,0.005441396503572893,-0.01139085507191584,-0.009345748269029008,0.04200320533165258,-0.007492632095337459,0.004661084897637835,-0.011361611679873374,0.002869599255217903,-0.004180576613067588,-0.01521930686187667,0.0,-0.012845950237055814,-0.0081036961825105,-0.008245544170912611,-0.04318183025052702,0.0050020008461331145,-0.008941543020473675,0.0014567242869378827,0.0063474604218929365,-0.010368091392457535,-0.006804472646371296,-0.006010699962195942,0.005357913066620146,0.02245095013280629,-0.01686714296255265,-0.009588257314070536,-0.012296539661899586,-0.006959416740948687,-0.00023730212670436401,0.015221283141407582,-0.010516429922721615,-0.004500716887909317,0.0035886013865198407,-0.011419332747737543,0.023311804480999232,-0.08381842307789666,-0.0018913637471703604,-0.006808849806522965,0.008540515376179947,0.0027398796240281076,-0.0029502448329012942,-0.01052630588288439,-0.0016281088527733134,-0.0002305776690919581,-0.01224616617244556,0.0008000183105467684,-0.005401472962458853,-0.004694764211404467,-0.008751729049743417,-0.044994438330368425,0.0019391058399589323,0.018837857412213,-0.006404849847610805,-0.006662818140401261,0.0025871743334868746,0.011605932455794887,-0.013275243797230551
2018-09-24,0.006341119647330418,0.0038535857934676176,0.000402856914956784,0.0016557166434514325,-0.001226645654052727,0.020776882772626015,-0.006580416192175864,0.020564562340702253,-0.007215681378059835,-0.0020652225170729732,-0.002277116065405149,0.05674424282340107,0.006039501214933463,-0.015474598833486564,-0.006181812845679202,0.008583633033765858,-0.004469133776186962,0.0005844614450267738,0.027457052942694293,-0.005768752674346955,-0.007352991849446711,-0.0017158617703472157,0.09738713627009155,-0.011546844946110801,0.003204490381500058,-0.008331341610326781,0.012148629518743181,-0.0017175669811816396,0.007244852609521679,0.002463418791414762,-0.021317435301332788,0.008642644319953652,-0.01302761642500705,-0.002827527075031311,0.015715423085511215,0.0010414662014794906,0.017655247677135888,-0.003022805244710769,0.01938096885817875,-0.0018364980099740968,-0.0019187683691685997,-0.011610853331470938,-0.00048693873035110524,-0.03684878857306695,0.027114670658007656,0.014413837812015107,0.010199440212320665,0.00936752574386035,-0.0031869357854014124,0.047872358301528806,-0.01141609705918989,-0.0003588990790435176,-0.004489253340794863,0.0007993787928755047,0.0011637796642947063,-0.03773590168014018,-0.0076776484650656895,-0.04534749579046571,0.004371346808820453,-0.016039051812336336,0.0131725630375088,-0.004268206030372368,-0.014399957346496572,0.002634878038994648,-0.0005527592395873082
2018-09-25,-0.007966519348375334,0.0042651490418419424,-0.005841999376720364,0.010909145013025201,-0.011667211288786783,0.00015192716831013975,-0.007412969549659865,-0.0030225483617171145,-0.008964379612534157,-0.0059908602608302886,-0.017607011981454757,0.05046940474159678,0.011556292675706015,0.02259622818270035,-0.008891773319727347,0.01560306625921526,-0.014419900615699976,-0.005970266540624158,0.011426209216534922,-0.008028389636950073,-0.020576185531196334,0.006808262717727498,-0.01731600123110688,-0.02215513101736777,-0.007961377485966703,0.008801361030754018,0.00014245877007379448,-0.015569840004777902,-0.0022281872189362506,0.0031278129218867967,-0.004574155462992779,-0.008098380563057561,-0.0034624859290760535,-0.011770762198392903,0.002669419191425604,0.005771304463046745,-0.001921085432814884,0.012370155333341515,-0.0018401771954099644,-0.004529668354373295,-0.0041066110980984005,-0.014384089936552047,0.022873004029372535,-0.010554079750826784,0.0005403201276050762,-0.003292341701243706,-0.005551041968990478,-0.00174001237279664,-0.0025121562480052706,-0.025380746598692716,-0.013472352523134723,0.0037944479220843874,-0.0010739702843775012,-0.004792365608860094,-0.017434924545734476,-0.02083329632391273,0.0058027562022848755,-0.019123965666310694,0.028539129305709343,0.0022640422002886407,-0.010788453199648051,-0.000612478222996482,-0.002277146732386992,0.021899809108490764,-0.01973091439293362
2018-09-26,0.02055193469656391,-0.0004244328538542952,0.0020265599217712538,-0.006049789395741745,0.012426267255165824,0.019307813394711104,-0.00031775139524004015,0.015066600024237431,0.004156030333236638,0.006465194412643482,-0.006305725941739726,-0.06145253658726302,0.016914163701067686,0.017832129471331504,0.0064443730920498155,-0.012569693519781988,0.006901469972341312,-0.004570364506684799,-0.0202257182423361,0.0010883283412359557,-0.007562896378204953,-0.0027037675935616123,0.08810574861859011,-0.0006178945369369471,0.0010899294185204855,0.012293387668847133,0.01113841844069996,-0.004980887549824509,0.002938450027734074,-0.00044522172828909135,0.003938414257309564,0.00026338651726276474,0.0004343145491496614,-0.004346977655321993,0.011800680908492955,0.0035743066670943513,0.009245094887390115,0.011320978920490443,-0.008601984784702421,0.005545391372541397,0.003772840860375659,0.0069319656332982316,0.007489175387145552,-0.06533330281575522,0.006961364503774936,0.0022757421765247088,0.0017982086584227286,0.001162251040261797,0.005036706276828173,-0.010416656965389626,-0.000697187785070108,0.03695756045620846,0.0008599344977262557,-0.03130018797180956,-0.003943594586340082,-0.048811031932405324,0.000128251315210548,-0.008804993270897898,-0.006654156583666082,0.0110684435956514,-0.00027955553793590493,-0.01225476334964759,0.006618244775764337,0.01655511222997097,-0.006395998569253436
2018-09-27,0.0035119071717470973,0.004674015270502929,0.01658229470857364,0.0,-0.052163263423748774,-0.004957829079553111,-0.003814663776034233,0.0152049989832308,0.001135995252071531,0.012275795887937813,-0.016032264391016016,0.014285814843214784,0.0024799750049764313,-0.006439843941552836,-0.013726994657291214,0.008486292780202076,-0.016586789628157073,0.00013114435765237964,0.012460476469774884,-0.007609388727748967,-0.03810338082997389,-0.005885669519656522,-0.018218654158990044,-0.0020610529240495667,0.013064011837272016,0.008226636867239456,-0.0002319152754882703,-0.01536832969120705,0.0003512956693108027,-0.01983076924893523,0.030732541974120453,0.007565486986491399,-0.00036165836676582686,-0.014669837581939515,0.01202135965367157,0.005811201470651728,-0.0002603306814098483,-0.025941573053357314,0.006507567114588442,0.0031110607070012897,-0.0003497445680902267,0.012138502872880208,-0.01728352186214066,-0.004279630360744635,0.0018943498860863883,0.007860334717519013,0.05093486038837369,-0.002515204471415844,0.0038724956815157086,0.01052630588288439,0.004462832855941956,-0.004827487673799147,0.0009307952828960797,0.03065450662088609,-0.027117818853201636,-0.009210486161081444,0.009229484197606386,-0.01713200849254226,-0.13901536785757185,-0.013404793055838415,-0.0004198277219270574,-0.024193699785523548,0.005252542551811068,0.015811109482170238,-0.004922160897647521
2018-09-28,0.006733322498856831,0.004440502521116718,-0.003182888765740466,-0.018259607367988928,0.017157678767165008,0.0006789894400496266,0.010956147372916947,-0.022109260658129015,0.011267408939092727,0.027937722287991074,0.006449289844934647,-0.05311036608107489,-0.016009199699198673,-0.002122781707799337,0.004540385179566231,0.004207701405906095,0.002648411589815991,-0.001377011912425452,0.006612487066367301,0.013144508791858689,-0.009683165883178413,0.0035256037409692187,0.02268044034585137,0.01156549761396275,0.0038100835757397533,0.00971386665585472,0.0012012684119875328,0.004860753337543988,0.005076868297806625,0.002727996082383166,-0.017762981293159563,0.001289234793772298,0.011000976218819902,0.0058490851221848494,-0.0037819216032101144,0.002702598091023134,0.005694477870335168,-0.012282719585417379,0.012007583072084493,0.008316758192125073,0.010841712377229973,-0.0036394263739859545,0.01951202501979843,-0.05444127699176693,0.003560749119433382,0.011958464311482064,0.02967778835785828,0.0046546527619750755,0.0045381095406418215,0.005208328482694924,0.0079133877688915,-0.02427969648250239,0.007939549717485672,-0.016077155627924444,0.008138269151481525,0.006640105972589794,0.0013971178205012258,-0.01549385246381052,0.17347133498487532,0.01132236827046973,0.004197561022675433,-0.010171611467225228,0.011501925191642837,-0.0060703441714221595,-0.0058978389853806545
2018-10-01,0.008888519122029814,-0.00810506173983605,0.005986996064716088,0.008880707433772228,-0.07638445616494594,-0.016489093067526883,0.0004207579327772937,-0.005287645347300529,-0.005651148603755596,0.010672496351632477,-0.002360597221383931,-0.06352652975918938,0.02144663005854497,-0.020280218816645768,0.007899391546393408,-0.04469291255543151,-0.001807150951447345,0.016679416006312175,0.018430933925838167,0.006486798927643367,-0.010666549262400626,0.026249788007159047,0.006048333213803492,0.005104124180001612,-0.002530266900746092,0.00910730302196261,-0.0007364455978343676,0.0032840912720257798,-0.0051287521135129355,-0.011562290880999915,0.035522361430516236,-0.005672146943778045,0.005655212763817863,0.004140911574344708,-0.00041534527965358947,0.0033458201374529928,0.00327648798227953,-0.01914553341417702,0.005476067582302457,0.0030754085008921628,-0.003978576828464142,0.014072583957524865,-0.011247170830483433,-0.10151516454169485,0.000847626353737807,-0.001883951794213412,-0.009953072535888952,-0.030309048586003695,-0.0011290655075936185,-0.015544027049267939,0.01033023237261177,0.016081820870525565,0.0037607737057370194,0.10620916789576906,0.006054514846544734,0.06332447531810437,0.002410059277400345,0.011803298700051146,-0.0311554076004682,-0.02328719603288787,0.0006969375755632168,-0.01156056264421168,0.0056856319089166885,0.0018791321073201583,-0.0022965416472983113
2018-10-02,0.01216840794828955,0.018889516384337002,0.0007935594604588925,0.027404030216140463,-0.020330811277780247,-0.009409964736917797,0.008676835859683374,-0.00797362974718463,0.0053206498967639515,0.01534793057802375,0.014198719640252433,0.0009927427970606306,-0.003620092747727899,0.02125009773912301,-0.005951302805825898,0.002924246658515983,0.00779958502177025,0.021961245747818214,-0.008779971904419037,0.011010361850967598,0.017070999937814912,0.021896353735567642,-0.012024037180686342,-0.018890926545264253,0.0036099360368206934,0.004194632763105055,0.0032211550435576886,0.007564079012118308,0.010661723079933738,0.012844120701188011,0.013721208362493575,-0.017515940786136275,-0.01032150423523337,0.009388050029296213,0.003501132408941121,0.006113183828182711,-0.0046694565498491825,0.01945640514926472,0.014826160345796868,-0.0052960570084267244,0.00017371286041134582,-0.006496038699269735,-0.0002386082272399781,0.06239466662849824,-0.003576064342100338,-0.004118122278935488,0.0008725636367252765,-0.009555716839223738,0.013342062561148671,0.0,-0.009679400866794419,0.006166302008974167,-0.003039646404023766,-0.050960087321068936,0.01905731882599304,-0.015384589171768659,0.002656923424098512,0.03823720939201691,-0.0206631011122842,0.007794907149608843,-0.0015316155180533642,0.0025990605229273545,0.0009976480767803775,0.0014589384086465262,0.009974707521974269
2018-10-03,-0.017580629253378,-0.02260175846269019,0.00019806734232985512,0.002263429568343911,-0.022863159041610626,-0.02219422567092222,-0.022678680225471703,-0.03649295109201345,-0.005011709785746832,-0.005888301700323173,0.01433318867601363,-0.06314049082354078,-0.006103629236767438,-0.02735646745991316,-0.00046399855845102866,-0.04518971141702843,0.0035930275404929546,-0.009290567872491606,0.013376731387948038,0.01261707167533177,-0.010600779629811541,0.0006315930725615537,-0.058823523722262516,-0.01345750976084692,0.00546922528177296,-0.030885745089064942,-0.028443396262354925,-0.0013169517104176798,-0.0010049341492210928,0.0009058315229371061,-0.012920306511727597,-0.012520648364978904,0.0023016686286538857,0.009016444889498487,-0.0027792646078758088,0.040232079603459425,0.005813768094546701,-0.02204025969771617,0.007155308332335908,-0.0021017630244719587,-0.020665175480451436,0.006003451594449594,-0.0355390554969881,-0.007936537971601432,0.001448115809292716,-0.0005169572801846378,-0.02594773735142064,-0.005628197903200793,-0.0024545928814526663,-0.015789458824326585,-0.00357931825703528,-0.027267856175008265,-0.004467606171141947,-0.020233480246177105,0.017323124167610837,-0.015877042925149798,-0.010474161689768335,0.006242220887157535,-0.043995894024528526,-0.03480470614663189,-0.00153407240568193,0.002592485681554013,-0.009523672682222872,-0.018677547844967002,0.016334417144080682
2018-10-04,-0.016229051138394235,0.005754564415608732,0.012088776628906395,-0.024193698667064,-0.015478772301920518,-0.010353955604213816,-0.019577720596712367,-0.021286807951044873,-0.01587628139641384,-0.009025823792599974,-0.006572476345071632,-0.03422721623612679,0.00789555549710208,-0.002972951072878316,-0.006938809700719584,0.006106980057400291,-0.002754233801398942,-0.021946189989579423,-0.01855131215918837,-0.007934642899582012,-0.0071428102437023355,-0.012064581697769028,-0.028017164082856594,-0.014270729976922913,0.001990919736408525,-0.004179827459549035,-0.007849951090158847,-0.007781042269030092,0.010637252903323402,-0.008597378350123752,-0.022854551699071246,-0.01033477166762975,-0.0017939650220987202,-0.005638964464660612,-0.006286277779140814,0.017966271744763507,-0.00643856997713721,-0.009568767937990996,-0.019834183311022602,-0.002667628121944432,-0.005851452274608593,0.018434635727587745,-0.03382382236110082,0.0016000366210937589,0.00707316380069023,0.0001726899798983883,-0.03376415218558759,-0.0024256509126702186,0.004697738947689656,0.0,-0.016164886349801844,-0.0007142360072749376,-0.009473561937578201,-0.008737141304081097,-0.003870338373443971,-0.02740076096618027,0.004336228466023773,0.0006202432389996737,-0.07053903829718033,-0.018854366873031436,-0.007681501349137365,-0.0226245379647535,0.003279376593501082,-0.0030219069037488167,-0.005980228746007121
2018-10-05,-0.002318264898955591,0.0045560219098632615,0.014098259841498262,0.002479277931680679,-0.032541180423531824,-0.013351652655319235,-0.011480220055943291,0.005584399887610836,-0.011710346960515872,-0.0018113522401268511,0.0013233128913676673,-0.010960947578019242,0.026693902269875558,0.002777163950895334,0.0012745143300700867,-0.007587332649450551,0.0023474280854225427,0.00026132038746662367,0.005634188433711884,0.010311840564151131,-0.0062951047464389065,-0.01649627997547498,0.02660751207740697,0.006387039158268326,0.0040713907876905875,0.0020981543430744765,-0.010198526404526231,-0.001594947952765935,-0.0005356928568258645,-0.005933018507400467,0.0,-0.0405314099656513,0.002084685334511338,0.006107125039179984,-0.001313329400349561,0.0038253509097778693,0.007833895964409088,-0.0005084797949659325,0.018423347797345446,0.006053680668628436,-0.011415296485578486,0.005510912091747366,-0.006403827661013439,-0.03514381133946143,-0.004182664258909896,0.011375118614067148,-0.015156104083515753,0.00020257132148060464,0.008238634478797469,-0.005347588469389097,-0.003931929186027694,0.006075110023437524,0.0038110761456604525,-0.03926280361308088,0.003690864355155643,0.04081093353718557,0.003174175162299342,0.006199651994586608,-0.043481542224090175,-0.016094281469493654,0.009148421351586666,-0.013227610778219323,-0.0007056685925551642,-0.014411096356756192,0.009024266459167318
2018-10-08,0.013853381450649405,-0.0025312431777798627,-0.006564923910890252,-0.03808715708208665,0.02947848502017636,0.003164503350325587,0.006990056908446007,-0.04150430788739956,0.013796186214805273,-0.0008554248567864686,-0.009580546504715293,-0.035833000527885295,-0.012151974241653929,0.004489428185296074,-0.02492275355425866,-0.004587067866444694,-0.00964305543734667,-0.025367111943368936,-0.009398324459208518,-0.013151135666735314,-0.0018098696371247058,-0.02190876450113055,-0.019438477400288035,-0.0029616963886752723,-0.014481495570150882,0.001832795334119286,-0.009299926437499995,-0.010827561425240773,-0.008960891690857453,-0.0013776989710175824,-0.010206347178551733,0.00900337216706193,-0.0013632379689176854,-0.00693728637200719,-0.006274292381246438,-8.657192646444045e-05,-0.007487096075089683,0.0041335734829310855,-0.018386700916048437,0.012314672386695813,0.012719784874132722,0.002365918232679176,0.018934382726578658,0.22350991939715148,-0.015047119586465985,-0.018745579542826074,-0.0008652871624681424,-0.009927276204890645,0.004196114043053534,0.0,-0.011279123722029771,-0.004110192347866248,-0.026577592916225856,0.010842378392205365,0.009676613435542825,-0.018466976088515663,-0.015695847374820215,-0.01417125993366708,0.04885057241581614,-0.0014647748668873417,-0.019107337087632237,-0.005361869372479955,0.004088835681821168,0.0017265961505434912,-0.00260859949710901
2018-10-09,-0.04632613033043931,-0.015755588049047753,-0.025461769159993763,-0.024683141553502153,-0.08223200403596098,-0.06152425214335033,-0.06028947269915663,-0.04035366641739424,-0.052594352722522,-0.046621891201316545,-0.024683147664167016,0.05517243344869738,-0.03518801736993338,-0.02043128651733661,-0.07167553154187112,-0.02611396659167653,-0.02698570525509081,-0.03840467338126452,-0.08155428039374757,-0.01969074553635608,-0.00997267478285424,-0.01987365167508992,-0.04625551539900452,-0.016337798436516504,-0.031053924657510557,-0.022994468125857037,-0.04629006475545561,-0.03597867075230565,-0.042078855663905235,-0.0075861737097606685,-0.037594020264242745,-0.03576745492681266,-0.010560261628097312,-0.026632895081346475,-0.03391696669876609,-0.018276447947596086,-0.030404796164821057,-0.04129189408194356,-0.023866867062678154,-0.026126695870200778,-0.054338275642593414,-0.005641018268963016,-0.08383229358852873,0.04871449797273231,-0.016391188913791543,-0.04602291897695587,-0.07475329487601334,-0.03007965805935453,-0.021112829779725062,-0.06451613109971022,-0.04848100913206843,-0.026978788772264117,-0.035031134797796404,-0.07673269917138137,-0.0494535829073075,-0.026546360813147984,-0.027520495858688543,-0.04500001668930054,-0.02252663592700077,-0.0378971478259843,-0.04194511873281548,-0.019541936520564573,-0.026026132128581736,-0.04971459013394297,-0.02054914398432328
2018-10-10,-0.008827775057685616,-0.02556930752093023,-0.02931786569106687,-0.011950655830065826,0.011999969482421768,-0.020447169250033426,-0.00081424831383059,-0.03569539896050822,-0.012638982550088773,-0.02547165623550285,-0.03009553135628329,-0.005809794823591674,-0.012453748730923864,-0.030397327060501578,-0.021276821684217517,-0.03943201394691509,-0.022444449276729284,-0.019134820768676675,0.01569311477396007,-0.01616388713318251,-0.008241814559915128,-0.006713613664042661,0.039260988288526866,-0.02135465197223796,-0.024669176316168162,-0.03048923358528277,-0.0013000592908175568,-0.008934725007191502,-0.0598199122986538,-0.020857638772621034,-0.012723354139513199,-0.00778978458001045,-0.028243466239428527,-0.029963029595494906,-0.040024490185953554,-0.047908925259335544,-0.03115097807697198,0.013013540888982211,0.011761249670082075,-0.029524540151495304,-0.002354945799829866,-0.0211866303099586,-0.014698213545552008,-0.07354840924662931,-0.03698394418599671,-0.01583823425179176,-0.042980812580849403,-0.013080077769632048,-0.038193478824406824,0.022988483697581552,-0.036565434659574625,-0.02688894846906953,-0.013346505718783264,0.016979494296916586,-0.029441135212079916,-0.019592313198256495,-0.03147323152651316,-0.018324590174370714,-0.01810191714594478,-0.010419370750657464,-0.03428348221968447,-0.030240381847865483,-0.02265481232284483,-0.004364275041868093,-0.018882297215518817
2018-10-11,0.03571924921763747,0.010586117938290007,0.0032879162862340383,-0.013518472147553307,0.041106756794043964,0.04027654247009993,0.014553212912356672,0.018123918159995256,0.017693347560825856,0.005584840402357294,0.003525858579769281,-0.025566065633554236,0.009007714622349283,0.011214023744722468,0.023989641149526175,0.059113632336423194,0.02135101110501303,0.007803331152802517,0.025425619654323217,-0.0015813042563476154,0.0009233673961739353,0.013313107617848319,0.02222220102945971,0.0035265561203190465,-0.005649600704912605,0.015034040127105408,0.027320845883268552,0.004225853829395332,-0.029303300023617918,0.004786878490932844,0.014696085528113745,0.04683012024155486,0.0002240260535770755,-0.010913097511332182,0.004214586372936369,0.023816214675218772,0.0041681215932136695,0.0025433996012511617,0.006117643667126638,0.021062266541273633,0.03455762392707595,0.00159657196960028,0.057489898358694225,0.038997244638254935,0.015959850965500344,0.00018476363089825476,0.048525974972445374,0.012825667714845723,0.0226583317082083,0.016853916782002765,0.0,0.033605080333324544,0.002009613123537868,0.07381372092623728,0.01828349874007129,0.06373212768429837,-0.006690377721070617,-0.012000020345052098,0.025968466473239804,0.018489800896913655,0.0,0.011339345873098816,0.009684081345125994,0.032221356849090554,0.013024638454536053
2018-10-12,-0.021385650960671687,-0.01664992281918576,0.0043001384674628,0.0045076987870986684,-0.003037202856591259,-0.015464474245241777,-0.0053359069618952315,0.011759589051469233,-0.0020605924258266795,-0.0034155469374197445,-0.018974090363045204,-0.002998497855734139,0.012051765849570906,-0.007644886567452103,-0.001776996883880777,-0.003101290938999246,-0.009020616096333978,-0.0019004308768771905,-0.03127996035783409,0.005645740513410491,0.017527596404473877,0.00020206792393495654,0.07391307818191106,0.012958492607211936,0.004065823642359412,-0.011006770172418912,-0.016152884638355847,0.006312149083720797,0.03429820695959096,-0.005240570909670672,-0.007798521691762761,-0.023927664355505862,0.0005974561787089883,-0.0057034235527493315,0.11867991410227141,0.001267021518275513,0.011049687899973959,-0.0014311214652714677,0.0009122227232272184,-0.005014133982111146,-0.017979371755767914,0.0016533381100289901,-0.01893631558855824,0.04825739030476295,0.010682399269021037,-0.003513850722240641,-0.04526618489738099,-0.0014830950715922775,-0.015075666447711855,0.038674063350848,-0.0018666263411886153,-0.017206527515688408,0.005399988221446161,0.015548246827452594,-0.02795366017862222,0.02868751169395023,-0.0001375746046260451,0.02564103389108907,0.003130010700919561,-0.022944874743621058,0.01137287884128746,-0.003503858617923239,0.0024653526559799133,-0.020240532095126218,0.021684857647234157
2018-10-15,0.02203712479022668,0.030612000836541586,0.0053018973586080875,0.020283776984562074,0.07311500607613275,0.03351032644684038,0.04828381598896825,0.03625508178860737,0.02516426015189821,0.026109032762649198,0.02184834530607227,0.021804508097304387,0.011320348862016383,0.031058681452187376,-0.044362044961213654,0.017107563124087788,0.0072244124688261024,0.013469484974816037,0.029730091180683038,0.00924286111743422,0.011786022077834302,0.02364427553975501,-0.010121495982936546,0.03230706229346181,0.010797978661769347,0.04850209412831141,0.02779285533713849,0.030108789941944103,0.005469871807813886,-0.0007183025482250249,0.03166393864879624,0.04548520225954311,0.019484858632920155,0.021440780239736945,0.0016162996493140902,0.0037065817162829084,0.01778190256683665,0.03426260985452112,0.006379275439584164,0.025338443064713223,0.031598737606670424,0.00972612316219812,0.039834289173819704,0.028132964880090316,0.021236525089080027,0.03526350616348273,0.04439603230200362,0.023556983914333918,0.01878507221036152,0.026595719384628902,0.030388347122167092,0.055542399666681286,0.016726955756061423,0.06043513370037634,0.012384586661939645,0.04294170395144081,0.02089652462686087,-0.0032894862738344077,0.06548787831763603,0.032515979720375565,0.01443518298676616,0.0070324459289707875,0.04733898240302059,0.043906576525428065,0.009204017166779987
2018-10-16,-0.004321374992054872,0.003916594900343906,-0.005476526494690659,-0.007565012437878993,-0.031227858714877543,0.0064671857563620705,0.01810462514597444,-0.01718458699013159,-0.004825185578793412,-0.007467747417595705,0.012968616822140788,0.005150823696708162,-0.0024715199188494186,-0.0011221593623114146,0.009436531677946558,0.0015290226221482683,0.0018648434468071518,-0.016491465395694127,-0.01529599571190865,-0.008276249306589989,0.008960635994875732,-0.0021057026929149902,0.006135012398253981,-0.008191543470882467,-0.004468276327624809,-0.009041823711919195,-0.004845223260520504,0.029679852297387344,-0.009222578622456123,-0.0047926837236687,-0.0010884937347772627,0.0,0.02123626005016055,0.011139653305105801,-0.011294622661905063,0.023056938599635313,-0.01106429037184109,0.0040305931853483745,-0.0024147296732157653,0.00842475894472794,-0.0026126023400504517,-0.002743456283201051,0.05282915309754754,-0.03358208733924983,-0.008298597392444207,-0.002151258093040509,-0.011267736022708918,-0.007671814056786519,0.014568267935670454,0.0,-0.00030248231545593196,0.0013549378135582213,-0.018413760325646122,-0.008358636622543547,-0.003939575305712872,-0.011121567076976868,-0.014139470497733009,-0.021122092599449305,-0.017390290644313078,-0.01099744131169389,-0.02965807596029446,-0.0020949920298930502,-0.01933430532703495,0.00016176209107854334,0.013586030686707717
2018-10-17,-0.023373682692071518,-0.025685317986953837,0.003670895999180912,-0.024995379360088887,-0.024908366916876368,-0.033307298491406456,-0.046321878045491816,-0.02324365167049869,-0.03858015984215912,-0.016826147818862713,-0.02249112603447212,-0.06405563761157496,-0.01909066898540701,-0.023889119319368657,-0.02908850049869549,-0.05343499757295711,-0.0174683173196013,-0.03919592841745967,-0.013204021641878838,-0.034133564876396516,-0.02575487055863157,-0.029279538258316196,-0.010162640235673814,-0.010800553219953435,-0.013516348846865922,-0.019174933656867732,-0.026321638465763963,-0.014587510930706982,0.00038583593666396965,-0.03322917909677514,-0.0200477375219702,-0.03798053127937906,0.0002868888687657112,-0.015842840605114317,-0.005071020452055541,-0.0024649600129617033,-0.016196610502499098,-0.028227162414562912,-0.006051733802394099,0.005430273829207355,-0.019962385732408716,0.004390640352782027,-0.0493282074626229,-0.03474903237957516,-0.004200295224571993,-0.020122459331821996,-0.014523202856525863,-0.010029268011412462,-0.012788684845272846,-0.01036268469951196,-0.01437215302600614,-0.009622555076932549,-0.008687642413660268,-0.0252873501059675,-0.02789295034464112,-0.0394831655834168,-0.012293503075708312,-0.006743114091988245,-0.028957302566477883,-0.02602986321612155,-0.11253502547453209,-0.030790763878045024,-0.001833178847970185,-0.035475533656580294,-0.024972084489623847
2018-10-18,0.015229834283166266,-0.021468481488385982,0.0067061517385877956,-0.011091043949109536,-0.1111946242863654,-0.0037781598679350603,-0.00385376397250059,-0.0048237171531833045,0.0011404998712272185,-0.008598937565511,0.002477905691520954,-0.002346478946361752,0.0017830927119122375,-0.029501712598634433,0.004451393056320807,0.008064120746162251,0.0034975963830774504,-0.026826965092870747,-0.0035418890532827874,-0.008781782952911099,-0.0045578180124014045,-0.008763936519676552,-0.026694069300988055,-0.0025690202148741514,-0.005019869348178441,-0.012134450324254642,0.006621725894641273,0.0089356629047459,0.005188589186272408,0.007721040318660943,-0.021570141493550188,-0.034521020414477355,-0.003226001569959558,-0.0016649985752863472,-0.010368957668056566,-0.012267487737690375,0.00042694066082082927,-0.005615863909728458,0.009437226366855844,0.001938477056796728,0.0014750299102446185,0.011016063317371927,-0.04049502711855646,-0.02399997711181645,-0.0017196683173781313,0.023836120870109667,-0.04325146605908925,0.0044324311983545694,0.011363485389509709,0.015706853991273695,0.003223316534128662,-0.013637947378297932,-0.00201642689512338,0.0007861065249690213,0.0027832066400435007,0.003238691332635213,-0.0008297858766364019,0.006788892367782351,-0.014815721435600171,-0.002334720658024758,-0.012871641018135982,-0.0007219681124555066,-0.005659478063152146,-0.01794293775625,-0.0039549899455397775
2018-10-19,0.006110205816491909,-0.04205949620671545,-0.012716879265214476,-0.0060676195139761635,0.05790367067070146,0.014325112382443717,0.0032428307054750416,0.004739362976759143,0.001489386081674704,-0.0007859979534827755,-0.03319237042460055,-0.05331244994705253,-0.008750052823446985,-0.015199260514734747,-0.02312931335458701,0.07360039212636504,-0.032965622228280145,-0.019875180792368607,-0.031200655229177365,-0.00021465826246247488,-0.018315044433583783,-0.0032208495973063966,-0.008438810925003759,-0.026615189405572948,-0.0006311855204154115,-0.012692712050402455,0.005600932465571251,-0.02361665184655548,0.00759307917564378,-0.002718904227582142,0.022954575105987418,0.014179180894807963,-0.002660972697763331,-0.014363836312546008,0.01633798525034469,0.000982864589395227,-0.004144468083776109,0.004738644319262075,-0.011459703113104514,0.003040971083061228,0.008926658001348065,-0.0046124086157014466,-0.009408715586651795,-0.03961748019839295,-0.002990326265935095,-0.022564550272495154,0.008945365495302449,0.007354666432807466,-0.0029212015308934802,-0.010309329662834377,0.011627912701161591,-0.005207502510988116,-0.017718188547204083,0.004713308858937948,-0.02626500832400147,0.005959718426654881,-0.014394306128620471,0.04652734575909445,0.0036539667315824698,0.007021832492631885,-0.008634471700681212,-0.005057791012383905,-0.01172245841416597,0.009733003764106796,-0.02344487065174239
2018-10-22,0.009426765272142035,-0.015545381036367045,0.0030669911896186175,-0.0273768585954689,0.0023971020493975814,-0.011512868959461908,-0.01916823971946202,0.007504337337020717,0.0018811939544822742,-0.016658271661882162,-0.013148264942092425,-0.013664593329966168,0.0008975642105422121,0.0019331474140962257,-0.012412319523628979,-0.019374359734347313,-0.01291454514413548,-0.07559624682790989,-0.03811673864371112,-0.03780453218245294,-0.0018657853205922281,-0.03994782688434828,-0.040425444275285605,-0.025578828807989118,-0.012569602520614898,-0.009261653672762327,0.0031851787096504047,-0.013718473569190981,-0.014225173227922272,-0.023543555585044285,-0.01133093074249647,-0.0087600862233016,0.0018027003239386996,-0.010436594756710438,-0.015026987751819099,-0.014638818097425399,-0.01661695635934246,-0.0025197028141682454,-0.04179371637440654,-0.0064764190231723084,-0.013955945867392572,-0.011757071919760498,0.010985110826371436,-0.03129448939729207,-0.00857386536114979,-0.03279587068266632,-0.04394090428885322,0.0010427292465300386,-0.006084964765365908,-0.026041642413474064,0.00393199202019523,-0.018334107368961794,0.028639006125855015,-0.03205628214503198,-0.023245768943172207,-0.016539081626897323,-0.029911527307810992,-0.04381445136076789,0.12718904700256473,-0.018594859471855463,-0.018307943124306614,-0.010893258306572284,0.010183282188298781,-0.018207417354387356,-0.0017424378397585816
2018-10-23,-0.0343016471995784,-0.04279139628899786,-0.02670234901801527,-0.04773689373841383,-0.09166995707743408,-0.059082926650834144,-0.08551615744839203,-0.031496133306413654,-0.045143066870527826,0.013140949489100828,-0.03071786539296395,0.0041981688812302576,-0.018834311849807328,-0.04459910288067992,-0.022787493426117744,-0.007598414106509521,-0.029362562783167068,-0.05580788874986886,-0.0614535143717887,-0.04879688204815269,-0.06542041056087189,-0.041108600913819515,-0.05543236969235865,-0.03982797864287413,-0.07728372949361928,-0.051067302335726206,-0.051833783544814604,-0.04291740304446534,-0.04745756041951599,-0.021065982761852564,-0.04674136062890477,-0.04698874983012091,-0.01050889055658033,-0.018622350543109234,-0.040860984746984075,-0.036869327222974535,-0.03180344771305943,-0.05408374811080319,-0.060172303660110615,-0.021636671613243008,-0.05346908139986495,0.02912756775849612,-0.09403893473359748,-0.09397942318107799,-0.06004186340834983,-0.03959094901074178,-0.09793698871528589,-0.025630294793514974,-0.03673491817469954,-0.005347588469389097,-0.05664325926046987,-0.07696552797241685,-0.06114445140503555,-0.0508885386605159,-0.04422959776132185,-0.07856428353733125,-0.01462069260038057,-0.05188682276592793,-0.019174515010206283,-0.03999997410719247,-0.04218721009554549,-0.030102860752741156,-0.032243288420520155,-0.06361601853097032,-0.026571174706702116
2018-10-24,0.02189792399691881,0.029215189612129988,0.0031414989164098017,0.010585286871968247,-0.15445372164796256,0.07088689580645524,0.06879109977603859,-0.02263236249801237,0.016140031995033555,0.025715482677628687,0.015273126758704736,-0.020066870430825556,0.007313102457978893,-0.011852298351090917,0.03512377374653619,0.03369023426852191,0.018338303132405365,0.029286084938322743,0.01332120799857317,0.002342554539716213,0.0,0.021584613119140172,0.032863816658137424,0.025689374139715282,-0.015239130923978106,0.008969153280826703,0.043959152989131445,0.023090097431226253,-0.012399014876106729,0.01477801552901803,0.04455476828750893,0.020305960971598758,0.007274612042107886,0.01520023361102174,-0.007213566771811397,0.014766668392378612,-0.015170521418220506,0.03362089980840022,0.016260536913793144,-0.008222225412259365,0.05844431299143471,-0.01366786309401924,0.03657688337482479,0.04538083136287008,-0.0555515760933355,0.013215034184383079,0.0422746296896539,0.025662860383059538,0.021892585074703375,-0.005376338917391199,0.009262276375509915,-0.041122377193763215,0.0190873780852423,0.009361672908701824,0.014329311861805749,-0.0021791887320220527,0.014690523084105234,-0.008528776699492369,0.09136917152114976,0.024944813809938404,0.013799576719669249,0.009084114178619318,0.030898850431505753,0.015451617689903996,0.03327380554557191
2018-10-25,-0.015923319784068357,-0.01150122629607675,-0.030062551680606564,0.012055395010949876,-0.08510644826354075,-0.07819674751655215,-0.01674195273299306,0.011128573223449179,-0.040902149855557735,-0.012370374867729406,-0.007521554810533737,-0.05418090566672129,-0.013460538636300035,0.005695755687601611,-0.012832853307665149,-0.03407419951142321,-0.011697751642740895,-0.005015940019611698,-0.011140803091549856,0.003115890567051194,-0.03300022483120624,-0.027635277639381894,-0.04772728036257834,-0.09512866144535825,-0.004337268774832093,0.016321869134345635,-0.017977746756451807,-0.007709793937079712,-0.009952368148402169,-0.012263576144661559,0.03114378146102159,-0.01223328153170844,-0.01083273816087471,-0.013732605082352856,-0.0011796381123909683,-0.013902950788372781,-0.0044385087935018275,-0.036965937289207385,-0.0060001631807031774,0.006289497940490163,-0.012373247858383007,-0.01911073775870442,-0.04167867891282773,-0.015503861641813277,-0.0005184452852052823,0.006424117975980526,-0.04594879217279202,-0.01334426715706083,-0.01865918585657267,-0.010810800361494066,-0.011392623443967742,-0.0033240440523829573,-0.009405076040373883,-0.035413160915016006,0.00023160595609228452,0.001091921912742988,-0.02591554447503619,-0.03369177587491079,0.05094321706509364,-0.019256419693707283,-0.004102062086052238,-0.009752561992797837,-0.02293370373040049,0.02336812452704984,-0.011762656061565124
2018-10-26,-0.018770580379462554,0.007055029490140363,0.011837973080669695,0.012302127382356476,-0.04424270087503279,-0.06326358495753426,-0.01708669701456078,-0.04780428647304491,-0.007740820859069908,-0.06591145150203614,0.008336317807284166,-0.006314812321454921,0.008278563448725684,0.0026317686377888005,0.009614161381858333,-0.021471988783544615,0.002180558655574094,-0.009300189719991137,0.010139687039107503,0.020268734060662208,-0.003102064844763719,-0.018346296344023627,-0.009546530144813992,-0.062468329925001176,-0.016602052247051025,0.016633189648723068,-0.045232039465983864,0.010030266989211833,-0.03813533061218699,0.03931718645278259,-0.006346754001365196,-0.018546250312844514,0.004234276946257776,0.013827022736564443,-0.08797566747149732,0.009493317319106742,-0.06025212648953315,-0.02256308113152239,-0.0063712980958385845,0.014914834478913619,-0.029076065436092202,0.017011127486984412,-0.04999501581675048,-0.0251968267425301,-0.05017796039961575,-0.013346386429762158,-0.06389658939191645,-0.006339698891526968,0.014788621966379756,-0.01639349174618998,-0.004961583775209055,0.0010720649408964,-0.017365944353371576,0.005244792116914532,0.01180808896006802,0.015544137932469448,-0.017241408484878318,0.011127639265461342,0.011937184073759655,-0.009271774051716863,-0.020595296441875188,0.0037879786022350093,-0.006429658834155694,0.005074348784703364,0.019122162470136983
2018-10-29,0.004994399698400986,0.0028272965068449896,0.021059561599217735,0.04436739403699308,0.020771535522018603,-0.005497459446531794,0.032870275245367786,0.024751839806411935,0.044964696483228206,0.04267111610117014,0.006388529919177044,0.04312296077987443,0.03421003225477515,0.01767679251483778,0.033738554637535056,-0.028213089823407533,0.002797069699959298,0.030531540926699074,0.031675292397046695,0.022986709531119365,0.010373289441564681,0.016850582248780333,0.021686668357236316,0.07746480910600928,0.029035039043232347,0.016078842843439523,0.014284114857549213,0.022332110263098892,0.026703187101451364,0.012194854335075389,0.05198196864348548,0.027120960021979057,0.023264208389947028,0.017644266058264968,0.028359534487952365,0.008752323970166342,0.01534845230805848,0.029066173797443362,0.027336941828404848,0.019873840856550418,-0.001155767102377303,0.0044564700760736375,0.0034054249619603905,-0.038772252946164154,0.018727904848792942,0.015095044797192703,0.09363214996429203,0.03296441036691711,-0.007864699674498321,0.022222267845531718,0.016245774304964655,0.010470455836972148,0.012635467478330442,0.04000000331712816,0.04279185414132236,0.020676600654173427,0.0267693443971313,0.024944985306908585,-0.01478273485251358,0.03991166004876168,0.021793038600013803,0.030943469325206197,0.006860930784211128,0.006751257367601848,0.008807125751499001
2018-10-30,0.026066602130597083,-0.04583902233850501,-0.015624986046284595,0.035094425196461776,0.058720830042602534,0.04416426273766638,0.021453121510007556,0.025065565247580635,0.01122096447805676,0.014146376607861555,0.026885950750954457,0.0335074183247237,-0.0914437263761223,-0.006562654347773478,0.018795057300368345,0.04354826587180627,0.0144118043447099,0.03286205488891536,0.03848650477916116,0.017038681170673975,0.003079992307791324,0.020186887242928497,0.07075476578522255,0.050779299139017686,0.00401431122257101,-0.05358127268012325,0.03913254601592353,0.027772698248515804,0.020171531007078247,0.010327330010190483,-0.01842524960567682,0.06185563741224098,-0.00539939601855044,0.02174327055079117,-0.01418674698443656,0.0009230031475615519,0.009551126346103889,0.03809315464984442,0.016425989092914373,0.01015491455761297,0.029692631025876715,-0.006050119768627238,0.055876286939823494,-0.008403313529497414,0.0032554461531670853,0.022209362271442323,0.038571713381314154,0.00555926399178186,0.003963224012369926,0.005434777327093299,-0.0045902724231955405,-0.0013541240638844654,0.012966936407096119,0.02508362790785945,0.014702821922566889,0.018942416535052464,-0.016939291218695307,0.02004292967925214,0.022491681222557736,0.008470443003944172,0.0033675282718712563,0.017569344231884054,0.011886484422063637,-0.011837417425342611,0.010248806736659954
2018-10-31,0.015352213057048036,0.030314457785955762,0.031111054662303683,0.024089670967883947,0.11037893080377614,0.04225254609166407,0.019493977519936534,0.03801265002270915,0.028592222720145166,0.023136116960570163,0.011272659269417673,-0.00042106226870886054,0.012459478420653092,0.03634928832267059,0.003816060031750279,-0.0123647529760319,0.005652508524632838,0.02786048795123408,0.06287709518841389,0.04023728785158531,0.049130110990877496,0.03846714941123319,0.08149777283435578,-0.008133975090756529,0.03372365802161159,0.03124091964397091,-0.004217876848689239,0.00709941318016849,0.025174298760546776,0.011438245471400599,0.02858358263642158,-0.0049311611034214,0.005928963191926373,-0.00036711079334961205,0.008741847764964561,-0.005348481590514043,0.018955171633508794,-0.0002635191077188237,0.03813802519610077,-0.0066566926579478825,-0.008332703826064436,-0.011767975963065669,0.05169333286899991,0.12203386077179568,0.042755875628682105,0.042509086849763955,0.0345302532865146,-0.0051189667545318285,0.014166299429337226,0.021621600722988132,0.013038947271325707,0.04678098924234142,0.02713102323111216,0.027732475223526176,0.003243544358389139,0.059385470287762976,0.043002770687934344,0.025964904249760057,0.020633172207841666,0.02493412609357959,0.02573173709248655,0.020863389942896493,-0.0016072958336471599,0.03381326271994167,0.006199327167909274
2018-11-01,-0.06633064701855762,-0.008103539071792731,-0.014778285152305282,-0.004356026015204795,0.0004945711781123574,0.0,-0.004154041985282131,0.0052467915940883625,-0.03962958797483351,-0.014652892584965826,0.0028765213020296443,-0.03285596858321993,-0.0011186712292649004,-0.008340387775431779,-0.007821232439384262,0.017214648676248112,0.008259272157173925,0.008740894841557934,-0.026836146756075818,-0.0025317986611130827,0.026341433049416052,0.007607612644069839,0.04887988908631402,0.0371442583100321,-0.007959860414808007,-0.012373758841744076,-0.013342823225424794,0.011983995462234276,-0.0155817512599139,0.009624716710553649,-0.023019463734194945,-0.004608442178835492,-0.000994146751647662,-0.005505587981728177,-0.01986541817760612,-0.010291280236858213,-0.00046763037852026734,-0.009225599892010772,-0.006538025680880244,-0.011624531738115507,0.0022658953839820306,-0.013609176601402928,-0.02608863191279398,-0.019637479862273266,0.002379756220556528,-0.0001815466333585647,-0.014626120151219668,0.004939514220626329,-0.01694540125616406,0.005291000285156278,-0.0059646378576654335,-0.007096285221869225,-0.0011755156115531573,0.04126980066239483,0.004095925440631865,-0.0799414788418642,0.014796723883254037,0.015731908188168164,0.006186833410645631,-0.006914059802282324,-0.01690583220292574,0.0035235238601334373,0.00030690018219092785,-0.01084541999426547,0.0009335685970579544
2018-11-02,-0.02838832014964754,0.03795890543842373,0.002083258706796043,-0.015575812228196595,-0.01631240391365696,-0.022653420449634698,-0.012172220672682199,0.013208409985535186,-0.0030797852883308607,0.011823856239067121,0.006095413209140865,0.0021777502788749015,-0.007999808420913967,0.014230833117163,0.003026228452194246,0.023076703194175208,0.020934475410421483,0.004929052972418191,-0.0038245997791879205,0.014101119406751295,-0.005703461335513804,0.006562289414368205,0.04660189644152646,0.021627914073855337,0.0055935372494377855,0.0020159128361161294,-0.014708549218148126,-0.004223271129949913,0.026214388284134582,-0.006196378461012064,0.018254921669129676,-0.017085752786335506,0.010804429814888161,0.006551021604793705,0.017139684456043858,0.03175653109993548,0.013131560529659803,-0.011107422036418346,0.009715089269312527,0.011761250770982778,0.01271676917332809,0.015224426093031429,0.020511186713943808,0.029275818786003382,0.02059944643665723,-0.017581846804056833,-0.014656163496415853,0.003891075356650564,0.013743449527501284,0.01052630588288439,0.0022106573470224156,0.006636552011390684,-0.0014124600905278673,-0.035060978823123756,0.015027847347352852,0.0356291714093544,-0.007361398665746477,-0.004040432193629373,-0.014462615214999586,-0.007735812717608259,0.01386846926539853,-0.00912906634761157,0.0,0.007501893370214896,0.0009326103480979953
2018-11-05,0.01081427454174988,0.013078308127407956,-0.016008288381492153,0.025422251712726274,0.03919601515565829,0.00922107808904249,0.026437538043459163,0.038793047786621404,0.0370754093123451,0.012404002277412784,0.005345822014624302,-0.25032595269825175,0.021451469537777434,0.009869162677121457,0.005912547545559921,-0.012030290977158797,-0.009212243597424008,0.02309925441131022,0.043442960906810324,0.00889975903054352,-0.0019120591338457338,0.01976876084298751,-0.04452686030856057,-0.025039801194617683,0.02376826590251424,0.01106656091100322,0.013109512203705709,-0.002273556765804874,0.007645589247090578,0.0021582871373260204,-0.008810312171363743,0.02422150854152383,0.0026023577759239913,0.0046751254765082795,0.0067534367552049,-0.03849636407131729,0.0110485199867425,0.008474535072992673,0.10614461251816021,0.002598586045642559,0.001953335997840977,0.004393038263903248,-0.014582836124084286,-0.04191612876745088,0.011809161695022219,0.05129151578611779,-0.003353071114928885,0.004691763598360765,-0.011718668748275762,-0.005208328482694813,0.0025206754410747045,0.007550702881555571,0.0054222778488988155,0.024486605320146904,0.010152056230525064,-0.03772866716364898,0.011123986095017413,0.0027045275156318827,-0.0009959108490508184,0.006496710268247163,0.01787330523389996,-0.0014175072288151735,0.009693188011513199,0.003665727722508283,-0.0020498835301396845
2018-11-06,0.030328086905530904,0.0394451406697478,0.020494321942332583,0.010055574258624356,0.056092835120596485,0.06858973168176319,-5.627510455086249e-05,0.04493474902449379,0.02694412954704717,0.015144500956739027,0.011697655777596294,0.04405798428300489,-0.009158372079952182,0.03506310424981196,0.027332391947452406,0.007610657930116949,0.023695175057097284,0.04461450322646909,0.0369872792944288,0.01116354681044518,0.016283430744014726,0.020347600158430623,0.09514558486298519,0.03128639459732718,0.01553246848887424,0.030277052055302622,0.03615459872379123,0.013497187007017297,0.026666842488551668,0.011725174276381312,0.031110652070681866,0.050010565674497354,0.015290615210591385,0.017153236761908275,0.016803951752511592,0.03607181614732102,0.010634040245347975,0.010604356635492085,0.02693640656811569,0.024144084809517574,0.0393613381602278,0.012131208290537154,0.05359671811345512,0.05312494854442851,0.011211610748532719,0.008248515497839337,0.012934966564471129,0.020507666411693215,0.03231829421225618,0.010471194385354599,-0.006600488404933991,0.018567760038420866,0.020400046337849087,0.01696216721858934,0.01716957785285289,0.03003724349278225,0.06868825848352755,0.033041117575118184,0.020817452625894184,0.01161910392746246,0.024905887461718734,0.02484043106405398,0.042080793585015375,0.04936374688225831,0.0005604384754285263
2018-11-07,-0.0034890383390381308,0.008854714212171544,0.005590109089417483,-0.00566456970733864,-0.02930400115279308,-0.0003303844428476088,-0.013696261539938304,-0.00019367208781018164,0.02495706386454266,0.001242146683224199,0.011563043461721323,0.004441972386972193,-0.0043028353960579135,-0.016500259598708267,-0.007863985170384225,0.012084358793638783,-0.007031941828524735,-0.027461241737720576,0.0022406521853606254,-0.0032712203670557383,-0.02544756405005888,-0.011857138092715047,0.03014185821246773,-0.033959702562419536,-0.0025404448541977986,-0.008277908492018038,-0.0122806859237099,0.0015997229759487919,-0.059894161318896355,-0.008278092251923441,0.005542072982394286,-0.01037233063108356,0.003799422926534568,0.008073266944805368,-0.010320767399217945,0.003463297060956494,-0.004066614700688698,-0.024153721572984233,0.01065573120694352,0.005327615686989251,-0.001875917871336119,0.0024201660540150716,-0.029251913987953237,-0.007418355429618995,-0.006575624172956207,-0.015839887267635633,-0.03648440599309155,0.0033822906997384994,-0.004766422786181446,0.005181404116229027,-0.0816326871954276,-0.002498302497121574,0.006051617832772749,-0.04548896488880516,0.0037150166574047017,-0.025548430412046352,0.032070734009855606,-0.024804185509827326,0.00930604908804078,-0.012251368629021764,-0.008216800748761077,-0.02008317632549661,0.007355269104014628,-0.01968680813492263,0.0001877297259338384
2018-11-08,-0.019281514409420164,0.012082592779500523,-0.006382655744919696,-0.03711368016895811,-0.00801887123471845,-0.024206376188181555,0.0029140841173733723,-0.007846606235084264,-0.0052442419011861086,-0.003856753838287874,-0.012123534950475023,0.07517969037479566,0.012644044140867061,-0.0025763596978156666,-0.01765571641525221,-0.0029849067478704416,-0.0298025314455157,-0.03409691893911182,-0.02701699896389942,-0.02174385293885106,-0.021276533436973,-0.01268174753207496,-0.04302926032050847,-0.010545980022321433,-0.00032489771665777933,-0.009738535703818219,-0.016087506862299428,-0.03885179510017667,0.016313671797233864,-0.016694382139284758,-0.017962951452213716,-0.013814287241319056,0.000275681425571106,-0.009699375571525337,0.010758045701679375,0.019164386908156805,0.0147781720692306,-0.019679362752398455,-0.009732390518568557,-0.008214316702819913,-0.019507783810813417,0.014946191030997591,-0.04545167662137228,0.011958134980837754,0.005985992074026614,-0.006897696498058492,-0.0015535575917380307,0.003569340909509222,0.009806220855873127,-0.03608250019970627,-0.022911317901227024,-0.018384781842699427,-0.004796877678300615,-0.023034150781437224,-0.02035796499990128,-0.008739354635226126,-0.051150844632540715,-0.022757644475439265,-0.0025327462564075365,-0.016279170820292732,0.002644168575423489,-0.010600718943396203,-0.0003616858387049948,0.0016088347595666352,-0.002257061261065396
2018-11-09,-0.050373989531451224,0.01013596471660394,-0.006630809940401994,0.007708856071739989,-0.09510223179735999,-0.04413610380713673,-0.037036860283068185,-0.03241554143896552,-0.06427053440940578,-0.03332969670985353,-0.026998283986319316,0.012853469932831985,-0.01865028583507833,-0.019372749305237136,-0.0206062949353899,0.0014969771741855098,-0.0235705125403346,-0.015049818033097573,-0.01819232392879755,0.009016883942663645,-0.03853770610927665,-0.001657194800447015,-0.023381315787555312,0.011605823060214737,-0.018915939520490865,-0.009693828534585669,-0.025682094136133093,-0.07455659881096399,-0.042566685687083994,-0.008489119885412344,-0.030347147799655305,-0.05362778302917037,0.0019262641969453043,-0.0210259779088815,-0.02899294630394278,0.00882261772919879,-0.0255493305316159,-0.023523868973559403,-0.009009077150418432,-0.0022708140400280463,-0.02464170553827094,0.010930836167987623,-0.030975072668681602,-0.017725241639167555,-0.028628926191283655,-0.019233916385165917,-0.07842643298116303,-0.027464776228844467,-0.0038393080634691046,-0.010695176938778084,-0.03931583771045366,-0.02831845874424954,-0.01843779755122521,0.01138206402255948,-0.019101339088839486,-0.05984508843717673,0.0362535563548958,-0.01301373486940216,-0.05486289846261738,-0.026529575080146528,-0.03059073501746845,-0.026428494612130704,-0.015078448354325147,-0.04264744845246471,-0.013009171858367363
2018-11-12,-0.009991365088651394,-0.016389565056025956,0.0016689913059253492,0.022415738225424642,0.03047818721904072,-0.003470038015299326,0.011183444700370249,-0.034308794936730336,0.005366070596447559,-0.02106274118062257,0.0003601057518245465,-0.06040611614068059,-0.0057979954406574,0.0005644173070749048,0.004661728423783984,0.01943194785619573,0.008877335413712606,0.007679947170372348,-0.03374295228415769,0.0009698202854364624,0.013360611243323994,0.018399309711123246,0.001841662835723401,-0.0060875281457856145,-0.005137934164001545,0.006100154551908377,-0.0013246416704999486,-0.004853143238106816,-0.004436305242472405,0.022260386355615225,0.015862720971443034,-0.001111075991675925,-0.0064552101398678285,0.005874105732354584,0.011634166621184328,-0.00715538304511687,0.0020321072083109293,0.004309465842871285,-0.0046827833326111845,-0.001070911659669549,0.0006550624832375451,0.0009525983795231063,0.0011222139799116349,0.01954888910926167,-0.014087415077205456,-0.009987644774993476,0.05154600218156835,0.005891555474646593,-0.013375764176848715,-0.021621665160441172,-0.00605615501853729,-0.012869292688907685,0.006391258396259758,-0.024919572057801598,0.006847948596684361,0.030974714268973802,0.0003899864006888798,-0.004857716555548008,0.022488583932654294,0.009173957083731699,0.01378316523044587,0.0007336212356767735,-0.01160175093590321,-0.014694871016670552,0.007449881187009844
2018-11-13,-0.0282474975059247,0.0010197762995269866,-0.029571242670221487,-0.008897328984715736,0.06119320847738141,-0.019715929862163195,0.010766941964184928,-0.01253915346404022,0.006093342491389375,-0.01370487592592562,-0.01981268397109981,-0.06591028083570105,-0.02656727320767327,-0.017331073749573545,-0.013085733617731132,0.0029324950749121115,-0.01975912324422535,-0.006827683044314248,-0.08549943426513107,0.01729892003586886,0.001014425372282357,-6.782334548882663e-05,-0.007352934086817808,0.0021201448991836624,-0.0013326264925340725,-0.005217204604288095,0.006307550526283734,-0.012484738968959852,0.0012666998879118374,-0.00047859417400553106,-0.00633054413890366,-0.009534439340905476,-0.0029721671393942994,-0.020622164717485902,-0.006780639710681435,-0.01803687131845111,-0.007686435266107017,0.014490718629432742,-0.011348096530130247,-0.006969434919788631,-0.014181042856207582,-0.010298499638708658,-0.02605299539573569,0.047197593646278735,-0.010670809354812794,-0.03741757359174713,-0.010636871447936014,-0.01353223144235105,-0.01401638273964223,-0.005524856784194343,-0.004062065295528994,-0.0140602673980732,-0.0017813617123246805,0.037922508970081203,-0.0040382647557114515,0.031697948306854684,0.005070227780261449,0.010460224332926815,0.015558041777538723,0.01176484938164668,0.0019678109842913294,0.004398776764265699,-0.015823193539353686,-0.033644505957835524,-0.011186692659000963
2018-11-14,0.02467867190435058,0.020722894261314906,-0.010085529278462069,0.010385599916452604,0.03267661329298299,0.012776650897123432,0.02350503980272811,0.038624354771205294,0.044827580520620414,-0.009137781273055867,0.025358306271010767,-0.10584157203467426,-0.01797315558509016,0.026056494166183386,0.012189606900942396,0.004385989693369785,0.01732258516252827,0.03453242789535893,0.035087943385352816,0.011108376710099233,0.00303942509066224,-0.003532137389144041,0.02592590074316825,0.03620124312139428,0.013901200611396325,-0.01091426156073172,0.01561759055997447,0.006173262255367407,0.007636362264397789,0.015082551915895914,0.021660862882119103,0.030081822594177243,0.0017332871714015319,0.025528817902344292,0.010842799961823246,0.021764944232335992,0.006888609685636871,-0.0025655768261234613,0.011758133610429766,0.010122534838626462,0.022006164637986547,0.013346528475626673,0.011613719499418362,0.03380285227873436,0.006020566807779959,0.0200074355270754,0.026370637920687834,0.03665014871389305,0.006991627018374746,0.022222267845531718,0.026881771286188627,0.01292658245881606,0.012289906674952222,0.04209688058361527,0.009816198685765887,0.021640431917896885,0.009959904535095099,0.04416841638592839,0.012907039788430774,0.01797018317313759,0.018746697696568893,0.0021898019627466514,-7.573760758083914e-05,0.012698968979451442,0.012847010092453814
2018-11-15,0.011075996770476548,0.015420541628340168,0.005419427152848932,-0.00383257757047184,-0.038622612030994374,-0.016073437868940443,-0.04412018658451222,0.019154327296900586,0.0053736149940391,-0.016453531015381828,-0.005376069686145124,0.037516227422331294,-0.0017089603599563796,0.007242280751662777,0.010125624022594648,0.036390054179239906,0.0054179282722421895,0.0041725025194054854,0.010297909656260096,-0.0023738370509963636,-0.009090754173973647,0.007975015776323868,-0.01624551501942384,0.006578881324496022,0.003948427212147498,-0.008311683861868868,-0.0025957038770224594,-0.007951081328909981,0.0062299549226279005,-0.0037736014809719443,0.014965999430989863,0.009539743599227046,0.010311044789939938,-0.0007267066216223306,-0.0007945119923402633,0.014527770170587484,-0.013879443732996433,-0.030031383539870005,0.014665167623689968,0.01630174923551686,0.009414738652498533,0.006753195323258687,-0.013273123560496258,-0.0204359798704562,0.0010652378705047205,0.004110360504777866,-0.18755898191880738,0.010665638458744686,0.0069426273775734515,0.0,0.008846545004300932,0.010771251925461245,0.003083316917218415,-0.0038109901807161783,-0.007607553425007296,0.009414141732556836,0.011526988386478365,0.0033047052449881598,0.016846485069498707,-0.04283479249283195,-0.008061895045617495,-0.0021850172077764185,0.02328827061425298,-0.009359798258427143,0.002272030621971899
2018-11-16,-0.039632416008440696,-0.022396918829407753,-0.0015093711843398028,0.002972739902254995,-0.07502416498104192,-0.05090968010562913,-0.03195448223867181,-0.0626811628469609,-0.03568861471731499,-0.04467919298753387,0.0,-0.09601002666007097,0.0,-0.014935955933387812,-0.007834629751978683,0.021067117682898928,-0.005080699210660011,-0.030624759657501555,-0.0335528916536495,-0.009448618701873301,-0.003058345353917802,-0.035841884042898786,-0.029357771194799986,-0.009691239926237105,-0.020102394426548265,-0.017196481968809185,-0.038239320239788266,-0.019295575138060017,-0.02120862660668088,-0.007812573197878536,-0.01699796738963888,-0.069174982800978,0.011918698744301626,0.007636735581865173,-0.018620432604393278,0.01739434978068899,-0.022075483543970265,-0.057191881526756916,-0.04745033484898331,0.003812584901565108,-0.03389053797136621,0.008980271194722667,-0.05454040069048671,0.09040335051384019,-0.012397530604705276,-0.02809324048621764,-0.11999011022427875,-0.03165933249585573,0.015398475568910941,-0.0326087287502157,-0.017537693055370007,-0.01835933607595841,-0.01752108247308437,-0.02142308641996926,-0.02108184565075688,-0.0023316102628405666,-0.03773130238783062,-0.024374168519148642,-0.0023707949075066903,-0.02224018565956476,-0.01395750029743581,-0.003649639385234882,-0.018663712180313707,-0.024468495373983545,0.007177853265241119
2018-11-19,-0.04777780533759535,-0.015534455879817832,-0.014035909416842185,0.010287730278434104,0.005232782361447308,-0.011128808718927297,-0.013815135562843528,-0.05098121448794002,-0.0061973376375883404,-0.010095303706559755,-0.013333714415053044,0.0034482890161975366,-0.0065058504771652315,0.0008458993718183372,-0.011918020140419538,0.005502470923798741,-0.03234304349000927,-0.029449295085693272,-0.04284727728470217,-0.017499156786840997,-0.056237063916168784,-0.02840708553804827,-0.06994326809588014,-0.04301318727169001,-0.019288357087211216,-0.006469624004776353,0.002949039963504596,-0.03470925956121962,-0.010007840075967667,-0.020520071975889564,-0.01270851186430666,0.0053245956714886855,-0.008663976485091651,-0.021474107133569453,-0.010871009768889328,-0.00941204595948375,-0.002478169367215566,0.006689398760739262,-0.006584153339036725,-0.020563249875026335,-0.02781477336864291,-0.017801090964307265,-0.01337766145096797,-0.021683682778734448,-0.00909897558444217,-0.028139448288847624,0.030269507224597314,-0.02462147761353739,-0.014712282518657083,-0.016853916782002765,0.00036413364784970703,-0.005014825779418364,-0.01447009358360496,-0.077404204383964,-0.031324680212449496,-0.03168001711710511,-0.048026353924399245,-0.058744146832098165,-0.01691797240752324,-0.011373217245451928,-0.020426477843129787,-0.025640964311843817,-0.017102167267213253,-0.008133189034665422,-0.014628445803240853
2018-11-20,-0.001130063594326547,-0.02202291346311036,0.006067077174644497,0.0013810098288922212,-0.02498696330622474,0.014223040580892299,0.015992236736774634,0.010901253705482228,0.010056714591568205,-0.0011961548662693389,-0.00401719843776549,0.008247414706942457,0.0034465200868318835,-0.012269980258333368,0.011664819063352372,-0.0027360272083778447,0.005437424399053592,0.013085755153865675,0.014691761402785053,0.012782145201119643,0.02275193610439552,0.024256630837577786,0.03252029368516429,0.013079649156706896,0.004717641853154708,-0.012283434485825584,0.012596450520801605,0.006585390324355345,0.003289936023237683,0.019975594253831996,-0.007596222718275758,0.013148110937215574,-0.030454394823011488,-0.007468960213051212,-0.006961569437499926,-0.021704956832814593,0.0014633918154784986,0.018047684487247917,0.021901537854899455,0.00013366073026177538,0.013764466032024414,-0.014487855703056884,-0.018166177660616678,0.00521511883378678,0.003373208873802991,0.008863778097162545,-0.02931334802810681,0.006000401988866866,-0.009878179172204238,0.028571401323590928,0.00637315796107818,0.01743316931363581,-0.002301454953651416,0.04152540366083235,0.007634901844165265,0.021185328402563597,0.028334292284083906,0.02439025558267205,-0.026763395900558984,0.014870711845464513,0.0027438024332591127,0.022556322118634675,-0.0036328321655884066,0.003067135140287558,-0.002093608832981375
2018-11-21,-0.025398725166196234,-0.006036073741344294,-0.00877164969970412,-0.0017235226544163318,0.03470366441091022,-0.009672192531983259,-0.0015254277534872962,0.004669325320616924,-0.0004346357234682463,-0.015756983592162266,-0.01100137433363002,0.021813203351056742,-0.012364954607757772,0.014323707214608516,-0.0024780914068275317,-0.026063008397592236,-0.017814319438059112,-0.012513131715784054,-0.022171373522166582,-0.0013107841968829081,-0.020127142429673173,0.00676584924420065,0.02559057409317389,0.01737093204161355,0.008543410125541273,-0.002247899003401388,-0.0127751185166749,-0.018172666259627435,0.005370803897313925,-0.0031047448273945344,-0.010418949240090902,-0.004169893430883809,0.001690265442217953,-0.009197646875040544,0.002625062454303384,0.00570249473479123,0.0037039630858584083,-0.022919846524985465,-0.01297222619891858,-0.0016048595348797656,-0.00038791041599706144,0.006527348195350724,-0.012627298770639395,-0.03242542137004778,-0.0041838906613344,-0.01151917648122025,0.002004212658491822,0.0016454887147905328,0.000927972284839873,-0.04999995364083065,-0.0003619454601750949,-0.006731433899184847,0.02648971698567637,0.010577714796129012,-0.017606320281322696,0.04989489547850212,0.010155997446048115,-0.003501413982481938,-0.03654747725516738,-0.00580589148153321,0.005107660872905928,-0.010294000738471198,0.004106601396602905,0.0008736311366517313,-0.011443586570200281
2018-11-23,0.013523883629543931,0.007123779643966932,0.0070796480541610585,0.022617143885353075,0.03611975197380568,0.052774205345442304,0.02303558387257265,-0.011729613320481724,0.023531541270067402,0.012935464265272145,0.02187630327323342,-0.019346228571115898,0.016693014510364312,-0.0018120051130865455,0.029217455663257175,0.0070421178838495635,0.03206480810957624,0.02027509032394037,0.019435416445748865,0.016435572082875716,0.0518917821838667,0.04256504761591717,0.01727450132992714,0.002076607112852402,0.008021955532336866,0.005256052561894986,0.025085038141146487,0.02771047701726692,0.006335017956225597,0.034259463505327936,0.019553255391683733,0.028004117881366808,0.00028348172907066704,0.02447307229964979,0.004063740138863903,-0.004341442355214609,-0.0003387074194921569,0.03529976525350231,0.022000038270800548,0.01031216976231697,0.03298716298504356,-0.0016916988597912574,0.010084216052591577,-0.012064363555988167,-0.0025881774682967595,0.01935656449066414,0.05551719181394987,-0.009034970624255845,0.004636277786840282,0.011695895017749036,0.008687673150071573,0.03614389306268495,-0.008214546080498764,0.04911430377859283,0.02291303717687798,0.0010005231612142396,-0.005362145005531005,0.0,0.061903481591741416,0.024471937708835156,0.007803954952836145,0.02526001973692682,0.01735340805500729,0.04370593262367928,0.020258348763827483
2018-11-26,-0.0021763319143957016,0.016697368182183148,0.012082380547209448,-0.015870052992634887,0.04830673889641446,5.693110101656629e-05,-0.0001190762858203076,-0.0072779522366231975,0.0022101352355476944,0.005278723091646231,0.006531235639421595,-0.013605429378242606,-0.0029076753094006147,0.013489820214690917,-0.0031779182575260023,0.020979035516727862,-0.004236861580821705,-0.001602934316740967,-0.019746185593755183,-0.01365584975241041,0.011305431826639012,-0.007453581323027203,0.003773581171086837,0.03315677219871849,-0.005843385207823681,0.007469603232474364,-0.0034662432664467335,-0.0035505213802222713,-0.04129289135066905,-0.007412454020156223,0.013066276545092403,-0.012756315329762624,0.01308613018010818,0.004210012324811885,-0.03416576710459751,0.016373073771965174,3.385695172597458e-05,-0.010118955261311013,-0.01984896553061677,0.011930571559555458,0.006293026501914989,0.0054790192224687395,0.019890619467709536,0.01492539148201888,-0.020910048708586704,-0.019182442222275053,0.004442903246117069,-0.016991500984456898,0.016843545782979863,0.017341023733535632,-0.0028709216881814825,0.0011608179068689495,-0.04141269449025198,0.08288564434680801,0.005322812421614698,-0.010744635188837504,-0.0057950372333310796,-0.014054800822130287,-0.00601162087941387,-0.0010859880889122486,-0.009904613377020866,-0.002173933615996604,0.01874809762839469,0.04808843097530646,0.005862185742488313
2018-11-27,0.03845286214142862,0.014370431532380712,-0.0015193603764770414,0.014753652844831322,0.013776766082574055,0.06091358215761211,0.0412157979095602,0.036318446405441795,-0.0025865457311962103,0.04864316544332836,0.024873890753191574,0.06551722822518191,0.005660569010340621,0.026033762821840778,0.02423512996451338,0.035616367508428226,0.03340687987202018,0.04951858404696008,-0.014355017703324036,0.023281426214326828,0.005081225534361744,0.028415002950305412,0.046992479686692956,0.011811959139975015,0.018976459944939572,0.025949100776784473,0.03754708545355556,0.024270649087325458,0.04841222049206184,0.009801651863227345,0.016434524054317112,0.05039647793012603,0.022482713741329707,0.01111912311318708,0.020031378377049602,0.011469273201108798,0.015747118356169265,0.013036894466017968,0.007415748598661898,0.011658255907494253,0.037147568259704666,0.0002811293207254373,0.06008323431044271,0.08556147925850799,0.01075503866004146,0.007111838695772255,0.04124136589625382,0.01580974373733457,0.01883343995824638,0.01136362558800319,0.019434826564660224,0.028422964322515787,0.00040773846910702183,0.029766129448145717,0.00727994149930411,0.07628190063460405,0.011251291497849758,0.010691416611511517,0.011485270415007243,0.032880428392246364,0.021280679105013522,0.004357339799459403,0.036142815727191024,0.01669996002014562,0.021808574583879636
2018-11-28,-0.007682099992383118,0.010906517588794573,0.0008695270543681577,-0.010988956823280494,0.0042174391726503835,-0.0024914277024860043,-0.016006000330504366,-0.002176719136054883,0.00238046083493737,0.02716656248063587,-0.01371786027170896,0.11715213216580556,-0.011427701278147628,-0.016945596702073296,-0.010134021116388503,0.0013227260957195952,-0.010369079858593366,-0.004129564338845815,0.021846449803124335,-0.0024231188494555633,-0.047522749589402946,-0.013420246385701051,-0.02692999833834664,-0.023348047085126056,0.0007689963770509678,0.007226256413500165,0.0025553432835401235,-0.013667475515425132,0.00821227539573588,-0.010630893689785315,-0.023741500270567095,-0.0017819366044213858,-0.0040289276880484115,-0.007932099886703625,-0.003272613946012526,0.012723868282806361,0.008268498127155688,0.01403937853898296,0.024065414196583923,0.008804771338569717,-0.00836920005522046,0.0010170411374110788,0.021581483230987297,-0.040640385265637624,-0.009386511436940692,0.007257640066605342,-0.015946657114545792,-0.006017833629382241,0.013585901749788132,-0.005617972260667625,0.025772458490967987,-0.011192485711567612,-0.01246684821521682,0.011699936642681763,-0.03285141893587451,-0.017132117619800824,0.007908795061157381,0.2559942935573585,-0.019260070246266525,-0.002104296582035925,-0.0033839122628021023,-0.012292113593253884,0.005694645033710755,0.005998385671828199,-0.005703632702836914
2018-11-29,-0.005402415449040188,0.04849255527593388,-0.00043397505023423655,0.020170822603225558,-0.006066312004850305,0.009918938050902604,-0.0009909813041563131,-0.16448518521878042,0.006913322485299744,0.012260684424004742,0.012838534841949523,-0.04692928477410907,-0.01535540644286637,0.021769131955617915,0.011987289312744842,-0.005283817032801785,-0.0016946948056743016,0.041772431174164515,-0.030115076343107394,0.019298119247946444,-0.027600924573170205,0.03273980008407529,-0.0036900333293332643,0.002480843707104441,0.014931253091164942,0.032285800138423415,0.013767815123091776,-0.021349770174978744,0.0030254304402370646,-0.006306978216236714,0.03375264218846574,0.019003031694799333,0.007199208444285121,0.010267047647467331,-0.0012577262754976948,0.014017122513915403,0.0006993903215974928,0.013916861448833417,-0.004699975970863912,0.018354466640017053,0.006352479230653518,0.02591505098997149,-0.00907356295234718,-0.010269566636432303,0.001580047303476828,0.004089484716904401,0.038574286461477314,0.017953690403751832,0.015820507326201882,-0.011299424374029976,0.0025812094972941235,0.016909039361972855,0.005280677548235024,-0.003401373563511778,0.014492770274320055,-0.07043936694608621,0.010506706315831504,-0.015721436703707403,0.027288440954263526,-0.008964123930923495,0.003216345182452507,-0.009517049868058014,-0.0010295216480574743,0.007467240795089536,0.004441301311963075
2018-11-30,0.03494233229818544,-0.006470540438146988,0.017818167285669873,0.023458396444922425,0.11314553679508466,0.04862821032044029,0.03682507011079239,-0.042950404452538615,0.019628558915430583,0.0380665434052645,0.004929476296462232,0.003039467157545106,0.039600516839756406,-0.004584678094511352,0.016027958907313566,-0.03452897359899165,0.005710757073511763,0.02417612493433241,0.03958307952212592,0.009334084262365483,0.02510910908405517,0.04732684374834206,0.0703703903203472,0.04386953272147709,-0.017956337239464548,-0.015012572557751347,0.006047134666405274,0.0049295928669077504,-0.007285598608470112,0.02186189592120691,0.01662944307721248,0.03401965261456552,-0.00469722198881839,0.00944340427196333,-0.0010494557637510393,-0.001011475639303816,-0.012116018637866821,0.003413769588872295,0.02388948407118252,-0.0015124427770046855,0.010821507079243231,0.0042924907473580465,0.01457378828570799,-0.016861233955604793,0.006118343295352879,0.013964270260246048,0.04044503913346964,0.021944462397615938,-0.005191351994326854,-0.028571401323590928,0.01510472426301912,0.046383151707665604,0.014445198047781327,0.017747456358495173,0.014732035672706312,0.024916547986108428,-0.006054247741046237,0.047917861932989414,0.022854306277042546,0.030327092762859387,0.010509553528222026,0.014782077743521693,0.017663874133956536,0.021350742594709926,-0.0007372582669123995
2018-12-03,-0.04398868803704903,-0.03320545134690056,-0.026259559182674752,-0.02963308068509307,-0.10923653923442833,-0.05865623540184539,-0.045142432984811576,-0.03041871234215654,-0.04143422588346923,-0.048505373897335446,-0.054309512549748695,-0.0672727064652876,-0.02174267535777219,-0.028477652504749096,-0.06006393652573139,-0.01513018493515983,-0.044506041561644505,-0.06930524269913785,-0.029867995076745313,-0.04000768263274879,-0.035143671356666295,-0.06547069842501008,-0.02076130761943673,-0.04094830740079203,-0.04620842680118109,-0.018487277817075265,-0.04827289195936446,-0.038198819237962534,-0.04819314450969636,-0.02116402931049799,-0.047476480952615474,-0.05485216726198816,-0.0012310147253679071,-0.044636664879875054,-0.026330709708777045,-0.01687492509550037,-0.03389564357421493,-0.022397023569079355,-0.042865454123626856,-0.012749416911141287,-0.03184945162943553,-0.001753618062266038,-0.0515673339714815,-0.0659630613499449,-0.04447937851044459,-0.020466924938695175,-0.07604074051450505,-0.021673571896061117,-0.018482347083204842,-0.00588234716633218,-0.023841850135964848,-0.02563968524160065,-0.022087225577079872,-0.04225352923462744,-0.05389366635208914,-0.03408522702610606,-0.04012198774761688,-0.0876429252476153,0.00337530335871139,-0.03330773609983617,-0.0401900992734614,-0.03787329625635971,-0.02717135050692243,-0.03639318409330894,-0.045354029662240336
2018-12-04,-0.011149542728201567,-0.0024294173947028153,-0.0017543384996342448,-0.01822199155366855,0.008522651073610499,0.0184548674019982,-0.019393853616111012,0.01083281687156612,-0.020686132492762632,-0.030948910410556585,-0.020864270078280955,0.014944739253116346,0.010854567966067874,0.012301307859687416,-0.013288235179588548,-0.008379934079069784,-0.03533526842389911,-0.007346090797715421,-0.02326671671692071,-0.027874668938969616,-0.017660106730658542,0.018471159958860506,0.03710248123822657,-0.017752829562412198,-0.012472442606912604,0.009202163328111412,0.014692017451096717,-0.001193509245337565,-0.0035852402982865517,-0.03619284613887397,0.012984000326751177,0.0005203905205282133,-0.000821666680946187,-0.019024527924706103,0.00510680985696732,-0.0058356199105304984,-0.0013254279065697538,0.012325123979860741,-0.019996960160792443,0.0020458126768627682,0.006174072840368083,0.0026895440868146547,0.02742160806394245,0.040960447030799596,0.028698408465640535,0.01015428581660327,0.007510730139172805,-0.04246157749024304,-0.0035446383632928846,-0.04142014797751925,7.962368564484734e-08,0.023846588291994486,0.004798503797549092,0.02310923878689697,-0.009532738338364988,0.04774260791069618,-0.01889912037532826,0.004773265072407051,0.009341156591416766,-0.015491105857214027,-0.02644651242228835,-0.027251962304215116,-0.006102683467118064,0.009441960342411626,-0.013325377401216199
2018-12-06,-0.03565711209311828,-0.037307567215958404,-0.02350068540896655,-0.024574505616579922,-0.08638498678377493,-0.041231479123390424,-0.040998054866717926,-0.028392497687555474,0.005808967037584711,-0.026152354842720604,-0.032344069311215806,0.016005121756186957,0.013635531540892032,-0.030517296749854705,-0.01781474875678335,-0.023943724188060345,-0.028471792231702153,-0.03754789554422122,-0.012752704125533754,-0.025932900876836862,-0.01910113554171755,-0.04618216003245579,-0.032367983121751376,-0.025623403233669406,-0.021284048986349613,-0.029063785859735902,-0.029218586266582358,-0.024010022393270103,-0.021686446175395502,-0.0039014339767342587,-0.044035455184666006,-0.052784669498136316,-0.003289945403915029,-0.018062699655993164,-0.002504759312271676,-0.019509759738256194,-0.003317870500173292,-0.015827672345991917,-0.029811618360049974,-0.021053919950517308,-0.04002185587844542,0.0010952913461992342,-0.06271210976910013,-0.05156039624715558,0.0020622441361133337,-0.03614893176755363,-0.06747135672591009,-0.014567476163497739,-0.02356573182385502,-0.03086416800562486,-0.019611312231678113,-0.023212611152118368,-0.016467803946630166,-0.04449005022619579,-0.026525497215983518,-0.05819718243331007,-0.022216024641348198,-0.046912167955410644,-0.014019689883274622,-0.009224464870319693,-0.03376708677219886,-0.021789926235303403,-0.027704663887920145,-0.0412003444760185,-0.01624590648210289
2018-12-07,0.00658787804889438,0.007474767381297598,0.0029239539096557188,-0.020436943042424938,0.027235391139786902,0.007304527462037358,0.011784933608864234,0.031370899842362965,0.04677076603488839,0.009683810155305839,-0.026346630694901396,0.08191557656643722,0.002858782251379699,0.008556156224788891,0.00040673042590055886,-0.008658056941213133,-0.0219366060262286,-0.0012949172619103333,0.007311714452406859,-0.016666820922360936,-0.04009154700275608,-0.0015613525730723277,0.0,0.014557382711046785,0.02879688063312913,-0.009684500235844773,0.006306225389161257,-0.004675049680692989,0.005390549239038034,-0.010770930029203374,0.02097746445282289,0.013057003675217782,-0.00116866456110587,-0.01868507049165391,0.02905319950542018,0.004490171011661825,0.04555017153863283,0.03223694981766112,-0.009546925871529166,0.009123930017365334,0.026425927375578695,-0.0013672419994387175,0.01719843763443296,0.005722523605145469,0.04927365606603629,-0.019654996343558384,0.028792476931988942,0.014565168726358602,0.010929107149451944,-0.04458601918054628,0.022325668504703078,0.012767293840507898,-0.00033467485574956157,0.012894004633518197,-0.008922348559769588,0.018406541819836253,-0.017112394223915195,-0.010591846149567985,0.020057450635827756,-0.0024641040319469676,-0.0003908028946190134,-0.015115430868049673,-0.009844777896713786,0.009116729598868778,-0.029049104144669435
2018-12-10,-0.005719267473092815,0.006391773473072737,-0.0008972346151884247,-0.012050498277370592,-0.0005002615806071198,0.0013467657815862122,0.0003715695190087409,0.007916662428114174,0.03172422327687041,-0.013237395449674172,-0.007270087109771617,-0.08852652597609978,-0.01961787019766692,0.0010956865165308027,-0.019325367893502032,0.017467238987762812,-0.01489390996205231,-0.0012157940816500679,0.0004838726066473953,-0.013867484507328776,-0.005966628306544153,-0.00020397818787076805,0.003521123508970936,-0.01758848270390978,0.00040644709327675166,0.003408045334726273,0.008042241213332746,-0.011352012331514838,0.0052614326545195045,-0.0037122157823539226,0.0036010136242135005,0.019975501266888962,0.008536161687190846,-0.009767047113782179,0.010665637013003604,0.0035935877477719647,-0.020944876114641797,0.0016214404822603168,-0.006023997890901467,-0.004003688284036966,0.00929486363869425,0.002026188650705363,-0.01624025719292166,0.007112334623823324,-0.008252097289448979,-0.02004926118751904,-0.02416699376542797,-0.00449922386426449,-0.008784069831639596,0.0,0.001921642521740985,-0.004952544959280658,-0.004020086493024877,-0.001414459496326459,0.003649604625308278,0.005680382734402301,-0.0323334123332959,0.006926930471317538,0.004409180127082246,0.0074114932684814505,-0.017577806839452093,-0.011308535159766375,0.0025888289633109185,-0.0031649387479644187,-0.02131164362855542
2018-12-11,0.0027871622506592253,0.004877014595887852,0.014365886606856115,0.01092311626141651,0.025025025598375716,0.01235363498916997,0.023224232956307933,0.01681137144596323,0.03297662700727,0.014470699897480177,-0.002440893680012435,-0.01341853311602148,0.01983919155514058,0.008818214238374145,0.01143475751042633,0.032904369645595954,-0.00426907723441472,0.017283451678414163,0.014510482350282627,0.011681534156411821,0.08403367781222104,0.0077550669932526795,0.017543927160695638,0.02709064053034438,-0.006094966198077589,0.006201791025127079,0.011378583196189451,-0.000565427763412063,0.010119230660901923,0.02707387440653375,0.009497771778808728,0.01489979943669284,0.00409572723568119,0.006475886062804692,0.01407131944582507,-0.001397250411321771,0.0011979757239746203,0.017032633812877007,-0.06333338486094875,0.011671264956419458,0.004512435879208798,-0.009126589112101846,0.036032010273745474,0.0649717575005544,0.007873033495567228,-0.00668046183725135,0.004791179131989676,0.018510335008849577,0.0034083741272232793,-0.026666641235351562,0.0064517060055702125,0.005961905071863338,0.006138383128178715,0.020538241090895415,0.015273071965311358,-0.004878111365456905,-0.009071509797203836,-0.0018761559349974588,-0.00043622097525497505,0.018528509077925026,0.01411515191480106,0.03267987937339423,0.012798627984601962,0.012815339580073637,-0.00041841717673640755
2018-12-12,0.010940125442262971,-0.010045216370776378,-0.005753127842809791,-0.016027164114273518,-0.03027338602259877,-0.0031018578309504052,-0.0068396680269599,-0.005014266729791772,0.013020568088787376,-0.00373438051727204,-0.004894381329213049,-0.06735751231330078,-0.009223536941768695,-0.00765621281199147,-0.007178182045865289,0.015235265162128586,-0.003751162134789987,0.0042272681901396325,-0.007389884872009422,-0.01103180479329069,-0.01771877752812323,0.0011470623765836852,-0.00689654492027858,0.0389908445512559,-0.0012269556631215872,-0.0032559233190584402,-0.0001769565465647993,-0.0044139964967989664,-0.0145577395253218,-0.0007250730368750791,0.009617295080387223,-0.006555067959658434,0.005030415565782542,0.0009900867919490075,0.009658521597113667,0.0045476748439301495,-0.0009230125493877583,0.003529293444221926,0.0,0.012818916537840508,0.00339182603641186,0.00490838819446382,0.004147206398388503,0.027851464086130262,-0.008366820640577477,-0.011769510758986246,-6.749530229466227e-05,-0.0019020986623571323,0.009284309475537045,-0.006849308357518069,0.006410033194083287,0.0014552241384144793,-0.00342643492717587,-0.010409411528010004,-0.010745195685849418,-0.005933940975135443,-0.007018939795174872,-0.03383458399513406,0.027795937737711274,-0.0013372915664127127,-0.020003789689311158,-0.007120320127796842,0.005579200278520435,-0.01157024117758021,-0.014872407815374022
2018-12-13,-0.03199755246949887,-0.02394236638731695,-0.0071224006946774,0.0021962850927286226,0.0020140486882895825,-0.04008130390245668,-0.018648156757089418,0.027104406739222542,-0.013433826342599708,-0.020647104528469518,0.0032792178242937453,-0.019444426415878624,-0.004231502703954337,-0.017461193851719736,-0.012833577665543605,-0.004092792402570322,-0.013448104516531889,0.006910342784792078,0.010086443168328074,-0.004685035673348215,-0.007891581013095283,0.004720519008189816,-0.013888957875743513,-0.036644588860258565,-0.011928898864186022,-0.026429085993705415,-0.02033454432682591,-0.017906065662552817,-0.006960988437864746,-0.010164585578162355,-0.008904363706390361,-0.039902425964266075,-0.10037877316650257,-0.008208452062999583,0.00020185687072982184,-0.025509375004113655,-0.015501687807664699,-0.006551228145825538,0.0006470926602835103,-0.02523599948505373,-0.03124723950298025,-0.0052689287052497535,-0.03325843386094651,-0.006451637514175879,-0.019189790198995138,-0.0008508554387328671,-0.016387738305181254,-0.013338802388687121,-0.017276084448080598,-0.05517244157552914,-0.008090983741943947,0.007027637734321246,-0.0037737526849122016,-0.08695650429280499,-0.005793242662644471,-0.00519068140613721,-0.02412400865176645,-0.0090791402483833,-0.029406295404663663,-0.021431067692006533,-0.010005920786306355,-0.01434266527934358,-0.026198703504249132,-0.01937493164472448,-0.010418453006428963
2018-12-14,-0.009305934714990083,-0.007943294949465551,-0.027572349371215776,-0.015887770536630486,-0.05376882991635179,-0.04460045543160707,-0.0026702532482744123,-0.07359770298680512,-0.002746825232661343,-0.008219679641082278,-0.00040900349941719316,-0.09702548843220737,-0.015978397719852766,-0.004609701941579725,-0.010593713720690734,-0.06027373523493085,-0.013994869997777548,-0.01814299675551445,-0.016405224466583546,-0.017857375134747944,-0.0227273034499752,-0.019663847472154772,-0.026408384342178404,-0.03666357691335387,-0.03266850116747955,-0.006862840931933678,-0.02477864390477602,-0.027551224609757674,-0.004740093487748842,-0.0048900851442585935,-0.016297605648399216,-0.020455049552982052,-0.029022474175506074,-0.012762761569976355,-0.017242592079200647,-0.0318948426732375,-0.02944037587462489,-0.026863542359769066,-0.02812810760433182,-0.016343906521771867,-0.02961391280969239,-0.030842888382884293,-0.015140133727411964,-0.08701293714976466,-0.02082154791837787,-0.02958726498051245,-0.01959717508896719,-0.018669489949366458,-0.015753253842919923,-0.0437956655328442,-0.010759964836881242,-0.014875347059727262,-0.029377179445570722,0.006912380625909265,-0.011895837668058573,-0.024002137743108554,0.007872704864583469,-0.047774839986491235,-0.04727787408573181,-0.008485921868842117,-0.013543557506077386,-0.00970098148789933,-0.026224553403529027,-0.022874276405350114,0.001503748571798802
2018-12-17,0.012992450244254439,-0.015895393268088198,-0.012447802648727468,0.046947145269891744,0.035581523048783925,0.020099752835132323,0.012328650017680243,0.03392503186195017,-0.007197469244391463,0.0377377516403139,0.0,-0.05882352941176472,-0.019001375270341958,-0.05860749200192872,0.01348344017760117,0.01895017815763267,-0.005898982790278673,-0.0016066825372432758,0.009427221041448774,-0.000836745128367955,0.010464935844250567,0.02156364490485929,-0.05063294741141677,0.02830634159832912,-0.003915751331042605,-0.004299660437824704,0.017315720559847536,0.02077290683468358,-0.0013681553510642708,0.0022113162651291596,0.01401874658183555,0.0012662498982087822,0.00991193679334601,-0.00474667427028197,-0.020286331334665064,-0.017164829510223134,0.0008596529665056973,0.024751984322872955,0.008981791003167983,-0.011963381810632279,0.010496370795778365,0.001992294094026237,0.03097409264677209,0.005689894830617437,-0.0011662719129055255,0.0010968495100531772,0.023401499793862968,0.0026241246437785914,-0.016469628551684767,-0.09923664191602644,0.013684125962343918,-0.01731027391426332,0.004075981283674368,-0.05415713628835617,-0.006142628020502028,-0.017909600953704863,-0.016247377202091018,-0.013058455777794853,-0.03269048317800338,0.01490923890381124,0.002868497035704909,0.0032653716434736246,-0.019761946015713905,-0.01648917086933044,-0.0019307305364349991
2018-12-18,-0.031192035486650727,-0.0007176562805453202,-0.010270981480978714,-0.030485320114808978,-0.06871795654296875,-0.03635238334743507,-0.05351188743955826,-0.02907387520305349,-0.02315067807100102,-0.025940550173445986,-0.011851092648727746,-0.07083336512247718,-0.0038742192052926283,-0.006988965423558091,-0.0291119925248855,-0.04721035381928662,-0.02058205752364306,-0.015611229552670136,0.003831121522348324,-0.003426035371274061,-0.0368238810680539,-0.021108469366945437,-0.011428560529436416,-0.02266943216779016,-0.023462579173063047,-0.0098704663493413,-0.007619169930926373,-0.013119649850711124,-0.04231564241363994,-0.011032328356198606,-0.045454680504015466,-0.021643559104003285,-0.021546006757016012,-0.012685604981520937,-0.03140988066003125,0.024506827253424346,-0.01971614475877914,-0.07253237509572774,-0.024727826934537123,-0.007533760040447812,-0.002692991148400048,-0.008408938746058414,-0.015390854765193196,-0.03394628601528371,-0.013971974786543662,-0.004601226334739139,-0.05737038129088401,0.013085911648779813,-0.010141574251266938,0.0,-0.01886479730164714,-0.022493196230487733,-0.017101196860696888,-0.03709677841115089,-0.01804695557446534,-0.01660317317593052,-0.015722043631597016,-0.03690806028151594,-0.012046381459097089,-0.014417994205719764,-0.0355537534854673,-0.005695673750336305,-0.010515360147864139,-0.029186741892198276,-0.018271630084024215
2018-12-19,-0.025234533320474206,0.02215047285034899,-0.027594682245621005,-0.002193707159510949,-0.012114499735848994,-0.022908494210543306,-0.0077985618236636745,-0.039355405888047756,-0.008200326643380773,-0.02034104367226386,-0.0028946928343991374,-0.08340801644117468,-0.04101097586835889,-0.0012300244837119,-0.001397096138328835,-0.03003012654219006,-0.01041275981175227,-0.006376152114124234,-0.026001376631864637,-0.005959347990808772,-0.037036970042258144,-0.009857310231901284,-0.03660887381997735,0.0028402114055565697,-0.027549292960442506,0.001557559153721133,-0.011473227044389689,-0.004962872330098622,-0.01870207172712801,0.01586536248877013,-0.0006581138453302104,-0.025512816160244478,0.005172112924721528,-0.008633811848451578,-0.028311288764135245,0.0016496546988176153,-0.031646641163626366,0.0012005965817738495,-0.026706876811842584,-0.0037957454773317467,-0.021024123131800576,0.00223461630843258,-0.023203489153165613,-0.04538798627267493,-0.03840536795285732,-0.008804727601749773,-0.024619212874804508,-0.004520899694795744,-0.0004769146600533958,-0.14406776664517873,-0.005644630974930509,-0.012392478602193058,-0.03673083316158621,-0.12227806444362566,-0.0025175671387606124,-0.026847528149096855,-0.030493622620868965,-0.026753426435300542,-0.052827576903363926,-0.009660766492817774,-0.030931890804547946,-0.0122748704517327,-0.03144089605086342,0.016639350363754746,0.00810137241948472
2018-12-20,-0.03889571361470323,-0.005271133551260743,-0.010429071545790758,-0.01593983070241467,-0.05629878477229888,-0.0570771264386426,-0.027704779225271703,-0.037850719130142596,0.012485071647508228,-0.027152237023494008,-0.030692556396329174,-0.013698663372291198,-0.016589815851764,-0.04012582016060229,-0.0067530611490040915,0.0015481883251391437,-0.038836659640209326,-0.012176098171907346,0.004898091062613297,-0.014526026134269454,-0.023573228126919088,-0.011407355693280996,-0.05200004577636719,-0.04295491481484581,-0.026647420746915396,-0.026127581693709545,-0.03158528548639139,-0.04964061524765628,-0.030558219063393843,-0.010248990588292095,-0.015371423176463561,-0.030138264774295487,-0.0014033313670146486,-0.023639418596402284,-0.044076224735725145,0.0011895490312556767,-0.032945335111992935,-0.06334308152652834,-0.007989119163020031,-0.008028387687223248,-0.032312191800938805,-0.004573618766819387,-0.05445546837309634,-0.06901837585606718,-0.03439796789835936,-0.006218329857108573,-0.04093243873915864,-0.04844282148584089,-0.00047633668626212433,0.009900980750178201,-0.02696488577599976,-0.03264765301412309,-0.031381466102480826,0.04007634490834344,-0.012115056917620937,-0.01990900927125505,-0.009152733563549842,-0.05497769457807811,0.013919750202525005,-0.004737772476607005,-0.005028598581125143,-0.016570129904583397,-0.016911315759075563,-0.029758232863874134,-0.01998281393900536
2018-12-21,-0.02587417259970126,-0.008949693923944735,-0.028921859464771216,-0.02904496528373146,-0.016538728978044204,-0.024313035987901577,-0.02317273337428727,0.0006171076167180711,-0.04536336652195094,-0.034115764374331836,-0.027385760956570526,-0.017857173267676107,-0.024179899515139547,-0.007483984525434861,-0.020018488996927375,0.0,-0.019506419367709804,-0.025984962459673078,-0.02242255390219927,-0.021291514465658357,0.005082558336227061,-0.03923364350779812,-0.021097027312509398,-0.032305735714946215,-0.015150228125149434,-0.03321630360391026,-0.006638052684741491,-0.02311806050958143,-0.014090030991874003,-0.004684344649127592,-0.027876667547761524,-0.02495408200129401,-0.040986839539622566,-0.02155675308106464,-0.010496665787425696,-0.024401422047259813,-0.04416289310600019,-0.007122924744395798,-0.03186279037282369,-0.02400538464188462,-0.041738936397561655,-0.03463310909045747,-0.05077314232649621,-0.02471171188227106,-0.038301180035765436,-0.013407509279024232,-0.019217403102823605,-0.029772853361476836,-0.032912377694186645,0.0,-0.02187757366516785,-0.011491449017076327,-0.03880193388699027,-0.03486230954729519,-0.022738819011215994,-0.030470088942447626,-0.012092716742285181,-0.04245282629849845,-0.07624231754928879,-0.011761420119825394,-0.029663991765873643,-0.005054808203553196,-0.02265678365356749,-0.02932905008236819,-0.033687862247069766
2018-12-24,0.07042169084610572,0.05798453998631148,0.026501980042593187,0.03604965183231301,0.07507507679512737,0.09445222040160872,0.05454788017461931,0.02436018834699971,0.06133429349428465,0.06720822274087102,0.06071284680830513,0.0888889038736711,0.027660276235471626,0.05985642164357041,0.05379075429626767,0.018547244333271484,0.04425469495079404,0.06678073749315572,0.06207920425867286,0.04446555582912248,0.031605507356008866,0.04287384175704978,0.0754310160999343,0.07008154644165265,0.026718677933463608,0.04426861945085503,0.06416381585988629,0.04208498337048927,0.03801615164897987,0.021302995104534483,0.05964666557388121,0.0622916056380014,0.03150422640381079,0.04145849933568546,0.007622247171889196,0.040655848126007754,0.026099031162718056,0.0815733481077654,0.06003618430104041,0.04005635770803728,0.06830981268569514,0.013445855513729121,0.08461604456286587,0.07432433303208819,0.028334089430235965,0.05118888335669913,0.047371584828893365,0.04450700403622432,0.04044433188167651,0.28431369340772616,0.043056608094683035,0.06649250170692489,0.03870259274914867,0.06083644123571519,0.06039222431223901,0.05627060989827748,0.04233218170486963,0.05090310919742902,0.10393032040182759,0.04165504950936727,0.025135948710972578,0.033022966507177065,0.044689555819840576,0.06536760210913006,0.04564202855452715
2018-12-26,-0.006489836564982587,0.009771185899640988,0.007130598484111239,0.011660358711877095,-0.022905019896630185,-0.006295430662189294,0.009613059146415637,0.03853096725653238,0.010921254269361746,0.0102253897598239,0.010783804919161755,0.016697616849213892,-0.003925050979075695,-0.0025748203782599566,0.01723401774020661,-0.06221563150444298,0.006415360708857287,0.015309243017267882,0.0150234921885406,0.011520424031578713,-0.042892123974032415,0.02408012015125527,-0.018036007991752867,0.007382651731417278,0.019385708149111114,-0.004429118882321226,0.004819261364708449,0.015221359790912548,0.02073385249523141,-0.012854759379183345,0.003680341180064106,0.014546120052036704,0.0055245984784695334,0.01125494579599029,0.026592722759062104,0.016202899607125953,0.032469819398385225,0.0025339395350154614,0.008529428040328302,0.018648844412276322,0.006165567633626745,0.010684250340659007,0.007489991814800145,0.01100624109351056,0.029788335528914578,0.01896169234805245,-0.014500409619356724,0.008521954529200793,0.015643367556029686,-0.007633580839735754,0.0023234669347813597,0.004128918114695734,-0.002358057359227561,-0.022401433998045506,0.012327450818101715,-0.0087843968616792,0.006035164550191929,0.014062449126505117,-0.030543696163891743,0.0005438411059319748,0.013916695475121754,-0.007377119289108891,0.010766578763983459,0.003274831878952389,-0.001315815799670994
2018-12-27,0.000512489066402777,0.01345807158238399,-0.004394684270797922,0.0003657584089509225,0.01886792041306906,0.011206593086295902,0.004533291097217562,-0.020724642103996826,0.010922918060732867,-0.002396533859408856,0.0008204869347925303,-0.011861324269018647,-0.005442088099507969,-0.0030230448604557925,0.0011086457777274017,0.04207135503272319,0.0011590799857090772,-0.008368192581455935,-0.020120023807980503,-0.006939269727334718,0.030729907833954684,-0.0046586290436186895,-0.01428574904060853,0.0021276632201221446,0.0012896619561411082,-0.01684150628229486,-0.0059075310189397046,-0.014388781321762578,0.0031983246355096195,0.00909093509048886,0.008412558411913018,0.005333869588436624,-0.001098790370598124,-0.002164061872175771,-0.0034944698458966306,0.011604398325608223,0.005658417222582424,-0.009812675011986571,-0.025033590738801514,-0.00013320022602225645,-0.007807893336469585,0.0032528638123114906,0.0019955627294347966,0.006220834046796853,0.011186632692109066,-0.01408458006259694,0.018906668870152243,-0.0033352601747264066,0.002567190783927087,0.01538469297646361,0.012836475615439102,-0.0059486776425651255,-0.003971608207922417,-0.028414250254633622,0.0,-0.0031446715777895262,-0.013132393005074183,0.009245057277769586,0.05611616189772173,0.009787953414380768,-0.0054467461057217115,0.023947242134620073,0.0010976773716091515,-0.005850815894627215,0.005491084105038402
2018-12-28,0.009665268890667544,0.011742564191977056,0.00465940620598726,0.01810536169125121,0.03591466894549522,0.016204139597652434,0.003417609663973087,0.005623756920737133,0.0027208290067954888,0.01934390255354601,0.010250241391833503,-0.07848572368030582,0.008301628528912364,0.025211313338247,0.01182278712042395,-0.01708099317418077,0.004437428155936285,0.011623367394795636,0.026905467735589328,0.015039060175657593,0.012422311018159604,0.026775620509803755,-0.02070391432963803,0.001651325686060634,0.012168123513598195,0.010827069988464944,-0.0016431749774098448,0.02465798328773472,0.01137266636601253,0.0009738979754543298,0.0038503427430804926,0.016383703885191503,0.013985922154489794,0.008158701190061457,0.026452340077891323,0.013309998872407913,0.0022199160552383024,-0.015840697788262026,0.013532200255414129,0.013798580667729432,0.01175422218795763,0.006368833184285494,0.04522028096747155,-0.01545593630221842,0.010939117534378262,0.01731616255100743,-0.0011221955455421595,0.007362336031861982,0.01606127861611295,-0.06060609070941536,0.0017599304960727036,0.03000390507275652,0.010822324923113413,0.02735848598269741,0.011446538678573148,0.006595914805894054,0.009692968291742377,0.003816735542334193,-0.0032048222381534375,-0.0061930741347545615,0.007448402664037346,-0.0016129860363490733,0.011695860564556959,0.02657668562498605,0.006552685844871009
2018-12-31,,,,,,,,,,,,,,,,,,,,,,,,,,,,,,,,,,,,,,,,,,,,,,,,,,,,,,,,,,,,,,,,,
